enroll,test,noise,snr_db,alpha,theta_pass,kind,rate
libri1,libri1,white,-5.0,0.0,0.2,tpr,1.0
libri1,libri1,white,-5.0,0.0,0.25,tpr,1.0
libri1,libri1,white,-5.0,0.0,0.3,tpr,1.0
libri1,libri1,white,-5.0,0.0,0.35,tpr,1.0
libri1,libri1,white,-5.0,0.0,0.4,tpr,0.9697
libri1,libri1,white,-5.0,0.0,0.45,tpr,0.9697
libri1,libri1,white,-5.0,0.0,0.5,tpr,0.9697
libri1,libri1,white,-5.0,0.0,0.55,tpr,0.8701
libri1,libri1,white,-5.0,0.1,0.2,tpr,1.0
libri1,libri1,white,-5.0,0.1,0.25,tpr,1.0
libri1,libri1,white,-5.0,0.1,0.3,tpr,1.0
libri1,libri1,white,-5.0,0.1,0.35,tpr,1.0
libri1,libri1,white,-5.0,0.1,0.4,tpr,0.9697
libri1,libri1,white,-5.0,0.1,0.45,tpr,0.9697
libri1,libri1,white,-5.0,0.1,0.5,tpr,0.8701
libri1,libri1,white,-5.0,0.1,0.55,tpr,0.8398
libri1,libri1,white,-5.0,0.2,0.2,tpr,1.0
libri1,libri1,white,-5.0,0.2,0.25,tpr,1.0
libri1,libri1,white,-5.0,0.2,0.3,tpr,1.0
libri1,libri1,white,-5.0,0.2,0.35,tpr,0.9697
libri1,libri1,white,-5.0,0.2,0.4,tpr,0.9697
libri1,libri1,white,-5.0,0.2,0.45,tpr,0.8701
libri1,libri1,white,-5.0,0.2,0.5,tpr,0.8398
libri1,libri1,white,-5.0,0.2,0.55,tpr,0.6926
libri1,libri1,white,-5.0,0.3,0.2,tpr,1.0
libri1,libri1,white,-5.0,0.3,0.25,tpr,1.0
libri1,libri1,white,-5.0,0.3,0.3,tpr,1.0
libri1,libri1,white,-5.0,0.3,0.35,tpr,0.9697
libri1,libri1,white,-5.0,0.3,0.4,tpr,0.9697
libri1,libri1,white,-5.0,0.3,0.45,tpr,0.7706
libri1,libri1,white,-5.0,0.3,0.5,tpr,0.6926
libri1,libri1,white,-5.0,0.3,0.55,tpr,0.6926
libri1,libri1,white,-5.0,0.4,0.2,tpr,1.0
libri1,libri1,white,-5.0,0.4,0.25,tpr,1.0
libri1,libri1,white,-5.0,0.4,0.3,tpr,0.9697
libri1,libri1,white,-5.0,0.4,0.35,tpr,0.9697
libri1,libri1,white,-5.0,0.4,0.4,tpr,0.7706
libri1,libri1,white,-5.0,0.4,0.45,tpr,0.6926
libri1,libri1,white,-5.0,0.4,0.5,tpr,0.5887
libri1,libri1,white,-5.0,0.4,0.55,tpr,0.5541
libri1,libri1,white,-5.0,0.5,0.2,tpr,1.0
libri1,libri1,white,-5.0,0.5,0.25,tpr,1.0
libri1,libri1,white,-5.0,0.5,0.3,tpr,0.9394
libri1,libri1,white,-5.0,0.5,0.35,tpr,0.7619
libri1,libri1,white,-5.0,0.5,0.4,tpr,0.658
libri1,libri1,white,-5.0,0.5,0.45,tpr,0.5887
libri1,libri1,white,-5.0,0.5,0.5,tpr,0.5195
libri1,libri1,white,-5.0,0.5,0.55,tpr,0.1472
libri1,libri1,white,-5.0,0.6,0.2,tpr,1.0
libri1,libri1,white,-5.0,0.6,0.25,tpr,0.9394
libri1,libri1,white,-5.0,0.6,0.3,tpr,0.8312
libri1,libri1,white,-5.0,0.6,0.35,tpr,0.5887
libri1,libri1,white,-5.0,0.6,0.4,tpr,0.5887
libri1,libri1,white,-5.0,0.6,0.45,tpr,0.1818
libri1,libri1,white,-5.0,0.6,0.5,tpr,0.1472
libri1,libri1,white,-5.0,0.6,0.55,tpr,0.0
libri1,libri1,white,-5.0,0.7,0.2,tpr,0.9351
libri1,libri1,white,-5.0,0.7,0.25,tpr,0.7965
libri1,libri1,white,-5.0,0.7,0.3,tpr,0.5887
libri1,libri1,white,-5.0,0.7,0.35,tpr,0.2165
libri1,libri1,white,-5.0,0.7,0.4,tpr,0.1818
libri1,libri1,white,-5.0,0.7,0.45,tpr,0.0736
libri1,libri1,white,-5.0,0.7,0.5,tpr,0.0
libri1,libri1,white,-5.0,0.7,0.55,tpr,0.0
libri1,libri1,white,-5.0,0.8,0.2,tpr,0.7619
libri1,libri1,white,-5.0,0.8,0.25,tpr,0.2857
libri1,libri1,white,-5.0,0.8,0.3,tpr,0.2165
libri1,libri1,white,-5.0,0.8,0.35,tpr,0.1818
libri1,libri1,white,-5.0,0.8,0.4,tpr,0.0
libri1,libri1,white,-5.0,0.8,0.45,tpr,0.0
libri1,libri1,white,-5.0,0.8,0.5,tpr,0.0
libri1,libri1,white,-5.0,0.8,0.55,tpr,0.0
libri1,libri1,white,-5.0,0.9,0.2,tpr,0.3247
libri1,libri1,white,-5.0,0.9,0.25,tpr,0.2165
libri1,libri1,white,-5.0,0.9,0.3,tpr,0.1082
libri1,libri1,white,-5.0,0.9,0.35,tpr,0.0
libri1,libri1,white,-5.0,0.9,0.4,tpr,0.0
libri1,libri1,white,-5.0,0.9,0.45,tpr,0.0
libri1,libri1,white,-5.0,0.9,0.5,tpr,0.0
libri1,libri1,white,-5.0,0.9,0.55,tpr,0.0
libri1,libri1,white,-5.0,1.0,0.2,tpr,0.1818
libri1,libri1,white,-5.0,1.0,0.25,tpr,0.0
libri1,libri1,white,-5.0,1.0,0.3,tpr,0.0
libri1,libri1,white,-5.0,1.0,0.35,tpr,0.0
libri1,libri1,white,-5.0,1.0,0.4,tpr,0.0
libri1,libri1,white,-5.0,1.0,0.45,tpr,0.0
libri1,libri1,white,-5.0,1.0,0.5,tpr,0.0
libri1,libri1,white,-5.0,1.0,0.55,tpr,0.0
libri1,libri1,white,0.0,0.0,0.2,tpr,1.0
libri1,libri1,white,0.0,0.0,0.25,tpr,1.0
libri1,libri1,white,0.0,0.0,0.3,tpr,1.0
libri1,libri1,white,0.0,0.0,0.35,tpr,1.0
libri1,libri1,white,0.0,0.0,0.4,tpr,1.0
libri1,libri1,white,0.0,0.0,0.45,tpr,1.0
libri1,libri1,white,0.0,0.0,0.5,tpr,0.8658
libri1,libri1,white,0.0,0.0,0.55,tpr,0.8355
libri1,libri1,white,0.0,0.1,0.2,tpr,1.0
libri1,libri1,white,0.0,0.1,0.25,tpr,1.0
libri1,libri1,white,0.0,0.1,0.3,tpr,1.0
libri1,libri1,white,0.0,0.1,0.35,tpr,1.0
libri1,libri1,white,0.0,0.1,0.4,tpr,1.0
libri1,libri1,white,0.0,0.1,0.45,tpr,1.0
libri1,libri1,white,0.0,0.1,0.5,tpr,0.8355
libri1,libri1,white,0.0,0.1,0.55,tpr,0.8355
libri1,libri1,white,0.0,0.2,0.2,tpr,1.0
libri1,libri1,white,0.0,0.2,0.25,tpr,1.0
libri1,libri1,white,0.0,0.2,0.3,tpr,1.0
libri1,libri1,white,0.0,0.2,0.35,tpr,1.0
libri1,libri1,white,0.0,0.2,0.4,tpr,1.0
libri1,libri1,white,0.0,0.2,0.45,tpr,0.8355
libri1,libri1,white,0.0,0.2,0.5,tpr,0.8355
libri1,libri1,white,0.0,0.2,0.55,tpr,0.7403
libri1,libri1,white,0.0,0.3,0.2,tpr,1.0
libri1,libri1,white,0.0,0.3,0.25,tpr,1.0
libri1,libri1,white,0.0,0.3,0.3,tpr,1.0
libri1,libri1,white,0.0,0.3,0.35,tpr,1.0
libri1,libri1,white,0.0,0.3,0.4,tpr,0.9697
libri1,libri1,white,0.0,0.3,0.45,tpr,0.8355
libri1,libri1,white,0.0,0.3,0.5,tpr,0.7403
libri1,libri1,white,0.0,0.3,0.55,tpr,0.5628
libri1,libri1,white,0.0,0.4,0.2,tpr,1.0
libri1,libri1,white,0.0,0.4,0.25,tpr,1.0
libri1,libri1,white,0.0,0.4,0.3,tpr,1.0
libri1,libri1,white,0.0,0.4,0.35,tpr,0.9697
libri1,libri1,white,0.0,0.4,0.4,tpr,0.8355
libri1,libri1,white,0.0,0.4,0.45,tpr,0.7403
libri1,libri1,white,0.0,0.4,0.5,tpr,0.6364
libri1,libri1,white,0.0,0.4,0.55,tpr,0.3896
libri1,libri1,white,0.0,0.5,0.2,tpr,1.0
libri1,libri1,white,0.0,0.5,0.25,tpr,1.0
libri1,libri1,white,0.0,0.5,0.3,tpr,0.9697
libri1,libri1,white,0.0,0.5,0.35,tpr,0.9394
libri1,libri1,white,0.0,0.5,0.4,tpr,0.7403
libri1,libri1,white,0.0,0.5,0.45,tpr,0.6061
libri1,libri1,white,0.0,0.5,0.5,tpr,0.355
libri1,libri1,white,0.0,0.5,0.55,tpr,0.0736
libri1,libri1,white,0.0,0.6,0.2,tpr,1.0
libri1,libri1,white,0.0,0.6,0.25,tpr,1.0
libri1,libri1,white,0.0,0.6,0.3,tpr,0.9697
libri1,libri1,white,0.0,0.6,0.35,tpr,0.7403
libri1,libri1,white,0.0,0.6,0.4,tpr,0.5325
libri1,libri1,white,0.0,0.6,0.45,tpr,0.0736
libri1,libri1,white,0.0,0.6,0.5,tpr,0.0
libri1,libri1,white,0.0,0.6,0.55,tpr,0.0
libri1,libri1,white,0.0,0.7,0.2,tpr,1.0
libri1,libri1,white,0.0,0.7,0.25,tpr,0.9697
libri1,libri1,white,0.0,0.7,0.3,tpr,0.8139
libri1,libri1,white,0.0,0.7,0.35,tpr,0.1818
libri1,libri1,white,0.0,0.7,0.4,tpr,0.0736
libri1,libri1,white,0.0,0.7,0.45,tpr,0.0
libri1,libri1,white,0.0,0.7,0.5,tpr,0.0
libri1,libri1,white,0.0,0.7,0.55,tpr,0.0
libri1,libri1,white,0.0,0.8,0.2,tpr,0.9394
libri1,libri1,white,0.0,0.8,0.25,tpr,0.5671
libri1,libri1,white,0.0,0.8,0.3,tpr,0.1472
libri1,libri1,white,0.0,0.8,0.35,tpr,0.0
libri1,libri1,white,0.0,0.8,0.4,tpr,0.0
libri1,libri1,white,0.0,0.8,0.45,tpr,0.0
libri1,libri1,white,0.0,0.8,0.5,tpr,0.0
libri1,libri1,white,0.0,0.8,0.55,tpr,0.0
libri1,libri1,white,0.0,0.9,0.2,tpr,0.4632
libri1,libri1,white,0.0,0.9,0.25,tpr,0.2511
libri1,libri1,white,0.0,0.9,0.3,tpr,0.0
libri1,libri1,white,0.0,0.9,0.35,tpr,0.0
libri1,libri1,white,0.0,0.9,0.4,tpr,0.0
libri1,libri1,white,0.0,0.9,0.45,tpr,0.0
libri1,libri1,white,0.0,0.9,0.5,tpr,0.0
libri1,libri1,white,0.0,0.9,0.55,tpr,0.0
libri1,libri1,white,0.0,1.0,0.2,tpr,0.2511
libri1,libri1,white,0.0,1.0,0.25,tpr,0.0
libri1,libri1,white,0.0,1.0,0.3,tpr,0.0
libri1,libri1,white,0.0,1.0,0.35,tpr,0.0
libri1,libri1,white,0.0,1.0,0.4,tpr,0.0
libri1,libri1,white,0.0,1.0,0.45,tpr,0.0
libri1,libri1,white,0.0,1.0,0.5,tpr,0.0
libri1,libri1,white,0.0,1.0,0.55,tpr,0.0
libri1,libri1,white,5.0,0.0,0.2,tpr,0.9351
libri1,libri1,white,5.0,0.0,0.25,tpr,0.9351
libri1,libri1,white,5.0,0.0,0.3,tpr,0.9351
libri1,libri1,white,5.0,0.0,0.35,tpr,0.9351
libri1,libri1,white,5.0,0.0,0.4,tpr,0.9351
libri1,libri1,white,5.0,0.0,0.45,tpr,0.9351
libri1,libri1,white,5.0,0.0,0.5,tpr,0.9351
libri1,libri1,white,5.0,0.0,0.55,tpr,0.7965
libri1,libri1,white,5.0,0.1,0.2,tpr,0.9351
libri1,libri1,white,5.0,0.1,0.25,tpr,0.9351
libri1,libri1,white,5.0,0.1,0.3,tpr,0.9351
libri1,libri1,white,5.0,0.1,0.35,tpr,0.9351
libri1,libri1,white,5.0,0.1,0.4,tpr,0.9351
libri1,libri1,white,5.0,0.1,0.45,tpr,0.9351
libri1,libri1,white,5.0,0.1,0.5,tpr,0.7965
libri1,libri1,white,5.0,0.1,0.55,tpr,0.7229
libri1,libri1,white,5.0,0.2,0.2,tpr,0.9351
libri1,libri1,white,5.0,0.2,0.25,tpr,0.9351
libri1,libri1,white,5.0,0.2,0.3,tpr,0.9351
libri1,libri1,white,5.0,0.2,0.35,tpr,0.9351
libri1,libri1,white,5.0,0.2,0.4,tpr,0.9351
libri1,libri1,white,5.0,0.2,0.45,tpr,0.8658
libri1,libri1,white,5.0,0.2,0.5,tpr,0.7229
libri1,libri1,white,5.0,0.2,0.55,tpr,0.6883
libri1,libri1,white,5.0,0.3,0.2,tpr,0.9351
libri1,libri1,white,5.0,0.3,0.25,tpr,0.9351
libri1,libri1,white,5.0,0.3,0.3,tpr,0.9351
libri1,libri1,white,5.0,0.3,0.35,tpr,0.9351
libri1,libri1,white,5.0,0.3,0.4,tpr,0.9351
libri1,libri1,white,5.0,0.3,0.45,tpr,0.7662
libri1,libri1,white,5.0,0.3,0.5,tpr,0.6883
libri1,libri1,white,5.0,0.3,0.55,tpr,0.619
libri1,libri1,white,5.0,0.4,0.2,tpr,0.9351
libri1,libri1,white,5.0,0.4,0.25,tpr,0.9351
libri1,libri1,white,5.0,0.4,0.3,tpr,0.9351
libri1,libri1,white,5.0,0.4,0.35,tpr,0.9351
libri1,libri1,white,5.0,0.4,0.4,tpr,0.7662
libri1,libri1,white,5.0,0.4,0.45,tpr,0.6883
libri1,libri1,white,5.0,0.4,0.5,tpr,0.5152
libri1,libri1,white,5.0,0.4,0.55,tpr,0.4805
libri1,libri1,white,5.0,0.5,0.2,tpr,0.9351
libri1,libri1,white,5.0,0.5,0.25,tpr,0.9351
libri1,libri1,white,5.0,0.5,0.3,tpr,0.9351
libri1,libri1,white,5.0,0.5,0.35,tpr,0.9048
libri1,libri1,white,5.0,0.5,0.4,tpr,0.6883
libri1,libri1,white,5.0,0.5,0.45,tpr,0.5152
libri1,libri1,white,5.0,0.5,0.5,tpr,0.4805
libri1,libri1,white,5.0,0.5,0.55,tpr,0.0736
libri1,libri1,white,5.0,0.6,0.2,tpr,0.9697
libri1,libri1,white,5.0,0.6,0.25,tpr,0.9351
libri1,libri1,white,5.0,0.6,0.3,tpr,0.9048
libri1,libri1,white,5.0,0.6,0.35,tpr,0.6234
libri1,libri1,white,5.0,0.6,0.4,tpr,0.5152
libri1,libri1,white,5.0,0.6,0.45,tpr,0.1082
libri1,libri1,white,5.0,0.6,0.5,tpr,0.0
libri1,libri1,white,5.0,0.6,0.55,tpr,0.0
libri1,libri1,white,5.0,0.7,0.2,tpr,0.9697
libri1,libri1,white,5.0,0.7,0.25,tpr,0.9351
libri1,libri1,white,5.0,0.7,0.3,tpr,0.7273
libri1,libri1,white,5.0,0.7,0.35,tpr,0.2121
libri1,libri1,white,5.0,0.7,0.4,tpr,0.1082
libri1,libri1,white,5.0,0.7,0.45,tpr,0.0
libri1,libri1,white,5.0,0.7,0.5,tpr,0.0
libri1,libri1,white,5.0,0.7,0.55,tpr,0.0
libri1,libri1,white,5.0,0.8,0.2,tpr,0.9048
libri1,libri1,white,5.0,0.8,0.25,tpr,0.6104
libri1,libri1,white,5.0,0.8,0.3,tpr,0.1775
libri1,libri1,white,5.0,0.8,0.35,tpr,0.1082
libri1,libri1,white,5.0,0.8,0.4,tpr,0.0
libri1,libri1,white,5.0,0.8,0.45,tpr,0.0
libri1,libri1,white,5.0,0.8,0.5,tpr,0.0
libri1,libri1,white,5.0,0.8,0.55,tpr,0.0
libri1,libri1,white,5.0,0.9,0.2,tpr,0.6104
libri1,libri1,white,5.0,0.9,0.25,tpr,0.3593
libri1,libri1,white,5.0,0.9,0.3,tpr,0.1472
libri1,libri1,white,5.0,0.9,0.35,tpr,0.0
libri1,libri1,white,5.0,0.9,0.4,tpr,0.0
libri1,libri1,white,5.0,0.9,0.45,tpr,0.0
libri1,libri1,white,5.0,0.9,0.5,tpr,0.0
libri1,libri1,white,5.0,0.9,0.55,tpr,0.0
libri1,libri1,white,5.0,1.0,0.2,tpr,0.355
libri1,libri1,white,5.0,1.0,0.25,tpr,0.1472
libri1,libri1,white,5.0,1.0,0.3,tpr,0.0736
libri1,libri1,white,5.0,1.0,0.35,tpr,0.0
libri1,libri1,white,5.0,1.0,0.4,tpr,0.0
libri1,libri1,white,5.0,1.0,0.45,tpr,0.0
libri1,libri1,white,5.0,1.0,0.5,tpr,0.0
libri1,libri1,white,5.0,1.0,0.55,tpr,0.0
libri1,libri1,white,10.0,0.0,0.2,tpr,0.9697
libri1,libri1,white,10.0,0.0,0.25,tpr,0.9697
libri1,libri1,white,10.0,0.0,0.3,tpr,0.9697
libri1,libri1,white,10.0,0.0,0.35,tpr,0.9697
libri1,libri1,white,10.0,0.0,0.4,tpr,0.9697
libri1,libri1,white,10.0,0.0,0.45,tpr,0.9697
libri1,libri1,white,10.0,0.0,0.5,tpr,0.7965
libri1,libri1,white,10.0,0.0,0.55,tpr,0.7965
libri1,libri1,white,10.0,0.1,0.2,tpr,0.9697
libri1,libri1,white,10.0,0.1,0.25,tpr,0.9697
libri1,libri1,white,10.0,0.1,0.3,tpr,0.9697
libri1,libri1,white,10.0,0.1,0.35,tpr,0.9697
libri1,libri1,white,10.0,0.1,0.4,tpr,0.9697
libri1,libri1,white,10.0,0.1,0.45,tpr,0.9697
libri1,libri1,white,10.0,0.1,0.5,tpr,0.7965
libri1,libri1,white,10.0,0.1,0.55,tpr,0.7446
libri1,libri1,white,10.0,0.2,0.2,tpr,0.9697
libri1,libri1,white,10.0,0.2,0.25,tpr,0.9697
libri1,libri1,white,10.0,0.2,0.3,tpr,0.9697
libri1,libri1,white,10.0,0.2,0.35,tpr,0.9697
libri1,libri1,white,10.0,0.2,0.4,tpr,0.9697
libri1,libri1,white,10.0,0.2,0.45,tpr,0.9697
libri1,libri1,white,10.0,0.2,0.5,tpr,0.7965
libri1,libri1,white,10.0,0.2,0.55,tpr,0.71
libri1,libri1,white,10.0,0.3,0.2,tpr,0.9697
libri1,libri1,white,10.0,0.3,0.25,tpr,0.9697
libri1,libri1,white,10.0,0.3,0.3,tpr,0.9697
libri1,libri1,white,10.0,0.3,0.35,tpr,0.9697
libri1,libri1,white,10.0,0.3,0.4,tpr,0.9697
libri1,libri1,white,10.0,0.3,0.45,tpr,0.8701
libri1,libri1,white,10.0,0.3,0.5,tpr,0.7143
libri1,libri1,white,10.0,0.3,0.55,tpr,0.645
libri1,libri1,white,10.0,0.4,0.2,tpr,0.9697
libri1,libri1,white,10.0,0.4,0.25,tpr,0.9697
libri1,libri1,white,10.0,0.4,0.3,tpr,0.9697
libri1,libri1,white,10.0,0.4,0.35,tpr,0.9697
libri1,libri1,white,10.0,0.4,0.4,tpr,0.9697
libri1,libri1,white,10.0,0.4,0.45,tpr,0.8398
libri1,libri1,white,10.0,0.4,0.5,tpr,0.645
libri1,libri1,white,10.0,0.4,0.55,tpr,0.5022
libri1,libri1,white,10.0,0.5,0.2,tpr,1.0
libri1,libri1,white,10.0,0.5,0.25,tpr,0.9697
libri1,libri1,white,10.0,0.5,0.3,tpr,0.9697
libri1,libri1,white,10.0,0.5,0.35,tpr,0.9697
libri1,libri1,white,10.0,0.5,0.4,tpr,0.8745
libri1,libri1,white,10.0,0.5,0.45,tpr,0.7186
libri1,libri1,white,10.0,0.5,0.5,tpr,0.4675
libri1,libri1,white,10.0,0.5,0.55,tpr,0.0736
libri1,libri1,white,10.0,0.6,0.2,tpr,1.0
libri1,libri1,white,10.0,0.6,0.25,tpr,0.9697
libri1,libri1,white,10.0,0.6,0.3,tpr,0.9697
libri1,libri1,white,10.0,0.6,0.35,tpr,0.9048
libri1,libri1,white,10.0,0.6,0.4,tpr,0.8225
libri1,libri1,white,10.0,0.6,0.45,tpr,0.2511
libri1,libri1,white,10.0,0.6,0.5,tpr,0.0736
libri1,libri1,white,10.0,0.6,0.55,tpr,0.0
libri1,libri1,white,10.0,0.7,0.2,tpr,1.0
libri1,libri1,white,10.0,0.7,0.25,tpr,0.9394
libri1,libri1,white,10.0,0.7,0.3,tpr,0.9048
libri1,libri1,white,10.0,0.7,0.35,tpr,0.5844
libri1,libri1,white,10.0,0.7,0.4,tpr,0.3247
libri1,libri1,white,10.0,0.7,0.45,tpr,0.0736
libri1,libri1,white,10.0,0.7,0.5,tpr,0.0
libri1,libri1,white,10.0,0.7,0.55,tpr,0.0
libri1,libri1,white,10.0,0.8,0.2,tpr,0.9697
libri1,libri1,white,10.0,0.8,0.25,tpr,0.6494
libri1,libri1,white,10.0,0.8,0.3,tpr,0.5844
libri1,libri1,white,10.0,0.8,0.35,tpr,0.4978
libri1,libri1,white,10.0,0.8,0.4,tpr,0.2554
libri1,libri1,white,10.0,0.8,0.45,tpr,0.0
libri1,libri1,white,10.0,0.8,0.5,tpr,0.0
libri1,libri1,white,10.0,0.8,0.55,tpr,0.0
libri1,libri1,white,10.0,0.9,0.2,tpr,0.6494
libri1,libri1,white,10.0,0.9,0.25,tpr,0.6147
libri1,libri1,white,10.0,0.9,0.3,tpr,0.4978
libri1,libri1,white,10.0,0.9,0.35,tpr,0.3247
libri1,libri1,white,10.0,0.9,0.4,tpr,0.0736
libri1,libri1,white,10.0,0.9,0.45,tpr,0.0
libri1,libri1,white,10.0,0.9,0.5,tpr,0.0
libri1,libri1,white,10.0,0.9,0.55,tpr,0.0
libri1,libri1,white,10.0,1.0,0.2,tpr,0.6147
libri1,libri1,white,10.0,1.0,0.25,tpr,0.5455
libri1,libri1,white,10.0,1.0,0.3,tpr,0.4589
libri1,libri1,white,10.0,1.0,0.35,tpr,0.0736
libri1,libri1,white,10.0,1.0,0.4,tpr,0.0736
libri1,libri1,white,10.0,1.0,0.45,tpr,0.0
libri1,libri1,white,10.0,1.0,0.5,tpr,0.0
libri1,libri1,white,10.0,1.0,0.55,tpr,0.0
libri1,libri1,white,15.0,0.0,0.2,tpr,0.9351
libri1,libri1,white,15.0,0.0,0.25,tpr,0.9351
libri1,libri1,white,15.0,0.0,0.3,tpr,0.9351
libri1,libri1,white,15.0,0.0,0.35,tpr,0.9351
libri1,libri1,white,15.0,0.0,0.4,tpr,0.9351
libri1,libri1,white,15.0,0.0,0.45,tpr,0.9351
libri1,libri1,white,15.0,0.0,0.5,tpr,0.7619
libri1,libri1,white,15.0,0.0,0.55,tpr,0.7619
libri1,libri1,white,15.0,0.1,0.2,tpr,0.9351
libri1,libri1,white,15.0,0.1,0.25,tpr,0.9351
libri1,libri1,white,15.0,0.1,0.3,tpr,0.9351
libri1,libri1,white,15.0,0.1,0.35,tpr,0.9351
libri1,libri1,white,15.0,0.1,0.4,tpr,0.9351
libri1,libri1,white,15.0,0.1,0.45,tpr,0.9351
libri1,libri1,white,15.0,0.1,0.5,tpr,0.7619
libri1,libri1,white,15.0,0.1,0.55,tpr,0.7013
libri1,libri1,white,15.0,0.2,0.2,tpr,0.9351
libri1,libri1,white,15.0,0.2,0.25,tpr,0.9351
libri1,libri1,white,15.0,0.2,0.3,tpr,0.9351
libri1,libri1,white,15.0,0.2,0.35,tpr,0.9351
libri1,libri1,white,15.0,0.2,0.4,tpr,0.9351
libri1,libri1,white,15.0,0.2,0.45,tpr,0.9351
libri1,libri1,white,15.0,0.2,0.5,tpr,0.7619
libri1,libri1,white,15.0,0.2,0.55,tpr,0.7013
libri1,libri1,white,15.0,0.3,0.2,tpr,0.9351
libri1,libri1,white,15.0,0.3,0.25,tpr,0.9351
libri1,libri1,white,15.0,0.3,0.3,tpr,0.9351
libri1,libri1,white,15.0,0.3,0.35,tpr,0.9351
libri1,libri1,white,15.0,0.3,0.4,tpr,0.9351
libri1,libri1,white,15.0,0.3,0.45,tpr,0.9351
libri1,libri1,white,15.0,0.3,0.5,tpr,0.7013
libri1,libri1,white,15.0,0.3,0.55,tpr,0.671
libri1,libri1,white,15.0,0.4,0.2,tpr,0.9697
libri1,libri1,white,15.0,0.4,0.25,tpr,0.9351
libri1,libri1,white,15.0,0.4,0.3,tpr,0.9351
libri1,libri1,white,15.0,0.4,0.35,tpr,0.9351
libri1,libri1,white,15.0,0.4,0.4,tpr,0.9351
libri1,libri1,white,15.0,0.4,0.45,tpr,0.8095
libri1,libri1,white,15.0,0.4,0.5,tpr,0.671
libri1,libri1,white,15.0,0.4,0.55,tpr,0.4935
libri1,libri1,white,15.0,0.5,0.2,tpr,1.0
libri1,libri1,white,15.0,0.5,0.25,tpr,0.9351
libri1,libri1,white,15.0,0.5,0.3,tpr,0.9351
libri1,libri1,white,15.0,0.5,0.35,tpr,0.9351
libri1,libri1,white,15.0,0.5,0.4,tpr,0.9351
libri1,libri1,white,15.0,0.5,0.45,tpr,0.671
libri1,libri1,white,15.0,0.5,0.5,tpr,0.5671
libri1,libri1,white,15.0,0.5,0.55,tpr,0.1429
libri1,libri1,white,15.0,0.6,0.2,tpr,1.0
libri1,libri1,white,15.0,0.6,0.25,tpr,0.9697
libri1,libri1,white,15.0,0.6,0.3,tpr,0.9351
libri1,libri1,white,15.0,0.6,0.35,tpr,0.9351
libri1,libri1,white,15.0,0.6,0.4,tpr,0.8442
libri1,libri1,white,15.0,0.6,0.45,tpr,0.355
libri1,libri1,white,15.0,0.6,0.5,tpr,0.1429
libri1,libri1,white,15.0,0.6,0.55,tpr,0.0
libri1,libri1,white,15.0,0.7,0.2,tpr,1.0
libri1,libri1,white,15.0,0.7,0.25,tpr,1.0
libri1,libri1,white,15.0,0.7,0.3,tpr,0.9351
libri1,libri1,white,15.0,0.7,0.35,tpr,0.632
libri1,libri1,white,15.0,0.7,0.4,tpr,0.5325
libri1,libri1,white,15.0,0.7,0.45,tpr,0.2165
libri1,libri1,white,15.0,0.7,0.5,tpr,0.0
libri1,libri1,white,15.0,0.7,0.55,tpr,0.0
libri1,libri1,white,15.0,0.8,0.2,tpr,1.0
libri1,libri1,white,15.0,0.8,0.25,tpr,0.7576
libri1,libri1,white,15.0,0.8,0.3,tpr,0.7316
libri1,libri1,white,15.0,0.8,0.35,tpr,0.5325
libri1,libri1,white,15.0,0.8,0.4,tpr,0.29
libri1,libri1,white,15.0,0.8,0.45,tpr,0.0736
libri1,libri1,white,15.0,0.8,0.5,tpr,0.0
libri1,libri1,white,15.0,0.8,0.55,tpr,0.0
libri1,libri1,white,15.0,0.9,0.2,tpr,0.7576
libri1,libri1,white,15.0,0.9,0.25,tpr,0.7576
libri1,libri1,white,15.0,0.9,0.3,tpr,0.6667
libri1,libri1,white,15.0,0.9,0.35,tpr,0.4978
libri1,libri1,white,15.0,0.9,0.4,tpr,0.2208
libri1,libri1,white,15.0,0.9,0.45,tpr,0.0
libri1,libri1,white,15.0,0.9,0.5,tpr,0.0
libri1,libri1,white,15.0,0.9,0.55,tpr,0.0
libri1,libri1,white,15.0,1.0,0.2,tpr,0.7576
libri1,libri1,white,15.0,1.0,0.25,tpr,0.632
libri1,libri1,white,15.0,1.0,0.3,tpr,0.5281
libri1,libri1,white,15.0,1.0,0.35,tpr,0.4242
libri1,libri1,white,15.0,1.0,0.4,tpr,0.0736
libri1,libri1,white,15.0,1.0,0.45,tpr,0.0
libri1,libri1,white,15.0,1.0,0.5,tpr,0.0
libri1,libri1,white,15.0,1.0,0.55,tpr,0.0
libri1,libri1,white,20.0,0.0,0.2,tpr,0.9004
libri1,libri1,white,20.0,0.0,0.25,tpr,0.9004
libri1,libri1,white,20.0,0.0,0.3,tpr,0.9004
libri1,libri1,white,20.0,0.0,0.35,tpr,0.9004
libri1,libri1,white,20.0,0.0,0.4,tpr,0.9004
libri1,libri1,white,20.0,0.0,0.45,tpr,0.9004
libri1,libri1,white,20.0,0.0,0.5,tpr,0.7273
libri1,libri1,white,20.0,0.0,0.55,tpr,0.7273
libri1,libri1,white,20.0,0.1,0.2,tpr,0.9004
libri1,libri1,white,20.0,0.1,0.25,tpr,0.9004
libri1,libri1,white,20.0,0.1,0.3,tpr,0.9004
libri1,libri1,white,20.0,0.1,0.35,tpr,0.9004
libri1,libri1,white,20.0,0.1,0.4,tpr,0.9004
libri1,libri1,white,20.0,0.1,0.45,tpr,0.9004
libri1,libri1,white,20.0,0.1,0.5,tpr,0.7273
libri1,libri1,white,20.0,0.1,0.55,tpr,0.6667
libri1,libri1,white,20.0,0.2,0.2,tpr,0.9004
libri1,libri1,white,20.0,0.2,0.25,tpr,0.9004
libri1,libri1,white,20.0,0.2,0.3,tpr,0.9004
libri1,libri1,white,20.0,0.2,0.35,tpr,0.9004
libri1,libri1,white,20.0,0.2,0.4,tpr,0.9004
libri1,libri1,white,20.0,0.2,0.45,tpr,0.9004
libri1,libri1,white,20.0,0.2,0.5,tpr,0.7273
libri1,libri1,white,20.0,0.2,0.55,tpr,0.6667
libri1,libri1,white,20.0,0.3,0.2,tpr,0.9697
libri1,libri1,white,20.0,0.3,0.25,tpr,0.9004
libri1,libri1,white,20.0,0.3,0.3,tpr,0.9004
libri1,libri1,white,20.0,0.3,0.35,tpr,0.9004
libri1,libri1,white,20.0,0.3,0.4,tpr,0.9004
libri1,libri1,white,20.0,0.3,0.45,tpr,0.7273
libri1,libri1,white,20.0,0.3,0.5,tpr,0.697
libri1,libri1,white,20.0,0.3,0.55,tpr,0.6667
libri1,libri1,white,20.0,0.4,0.2,tpr,1.0
libri1,libri1,white,20.0,0.4,0.25,tpr,0.9004
libri1,libri1,white,20.0,0.4,0.3,tpr,0.9004
libri1,libri1,white,20.0,0.4,0.35,tpr,0.9004
libri1,libri1,white,20.0,0.4,0.4,tpr,0.9004
libri1,libri1,white,20.0,0.4,0.45,tpr,0.7273
libri1,libri1,white,20.0,0.4,0.5,tpr,0.6667
libri1,libri1,white,20.0,0.4,0.55,tpr,0.4935
libri1,libri1,white,20.0,0.5,0.2,tpr,1.0
libri1,libri1,white,20.0,0.5,0.25,tpr,1.0
libri1,libri1,white,20.0,0.5,0.3,tpr,0.9004
libri1,libri1,white,20.0,0.5,0.35,tpr,0.9004
libri1,libri1,white,20.0,0.5,0.4,tpr,0.8701
libri1,libri1,white,20.0,0.5,0.45,tpr,0.697
libri1,libri1,white,20.0,0.5,0.5,tpr,0.6364
libri1,libri1,white,20.0,0.5,0.55,tpr,0.1775
libri1,libri1,white,20.0,0.6,0.2,tpr,1.0
libri1,libri1,white,20.0,0.6,0.25,tpr,1.0
libri1,libri1,white,20.0,0.6,0.3,tpr,0.9697
libri1,libri1,white,20.0,0.6,0.35,tpr,0.9004
libri1,libri1,white,20.0,0.6,0.4,tpr,0.8701
libri1,libri1,white,20.0,0.6,0.45,tpr,0.3853
libri1,libri1,white,20.0,0.6,0.5,tpr,0.1775
libri1,libri1,white,20.0,0.6,0.55,tpr,0.0736
libri1,libri1,white,20.0,0.7,0.2,tpr,1.0
libri1,libri1,white,20.0,0.7,0.25,tpr,1.0
libri1,libri1,white,20.0,0.7,0.3,tpr,1.0
libri1,libri1,white,20.0,0.7,0.35,tpr,0.658
libri1,libri1,white,20.0,0.7,0.4,tpr,0.4156
libri1,libri1,white,20.0,0.7,0.45,tpr,0.2511
libri1,libri1,white,20.0,0.7,0.5,tpr,0.0736
libri1,libri1,white,20.0,0.7,0.55,tpr,0.0
libri1,libri1,white,20.0,0.8,0.2,tpr,1.0
libri1,libri1,white,20.0,0.8,0.25,tpr,0.7576
libri1,libri1,white,20.0,0.8,0.3,tpr,0.7229
libri1,libri1,white,20.0,0.8,0.35,tpr,0.658
libri1,libri1,white,20.0,0.8,0.4,tpr,0.2511
libri1,libri1,white,20.0,0.8,0.45,tpr,0.0736
libri1,libri1,white,20.0,0.8,0.5,tpr,0.0736
libri1,libri1,white,20.0,0.8,0.55,tpr,0.0
libri1,libri1,white,20.0,0.9,0.2,tpr,0.7576
libri1,libri1,white,20.0,0.9,0.25,tpr,0.7229
libri1,libri1,white,20.0,0.9,0.3,tpr,0.7229
libri1,libri1,white,20.0,0.9,0.35,tpr,0.5238
libri1,libri1,white,20.0,0.9,0.4,tpr,0.1472
libri1,libri1,white,20.0,0.9,0.45,tpr,0.0736
libri1,libri1,white,20.0,0.9,0.5,tpr,0.0
libri1,libri1,white,20.0,0.9,0.55,tpr,0.0
libri1,libri1,white,20.0,1.0,0.2,tpr,0.7576
libri1,libri1,white,20.0,1.0,0.25,tpr,0.7229
libri1,libri1,white,20.0,1.0,0.3,tpr,0.5931
libri1,libri1,white,20.0,1.0,0.35,tpr,0.3203
libri1,libri1,white,20.0,1.0,0.4,tpr,0.2468
libri1,libri1,white,20.0,1.0,0.45,tpr,0.0736
libri1,libri1,white,20.0,1.0,0.5,tpr,0.0
libri1,libri1,white,20.0,1.0,0.55,tpr,0.0
libri1,libri1,pink,-5.0,0.0,0.2,tpr,0.8874
libri1,libri1,pink,-5.0,0.0,0.25,tpr,0.8874
libri1,libri1,pink,-5.0,0.0,0.3,tpr,0.8874
libri1,libri1,pink,-5.0,0.0,0.35,tpr,0.7879
libri1,libri1,pink,-5.0,0.0,0.4,tpr,0.7879
libri1,libri1,pink,-5.0,0.0,0.45,tpr,0.7879
libri1,libri1,pink,-5.0,0.0,0.5,tpr,0.7879
libri1,libri1,pink,-5.0,0.0,0.55,tpr,0.7879
libri1,libri1,pink,-5.0,0.1,0.2,tpr,0.8874
libri1,libri1,pink,-5.0,0.1,0.25,tpr,0.8874
libri1,libri1,pink,-5.0,0.1,0.3,tpr,0.7879
libri1,libri1,pink,-5.0,0.1,0.35,tpr,0.7879
libri1,libri1,pink,-5.0,0.1,0.4,tpr,0.7879
libri1,libri1,pink,-5.0,0.1,0.45,tpr,0.7879
libri1,libri1,pink,-5.0,0.1,0.5,tpr,0.7879
libri1,libri1,pink,-5.0,0.1,0.55,tpr,0.7879
libri1,libri1,pink,-5.0,0.2,0.2,tpr,0.8874
libri1,libri1,pink,-5.0,0.2,0.25,tpr,0.8874
libri1,libri1,pink,-5.0,0.2,0.3,tpr,0.7879
libri1,libri1,pink,-5.0,0.2,0.35,tpr,0.7879
libri1,libri1,pink,-5.0,0.2,0.4,tpr,0.7879
libri1,libri1,pink,-5.0,0.2,0.45,tpr,0.7879
libri1,libri1,pink,-5.0,0.2,0.5,tpr,0.7879
libri1,libri1,pink,-5.0,0.2,0.55,tpr,0.7879
libri1,libri1,pink,-5.0,0.3,0.2,tpr,0.8874
libri1,libri1,pink,-5.0,0.3,0.25,tpr,0.8874
libri1,libri1,pink,-5.0,0.3,0.3,tpr,0.7879
libri1,libri1,pink,-5.0,0.3,0.35,tpr,0.7879
libri1,libri1,pink,-5.0,0.3,0.4,tpr,0.7879
libri1,libri1,pink,-5.0,0.3,0.45,tpr,0.7879
libri1,libri1,pink,-5.0,0.3,0.5,tpr,0.7879
libri1,libri1,pink,-5.0,0.3,0.55,tpr,0.6797
libri1,libri1,pink,-5.0,0.4,0.2,tpr,0.8874
libri1,libri1,pink,-5.0,0.4,0.25,tpr,0.7879
libri1,libri1,pink,-5.0,0.4,0.3,tpr,0.7879
libri1,libri1,pink,-5.0,0.4,0.35,tpr,0.7879
libri1,libri1,pink,-5.0,0.4,0.4,tpr,0.7879
libri1,libri1,pink,-5.0,0.4,0.45,tpr,0.7143
libri1,libri1,pink,-5.0,0.4,0.5,tpr,0.5758
libri1,libri1,pink,-5.0,0.4,0.55,tpr,0.4026
libri1,libri1,pink,-5.0,0.5,0.2,tpr,0.8874
libri1,libri1,pink,-5.0,0.5,0.25,tpr,0.7879
libri1,libri1,pink,-5.0,0.5,0.3,tpr,0.7879
libri1,libri1,pink,-5.0,0.5,0.35,tpr,0.7879
libri1,libri1,pink,-5.0,0.5,0.4,tpr,0.6797
libri1,libri1,pink,-5.0,0.5,0.45,tpr,0.4026
libri1,libri1,pink,-5.0,0.5,0.5,tpr,0.4026
libri1,libri1,pink,-5.0,0.5,0.55,tpr,0.0
libri1,libri1,pink,-5.0,0.6,0.2,tpr,0.8571
libri1,libri1,pink,-5.0,0.6,0.25,tpr,0.7879
libri1,libri1,pink,-5.0,0.6,0.3,tpr,0.7879
libri1,libri1,pink,-5.0,0.6,0.35,tpr,0.5455
libri1,libri1,pink,-5.0,0.6,0.4,tpr,0.4026
libri1,libri1,pink,-5.0,0.6,0.45,tpr,0.0736
libri1,libri1,pink,-5.0,0.6,0.5,tpr,0.0
libri1,libri1,pink,-5.0,0.6,0.55,tpr,0.0
libri1,libri1,pink,-5.0,0.7,0.2,tpr,0.7879
libri1,libri1,pink,-5.0,0.7,0.25,tpr,0.7143
libri1,libri1,pink,-5.0,0.7,0.3,tpr,0.4026
libri1,libri1,pink,-5.0,0.7,0.35,tpr,0.0736
libri1,libri1,pink,-5.0,0.7,0.4,tpr,0.0736
libri1,libri1,pink,-5.0,0.7,0.45,tpr,0.0
libri1,libri1,pink,-5.0,0.7,0.5,tpr,0.0
libri1,libri1,pink,-5.0,0.7,0.55,tpr,0.0
libri1,libri1,pink,-5.0,0.8,0.2,tpr,0.5108
libri1,libri1,pink,-5.0,0.8,0.25,tpr,0.0736
libri1,libri1,pink,-5.0,0.8,0.3,tpr,0.0736
libri1,libri1,pink,-5.0,0.8,0.35,tpr,0.0
libri1,libri1,pink,-5.0,0.8,0.4,tpr,0.0
libri1,libri1,pink,-5.0,0.8,0.45,tpr,0.0
libri1,libri1,pink,-5.0,0.8,0.5,tpr,0.0
libri1,libri1,pink,-5.0,0.8,0.55,tpr,0.0
libri1,libri1,pink,-5.0,0.9,0.2,tpr,0.0736
libri1,libri1,pink,-5.0,0.9,0.25,tpr,0.0736
libri1,libri1,pink,-5.0,0.9,0.3,tpr,0.0
libri1,libri1,pink,-5.0,0.9,0.35,tpr,0.0
libri1,libri1,pink,-5.0,0.9,0.4,tpr,0.0
libri1,libri1,pink,-5.0,0.9,0.45,tpr,0.0
libri1,libri1,pink,-5.0,0.9,0.5,tpr,0.0
libri1,libri1,pink,-5.0,0.9,0.55,tpr,0.0
libri1,libri1,pink,-5.0,1.0,0.2,tpr,0.0736
libri1,libri1,pink,-5.0,1.0,0.25,tpr,0.0
libri1,libri1,pink,-5.0,1.0,0.3,tpr,0.0
libri1,libri1,pink,-5.0,1.0,0.35,tpr,0.0
libri1,libri1,pink,-5.0,1.0,0.4,tpr,0.0
libri1,libri1,pink,-5.0,1.0,0.45,tpr,0.0
libri1,libri1,pink,-5.0,1.0,0.5,tpr,0.0
libri1,libri1,pink,-5.0,1.0,0.55,tpr,0.0
libri1,libri1,pink,0.0,0.0,0.2,tpr,1.0
libri1,libri1,pink,0.0,0.0,0.25,tpr,1.0
libri1,libri1,pink,0.0,0.0,0.3,tpr,0.9697
libri1,libri1,pink,0.0,0.0,0.35,tpr,0.9697
libri1,libri1,pink,0.0,0.0,0.4,tpr,0.9697
libri1,libri1,pink,0.0,0.0,0.45,tpr,0.9697
libri1,libri1,pink,0.0,0.0,0.5,tpr,0.9351
libri1,libri1,pink,0.0,0.0,0.55,tpr,0.7965
libri1,libri1,pink,0.0,0.1,0.2,tpr,1.0
libri1,libri1,pink,0.0,0.1,0.25,tpr,1.0
libri1,libri1,pink,0.0,0.1,0.3,tpr,0.9697
libri1,libri1,pink,0.0,0.1,0.35,tpr,0.9697
libri1,libri1,pink,0.0,0.1,0.4,tpr,0.9697
libri1,libri1,pink,0.0,0.1,0.45,tpr,0.9697
libri1,libri1,pink,0.0,0.1,0.5,tpr,0.7965
libri1,libri1,pink,0.0,0.1,0.55,tpr,0.7576
libri1,libri1,pink,0.0,0.2,0.2,tpr,1.0
libri1,libri1,pink,0.0,0.2,0.25,tpr,1.0
libri1,libri1,pink,0.0,0.2,0.3,tpr,0.9697
libri1,libri1,pink,0.0,0.2,0.35,tpr,0.9697
libri1,libri1,pink,0.0,0.2,0.4,tpr,0.9697
libri1,libri1,pink,0.0,0.2,0.45,tpr,0.8658
libri1,libri1,pink,0.0,0.2,0.5,tpr,0.7576
libri1,libri1,pink,0.0,0.2,0.55,tpr,0.6883
libri1,libri1,pink,0.0,0.3,0.2,tpr,1.0
libri1,libri1,pink,0.0,0.3,0.25,tpr,1.0
libri1,libri1,pink,0.0,0.3,0.3,tpr,0.9697
libri1,libri1,pink,0.0,0.3,0.35,tpr,0.9697
libri1,libri1,pink,0.0,0.3,0.4,tpr,0.9697
libri1,libri1,pink,0.0,0.3,0.45,tpr,0.7576
libri1,libri1,pink,0.0,0.3,0.5,tpr,0.6883
libri1,libri1,pink,0.0,0.3,0.55,tpr,0.6234
libri1,libri1,pink,0.0,0.4,0.2,tpr,1.0
libri1,libri1,pink,0.0,0.4,0.25,tpr,1.0
libri1,libri1,pink,0.0,0.4,0.3,tpr,0.9697
libri1,libri1,pink,0.0,0.4,0.35,tpr,0.9697
libri1,libri1,pink,0.0,0.4,0.4,tpr,0.7922
libri1,libri1,pink,0.0,0.4,0.45,tpr,0.658
libri1,libri1,pink,0.0,0.4,0.5,tpr,0.5152
libri1,libri1,pink,0.0,0.4,0.55,tpr,0.4459
libri1,libri1,pink,0.0,0.5,0.2,tpr,1.0
libri1,libri1,pink,0.0,0.5,0.25,tpr,0.9697
libri1,libri1,pink,0.0,0.5,0.3,tpr,0.9697
libri1,libri1,pink,0.0,0.5,0.35,tpr,0.9351
libri1,libri1,pink,0.0,0.5,0.4,tpr,0.658
libri1,libri1,pink,0.0,0.5,0.45,tpr,0.5152
libri1,libri1,pink,0.0,0.5,0.5,tpr,0.4459
libri1,libri1,pink,0.0,0.5,0.55,tpr,0.0736
libri1,libri1,pink,0.0,0.6,0.2,tpr,1.0
libri1,libri1,pink,0.0,0.6,0.25,tpr,0.9697
libri1,libri1,pink,0.0,0.6,0.3,tpr,0.9351
libri1,libri1,pink,0.0,0.6,0.35,tpr,0.6623
libri1,libri1,pink,0.0,0.6,0.4,tpr,0.4805
libri1,libri1,pink,0.0,0.6,0.45,tpr,0.1429
libri1,libri1,pink,0.0,0.6,0.5,tpr,0.0736
libri1,libri1,pink,0.0,0.6,0.55,tpr,0.0
libri1,libri1,pink,0.0,0.7,0.2,tpr,1.0
libri1,libri1,pink,0.0,0.7,0.25,tpr,0.9351
libri1,libri1,pink,0.0,0.7,0.3,tpr,0.7316
libri1,libri1,pink,0.0,0.7,0.35,tpr,0.1775
libri1,libri1,pink,0.0,0.7,0.4,tpr,0.1429
libri1,libri1,pink,0.0,0.7,0.45,tpr,0.0
libri1,libri1,pink,0.0,0.7,0.5,tpr,0.0
libri1,libri1,pink,0.0,0.7,0.55,tpr,0.0
libri1,libri1,pink,0.0,0.8,0.2,tpr,0.8961
libri1,libri1,pink,0.0,0.8,0.25,tpr,0.3593
libri1,libri1,pink,0.0,0.8,0.3,tpr,0.2511
libri1,libri1,pink,0.0,0.8,0.35,tpr,0.1429
libri1,libri1,pink,0.0,0.8,0.4,tpr,0.0
libri1,libri1,pink,0.0,0.8,0.45,tpr,0.0
libri1,libri1,pink,0.0,0.8,0.5,tpr,0.0
libri1,libri1,pink,0.0,0.8,0.55,tpr,0.0
libri1,libri1,pink,0.0,0.9,0.2,tpr,0.3247
libri1,libri1,pink,0.0,0.9,0.25,tpr,0.2511
libri1,libri1,pink,0.0,0.9,0.3,tpr,0.0736
libri1,libri1,pink,0.0,0.9,0.35,tpr,0.0
libri1,libri1,pink,0.0,0.9,0.4,tpr,0.0
libri1,libri1,pink,0.0,0.9,0.45,tpr,0.0
libri1,libri1,pink,0.0,0.9,0.5,tpr,0.0
libri1,libri1,pink,0.0,0.9,0.55,tpr,0.0
libri1,libri1,pink,0.0,1.0,0.2,tpr,0.3247
libri1,libri1,pink,0.0,1.0,0.25,tpr,0.1472
libri1,libri1,pink,0.0,1.0,0.3,tpr,0.0
libri1,libri1,pink,0.0,1.0,0.35,tpr,0.0
libri1,libri1,pink,0.0,1.0,0.4,tpr,0.0
libri1,libri1,pink,0.0,1.0,0.45,tpr,0.0
libri1,libri1,pink,0.0,1.0,0.5,tpr,0.0
libri1,libri1,pink,0.0,1.0,0.55,tpr,0.0
libri1,libri1,pink,5.0,0.0,0.2,tpr,1.0
libri1,libri1,pink,5.0,0.0,0.25,tpr,1.0
libri1,libri1,pink,5.0,0.0,0.3,tpr,0.9697
libri1,libri1,pink,5.0,0.0,0.35,tpr,0.9697
libri1,libri1,pink,5.0,0.0,0.4,tpr,0.9697
libri1,libri1,pink,5.0,0.0,0.45,tpr,0.9697
libri1,libri1,pink,5.0,0.0,0.5,tpr,0.9697
libri1,libri1,pink,5.0,0.0,0.55,tpr,0.7965
libri1,libri1,pink,5.0,0.1,0.2,tpr,1.0
libri1,libri1,pink,5.0,0.1,0.25,tpr,1.0
libri1,libri1,pink,5.0,0.1,0.3,tpr,0.9697
libri1,libri1,pink,5.0,0.1,0.35,tpr,0.9697
libri1,libri1,pink,5.0,0.1,0.4,tpr,0.9697
libri1,libri1,pink,5.0,0.1,0.45,tpr,0.9697
libri1,libri1,pink,5.0,0.1,0.5,tpr,0.7965
libri1,libri1,pink,5.0,0.1,0.55,tpr,0.7965
libri1,libri1,pink,5.0,0.2,0.2,tpr,1.0
libri1,libri1,pink,5.0,0.2,0.25,tpr,1.0
libri1,libri1,pink,5.0,0.2,0.3,tpr,0.9697
libri1,libri1,pink,5.0,0.2,0.35,tpr,0.9697
libri1,libri1,pink,5.0,0.2,0.4,tpr,0.9697
libri1,libri1,pink,5.0,0.2,0.45,tpr,0.9697
libri1,libri1,pink,5.0,0.2,0.5,tpr,0.7965
libri1,libri1,pink,5.0,0.2,0.55,tpr,0.7662
libri1,libri1,pink,5.0,0.3,0.2,tpr,1.0
libri1,libri1,pink,5.0,0.3,0.25,tpr,1.0
libri1,libri1,pink,5.0,0.3,0.3,tpr,0.9697
libri1,libri1,pink,5.0,0.3,0.35,tpr,0.9697
libri1,libri1,pink,5.0,0.3,0.4,tpr,0.9697
libri1,libri1,pink,5.0,0.3,0.45,tpr,0.9048
libri1,libri1,pink,5.0,0.3,0.5,tpr,0.7965
libri1,libri1,pink,5.0,0.3,0.55,tpr,0.7662
libri1,libri1,pink,5.0,0.4,0.2,tpr,1.0
libri1,libri1,pink,5.0,0.4,0.25,tpr,0.9697
libri1,libri1,pink,5.0,0.4,0.3,tpr,0.9697
libri1,libri1,pink,5.0,0.4,0.35,tpr,0.9697
libri1,libri1,pink,5.0,0.4,0.4,tpr,0.9697
libri1,libri1,pink,5.0,0.4,0.45,tpr,0.7965
libri1,libri1,pink,5.0,0.4,0.5,tpr,0.7662
libri1,libri1,pink,5.0,0.4,0.55,tpr,0.5325
libri1,libri1,pink,5.0,0.5,0.2,tpr,1.0
libri1,libri1,pink,5.0,0.5,0.25,tpr,0.9697
libri1,libri1,pink,5.0,0.5,0.3,tpr,0.9697
libri1,libri1,pink,5.0,0.5,0.35,tpr,0.9697
libri1,libri1,pink,5.0,0.5,0.4,tpr,0.9394
libri1,libri1,pink,5.0,0.5,0.45,tpr,0.7662
libri1,libri1,pink,5.0,0.5,0.5,tpr,0.4632
libri1,libri1,pink,5.0,0.5,0.55,tpr,0.1082
libri1,libri1,pink,5.0,0.6,0.2,tpr,1.0
libri1,libri1,pink,5.0,0.6,0.25,tpr,0.9697
libri1,libri1,pink,5.0,0.6,0.3,tpr,0.9697
libri1,libri1,pink,5.0,0.6,0.35,tpr,0.9697
libri1,libri1,pink,5.0,0.6,0.4,tpr,0.6623
libri1,libri1,pink,5.0,0.6,0.45,tpr,0.2511
libri1,libri1,pink,5.0,0.6,0.5,tpr,0.0736
libri1,libri1,pink,5.0,0.6,0.55,tpr,0.0
libri1,libri1,pink,5.0,0.7,0.2,tpr,1.0
libri1,libri1,pink,5.0,0.7,0.25,tpr,0.9697
libri1,libri1,pink,5.0,0.7,0.3,tpr,0.9697
libri1,libri1,pink,5.0,0.7,0.35,tpr,0.5195
libri1,libri1,pink,5.0,0.7,0.4,tpr,0.1818
libri1,libri1,pink,5.0,0.7,0.45,tpr,0.0736
libri1,libri1,pink,5.0,0.7,0.5,tpr,0.0
libri1,libri1,pink,5.0,0.7,0.55,tpr,0.0
libri1,libri1,pink,5.0,0.8,0.2,tpr,1.0
libri1,libri1,pink,5.0,0.8,0.25,tpr,0.6234
libri1,libri1,pink,5.0,0.8,0.3,tpr,0.5195
libri1,libri1,pink,5.0,0.8,0.35,tpr,0.1472
libri1,libri1,pink,5.0,0.8,0.4,tpr,0.0
libri1,libri1,pink,5.0,0.8,0.45,tpr,0.0
libri1,libri1,pink,5.0,0.8,0.5,tpr,0.0
libri1,libri1,pink,5.0,0.8,0.55,tpr,0.0
libri1,libri1,pink,5.0,0.9,0.2,tpr,0.5887
libri1,libri1,pink,5.0,0.9,0.25,tpr,0.5195
libri1,libri1,pink,5.0,0.9,0.3,tpr,0.3247
libri1,libri1,pink,5.0,0.9,0.35,tpr,0.0736
libri1,libri1,pink,5.0,0.9,0.4,tpr,0.0
libri1,libri1,pink,5.0,0.9,0.45,tpr,0.0
libri1,libri1,pink,5.0,0.9,0.5,tpr,0.0
libri1,libri1,pink,5.0,0.9,0.55,tpr,0.0
libri1,libri1,pink,5.0,1.0,0.2,tpr,0.5195
libri1,libri1,pink,5.0,1.0,0.25,tpr,0.3247
libri1,libri1,pink,5.0,1.0,0.3,tpr,0.1818
libri1,libri1,pink,5.0,1.0,0.35,tpr,0.0
libri1,libri1,pink,5.0,1.0,0.4,tpr,0.0
libri1,libri1,pink,5.0,1.0,0.45,tpr,0.0
libri1,libri1,pink,5.0,1.0,0.5,tpr,0.0
libri1,libri1,pink,5.0,1.0,0.55,tpr,0.0
libri1,libri1,pink,10.0,0.0,0.2,tpr,0.9697
libri1,libri1,pink,10.0,0.0,0.25,tpr,0.9697
libri1,libri1,pink,10.0,0.0,0.3,tpr,0.9697
libri1,libri1,pink,10.0,0.0,0.35,tpr,0.9697
libri1,libri1,pink,10.0,0.0,0.4,tpr,0.9697
libri1,libri1,pink,10.0,0.0,0.45,tpr,0.9697
libri1,libri1,pink,10.0,0.0,0.5,tpr,0.7619
libri1,libri1,pink,10.0,0.0,0.55,tpr,0.7619
libri1,libri1,pink,10.0,0.1,0.2,tpr,0.9697
libri1,libri1,pink,10.0,0.1,0.25,tpr,0.9697
libri1,libri1,pink,10.0,0.1,0.3,tpr,0.9697
libri1,libri1,pink,10.0,0.1,0.35,tpr,0.9697
libri1,libri1,pink,10.0,0.1,0.4,tpr,0.9697
libri1,libri1,pink,10.0,0.1,0.45,tpr,0.9697
libri1,libri1,pink,10.0,0.1,0.5,tpr,0.7619
libri1,libri1,pink,10.0,0.1,0.55,tpr,0.71
libri1,libri1,pink,10.0,0.2,0.2,tpr,0.9697
libri1,libri1,pink,10.0,0.2,0.25,tpr,0.9697
libri1,libri1,pink,10.0,0.2,0.3,tpr,0.9697
libri1,libri1,pink,10.0,0.2,0.35,tpr,0.9697
libri1,libri1,pink,10.0,0.2,0.4,tpr,0.9697
libri1,libri1,pink,10.0,0.2,0.45,tpr,0.9048
libri1,libri1,pink,10.0,0.2,0.5,tpr,0.7619
libri1,libri1,pink,10.0,0.2,0.55,tpr,0.6753
libri1,libri1,pink,10.0,0.3,0.2,tpr,0.9697
libri1,libri1,pink,10.0,0.3,0.25,tpr,0.9697
libri1,libri1,pink,10.0,0.3,0.3,tpr,0.9697
libri1,libri1,pink,10.0,0.3,0.35,tpr,0.9697
libri1,libri1,pink,10.0,0.3,0.4,tpr,0.9697
libri1,libri1,pink,10.0,0.3,0.45,tpr,0.8355
libri1,libri1,pink,10.0,0.3,0.5,tpr,0.71
libri1,libri1,pink,10.0,0.3,0.55,tpr,0.6753
libri1,libri1,pink,10.0,0.4,0.2,tpr,1.0
libri1,libri1,pink,10.0,0.4,0.25,tpr,0.9697
libri1,libri1,pink,10.0,0.4,0.3,tpr,0.9697
libri1,libri1,pink,10.0,0.4,0.35,tpr,0.9697
libri1,libri1,pink,10.0,0.4,0.4,tpr,0.9697
libri1,libri1,pink,10.0,0.4,0.45,tpr,0.71
libri1,libri1,pink,10.0,0.4,0.5,tpr,0.6753
libri1,libri1,pink,10.0,0.4,0.55,tpr,0.6104
libri1,libri1,pink,10.0,0.5,0.2,tpr,1.0
libri1,libri1,pink,10.0,0.5,0.25,tpr,0.9697
libri1,libri1,pink,10.0,0.5,0.3,tpr,0.9697
libri1,libri1,pink,10.0,0.5,0.35,tpr,0.9697
libri1,libri1,pink,10.0,0.5,0.4,tpr,0.8528
libri1,libri1,pink,10.0,0.5,0.45,tpr,0.6753
libri1,libri1,pink,10.0,0.5,0.5,tpr,0.645
libri1,libri1,pink,10.0,0.5,0.55,tpr,0.1775
libri1,libri1,pink,10.0,0.6,0.2,tpr,1.0
libri1,libri1,pink,10.0,0.6,0.25,tpr,1.0
libri1,libri1,pink,10.0,0.6,0.3,tpr,0.9697
libri1,libri1,pink,10.0,0.6,0.35,tpr,0.9697
libri1,libri1,pink,10.0,0.6,0.4,tpr,0.7489
libri1,libri1,pink,10.0,0.6,0.45,tpr,0.3896
libri1,libri1,pink,10.0,0.6,0.5,tpr,0.1429
libri1,libri1,pink,10.0,0.6,0.55,tpr,0.0736
libri1,libri1,pink,10.0,0.7,0.2,tpr,1.0
libri1,libri1,pink,10.0,0.7,0.25,tpr,1.0
libri1,libri1,pink,10.0,0.7,0.3,tpr,0.9697
libri1,libri1,pink,10.0,0.7,0.35,tpr,0.5628
libri1,libri1,pink,10.0,0.7,0.4,tpr,0.4286
libri1,libri1,pink,10.0,0.7,0.45,tpr,0.1775
libri1,libri1,pink,10.0,0.7,0.5,tpr,0.0736
libri1,libri1,pink,10.0,0.7,0.55,tpr,0.0
libri1,libri1,pink,10.0,0.8,0.2,tpr,1.0
libri1,libri1,pink,10.0,0.8,0.25,tpr,0.7489
libri1,libri1,pink,10.0,0.8,0.3,tpr,0.6623
libri1,libri1,pink,10.0,0.8,0.35,tpr,0.4286
libri1,libri1,pink,10.0,0.8,0.4,tpr,0.3247
libri1,libri1,pink,10.0,0.8,0.45,tpr,0.1082
libri1,libri1,pink,10.0,0.8,0.5,tpr,0.0
libri1,libri1,pink,10.0,0.8,0.55,tpr,0.0
libri1,libri1,pink,10.0,0.9,0.2,tpr,0.7489
libri1,libri1,pink,10.0,0.9,0.25,tpr,0.7186
libri1,libri1,pink,10.0,0.9,0.3,tpr,0.4935
libri1,libri1,pink,10.0,0.9,0.35,tpr,0.3593
libri1,libri1,pink,10.0,0.9,0.4,tpr,0.1082
libri1,libri1,pink,10.0,0.9,0.45,tpr,0.0
libri1,libri1,pink,10.0,0.9,0.5,tpr,0.0
libri1,libri1,pink,10.0,0.9,0.55,tpr,0.0
libri1,libri1,pink,10.0,1.0,0.2,tpr,0.7489
libri1,libri1,pink,10.0,1.0,0.25,tpr,0.5628
libri1,libri1,pink,10.0,1.0,0.3,tpr,0.4589
libri1,libri1,pink,10.0,1.0,0.35,tpr,0.2468
libri1,libri1,pink,10.0,1.0,0.4,tpr,0.0
libri1,libri1,pink,10.0,1.0,0.45,tpr,0.0
libri1,libri1,pink,10.0,1.0,0.5,tpr,0.0
libri1,libri1,pink,10.0,1.0,0.55,tpr,0.0
libri1,libri1,pink,15.0,0.0,0.2,tpr,0.8658
libri1,libri1,pink,15.0,0.0,0.25,tpr,0.8658
libri1,libri1,pink,15.0,0.0,0.3,tpr,0.8658
libri1,libri1,pink,15.0,0.0,0.35,tpr,0.8658
libri1,libri1,pink,15.0,0.0,0.4,tpr,0.8658
libri1,libri1,pink,15.0,0.0,0.45,tpr,0.8658
libri1,libri1,pink,15.0,0.0,0.5,tpr,0.6926
libri1,libri1,pink,15.0,0.0,0.55,tpr,0.6926
libri1,libri1,pink,15.0,0.1,0.2,tpr,0.8658
libri1,libri1,pink,15.0,0.1,0.25,tpr,0.8658
libri1,libri1,pink,15.0,0.1,0.3,tpr,0.8658
libri1,libri1,pink,15.0,0.1,0.35,tpr,0.8658
libri1,libri1,pink,15.0,0.1,0.4,tpr,0.8658
libri1,libri1,pink,15.0,0.1,0.45,tpr,0.8658
libri1,libri1,pink,15.0,0.1,0.5,tpr,0.6926
libri1,libri1,pink,15.0,0.1,0.55,tpr,0.6926
libri1,libri1,pink,15.0,0.2,0.2,tpr,0.8658
libri1,libri1,pink,15.0,0.2,0.25,tpr,0.8658
libri1,libri1,pink,15.0,0.2,0.3,tpr,0.8658
libri1,libri1,pink,15.0,0.2,0.35,tpr,0.8658
libri1,libri1,pink,15.0,0.2,0.4,tpr,0.8658
libri1,libri1,pink,15.0,0.2,0.45,tpr,0.7965
libri1,libri1,pink,15.0,0.2,0.5,tpr,0.6926
libri1,libri1,pink,15.0,0.2,0.55,tpr,0.6277
libri1,libri1,pink,15.0,0.3,0.2,tpr,0.9697
libri1,libri1,pink,15.0,0.3,0.25,tpr,0.8658
libri1,libri1,pink,15.0,0.3,0.3,tpr,0.8658
libri1,libri1,pink,15.0,0.3,0.35,tpr,0.8658
libri1,libri1,pink,15.0,0.3,0.4,tpr,0.8658
libri1,libri1,pink,15.0,0.3,0.45,tpr,0.6926
libri1,libri1,pink,15.0,0.3,0.5,tpr,0.6926
libri1,libri1,pink,15.0,0.3,0.55,tpr,0.5931
libri1,libri1,pink,15.0,0.4,0.2,tpr,1.0
libri1,libri1,pink,15.0,0.4,0.25,tpr,0.8658
libri1,libri1,pink,15.0,0.4,0.3,tpr,0.8658
libri1,libri1,pink,15.0,0.4,0.35,tpr,0.8658
libri1,libri1,pink,15.0,0.4,0.4,tpr,0.8658
libri1,libri1,pink,15.0,0.4,0.45,tpr,0.6926
libri1,libri1,pink,15.0,0.4,0.5,tpr,0.6277
libri1,libri1,pink,15.0,0.4,0.55,tpr,0.4545
libri1,libri1,pink,15.0,0.5,0.2,tpr,1.0
libri1,libri1,pink,15.0,0.5,0.25,tpr,0.9697
libri1,libri1,pink,15.0,0.5,0.3,tpr,0.8658
libri1,libri1,pink,15.0,0.5,0.35,tpr,0.8658
libri1,libri1,pink,15.0,0.5,0.4,tpr,0.7965
libri1,libri1,pink,15.0,0.5,0.45,tpr,0.6926
libri1,libri1,pink,15.0,0.5,0.5,tpr,0.5281
libri1,libri1,pink,15.0,0.5,0.55,tpr,0.1429
libri1,libri1,pink,15.0,0.6,0.2,tpr,1.0
libri1,libri1,pink,15.0,0.6,0.25,tpr,1.0
libri1,libri1,pink,15.0,0.6,0.3,tpr,0.9697
libri1,libri1,pink,15.0,0.6,0.35,tpr,0.8658
libri1,libri1,pink,15.0,0.6,0.4,tpr,0.6926
libri1,libri1,pink,15.0,0.6,0.45,tpr,0.2857
libri1,libri1,pink,15.0,0.6,0.5,tpr,0.1429
libri1,libri1,pink,15.0,0.6,0.55,tpr,0.0736
libri1,libri1,pink,15.0,0.7,0.2,tpr,1.0
libri1,libri1,pink,15.0,0.7,0.25,tpr,1.0
libri1,libri1,pink,15.0,0.7,0.3,tpr,0.9697
libri1,libri1,pink,15.0,0.7,0.35,tpr,0.5931
libri1,libri1,pink,15.0,0.7,0.4,tpr,0.3506
libri1,libri1,pink,15.0,0.7,0.45,tpr,0.1429
libri1,libri1,pink,15.0,0.7,0.5,tpr,0.0736
libri1,libri1,pink,15.0,0.7,0.55,tpr,0.0
libri1,libri1,pink,15.0,0.8,0.2,tpr,1.0
libri1,libri1,pink,15.0,0.8,0.25,tpr,0.7619
libri1,libri1,pink,15.0,0.8,0.3,tpr,0.7273
libri1,libri1,pink,15.0,0.8,0.35,tpr,0.5628
libri1,libri1,pink,15.0,0.8,0.4,tpr,0.1429
libri1,libri1,pink,15.0,0.8,0.45,tpr,0.0736
libri1,libri1,pink,15.0,0.8,0.5,tpr,0.0
libri1,libri1,pink,15.0,0.8,0.55,tpr,0.0
libri1,libri1,pink,15.0,0.9,0.2,tpr,0.7619
libri1,libri1,pink,15.0,0.9,0.25,tpr,0.7273
libri1,libri1,pink,15.0,0.9,0.3,tpr,0.697
libri1,libri1,pink,15.0,0.9,0.35,tpr,0.5238
libri1,libri1,pink,15.0,0.9,0.4,tpr,0.1775
libri1,libri1,pink,15.0,0.9,0.45,tpr,0.0
libri1,libri1,pink,15.0,0.9,0.5,tpr,0.0
libri1,libri1,pink,15.0,0.9,0.55,tpr,0.0
libri1,libri1,pink,15.0,1.0,0.2,tpr,0.7619
libri1,libri1,pink,15.0,1.0,0.25,tpr,0.7273
libri1,libri1,pink,15.0,1.0,0.3,tpr,0.632
libri1,libri1,pink,15.0,1.0,0.35,tpr,0.2468
libri1,libri1,pink,15.0,1.0,0.4,tpr,0.2468
libri1,libri1,pink,15.0,1.0,0.45,tpr,0.1082
libri1,libri1,pink,15.0,1.0,0.5,tpr,0.0
libri1,libri1,pink,15.0,1.0,0.55,tpr,0.0
libri1,libri1,pink,20.0,0.0,0.2,tpr,0.9004
libri1,libri1,pink,20.0,0.0,0.25,tpr,0.9004
libri1,libri1,pink,20.0,0.0,0.3,tpr,0.9004
libri1,libri1,pink,20.0,0.0,0.35,tpr,0.9004
libri1,libri1,pink,20.0,0.0,0.4,tpr,0.9004
libri1,libri1,pink,20.0,0.0,0.45,tpr,0.9004
libri1,libri1,pink,20.0,0.0,0.5,tpr,0.7273
libri1,libri1,pink,20.0,0.0,0.55,tpr,0.7273
libri1,libri1,pink,20.0,0.1,0.2,tpr,0.9004
libri1,libri1,pink,20.0,0.1,0.25,tpr,0.9004
libri1,libri1,pink,20.0,0.1,0.3,tpr,0.9004
libri1,libri1,pink,20.0,0.1,0.35,tpr,0.9004
libri1,libri1,pink,20.0,0.1,0.4,tpr,0.9004
libri1,libri1,pink,20.0,0.1,0.45,tpr,0.9004
libri1,libri1,pink,20.0,0.1,0.5,tpr,0.7273
libri1,libri1,pink,20.0,0.1,0.55,tpr,0.7273
libri1,libri1,pink,20.0,0.2,0.2,tpr,0.9004
libri1,libri1,pink,20.0,0.2,0.25,tpr,0.9004
libri1,libri1,pink,20.0,0.2,0.3,tpr,0.9004
libri1,libri1,pink,20.0,0.2,0.35,tpr,0.9004
libri1,libri1,pink,20.0,0.2,0.4,tpr,0.9004
libri1,libri1,pink,20.0,0.2,0.45,tpr,0.9004
libri1,libri1,pink,20.0,0.2,0.5,tpr,0.7273
libri1,libri1,pink,20.0,0.2,0.55,tpr,0.6667
libri1,libri1,pink,20.0,0.3,0.2,tpr,0.9697
libri1,libri1,pink,20.0,0.3,0.25,tpr,0.9004
libri1,libri1,pink,20.0,0.3,0.3,tpr,0.9004
libri1,libri1,pink,20.0,0.3,0.35,tpr,0.9004
libri1,libri1,pink,20.0,0.3,0.4,tpr,0.9004
libri1,libri1,pink,20.0,0.3,0.45,tpr,0.7273
libri1,libri1,pink,20.0,0.3,0.5,tpr,0.7273
libri1,libri1,pink,20.0,0.3,0.55,tpr,0.6667
libri1,libri1,pink,20.0,0.4,0.2,tpr,1.0
libri1,libri1,pink,20.0,0.4,0.25,tpr,0.9697
libri1,libri1,pink,20.0,0.4,0.3,tpr,0.9004
libri1,libri1,pink,20.0,0.4,0.35,tpr,0.9004
libri1,libri1,pink,20.0,0.4,0.4,tpr,0.9004
libri1,libri1,pink,20.0,0.4,0.45,tpr,0.7273
libri1,libri1,pink,20.0,0.4,0.5,tpr,0.697
libri1,libri1,pink,20.0,0.4,0.55,tpr,0.6017
libri1,libri1,pink,20.0,0.5,0.2,tpr,1.0
libri1,libri1,pink,20.0,0.5,0.25,tpr,1.0
libri1,libri1,pink,20.0,0.5,0.3,tpr,0.9697
libri1,libri1,pink,20.0,0.5,0.35,tpr,0.9004
libri1,libri1,pink,20.0,0.5,0.4,tpr,0.9004
libri1,libri1,pink,20.0,0.5,0.45,tpr,0.7273
libri1,libri1,pink,20.0,0.5,0.5,tpr,0.632
libri1,libri1,pink,20.0,0.5,0.55,tpr,0.2511
libri1,libri1,pink,20.0,0.6,0.2,tpr,1.0
libri1,libri1,pink,20.0,0.6,0.25,tpr,1.0
libri1,libri1,pink,20.0,0.6,0.3,tpr,0.9697
libri1,libri1,pink,20.0,0.6,0.35,tpr,0.9004
libri1,libri1,pink,20.0,0.6,0.4,tpr,0.8009
libri1,libri1,pink,20.0,0.6,0.45,tpr,0.4459
libri1,libri1,pink,20.0,0.6,0.5,tpr,0.3203
libri1,libri1,pink,20.0,0.6,0.55,tpr,0.1082
libri1,libri1,pink,20.0,0.7,0.2,tpr,1.0
libri1,libri1,pink,20.0,0.7,0.25,tpr,1.0
libri1,libri1,pink,20.0,0.7,0.3,tpr,1.0
libri1,libri1,pink,20.0,0.7,0.35,tpr,0.6926
libri1,libri1,pink,20.0,0.7,0.4,tpr,0.4459
libri1,libri1,pink,20.0,0.7,0.45,tpr,0.3506
libri1,libri1,pink,20.0,0.7,0.5,tpr,0.1818
libri1,libri1,pink,20.0,0.7,0.55,tpr,0.1082
libri1,libri1,pink,20.0,0.8,0.2,tpr,1.0
libri1,libri1,pink,20.0,0.8,0.25,tpr,0.7576
libri1,libri1,pink,20.0,0.8,0.3,tpr,0.7576
libri1,libri1,pink,20.0,0.8,0.35,tpr,0.7229
libri1,libri1,pink,20.0,0.8,0.4,tpr,0.4502
libri1,libri1,pink,20.0,0.8,0.45,tpr,0.316
libri1,libri1,pink,20.0,0.8,0.5,tpr,0.1082
libri1,libri1,pink,20.0,0.8,0.55,tpr,0.0
libri1,libri1,pink,20.0,0.9,0.2,tpr,0.7576
libri1,libri1,pink,20.0,0.9,0.25,tpr,0.7576
libri1,libri1,pink,20.0,0.9,0.3,tpr,0.7229
libri1,libri1,pink,20.0,0.9,0.35,tpr,0.6277
libri1,libri1,pink,20.0,0.9,0.4,tpr,0.4156
libri1,libri1,pink,20.0,0.9,0.45,tpr,0.2511
libri1,libri1,pink,20.0,0.9,0.5,tpr,0.0736
libri1,libri1,pink,20.0,0.9,0.55,tpr,0.0
libri1,libri1,pink,20.0,1.0,0.2,tpr,0.7576
libri1,libri1,pink,20.0,1.0,0.25,tpr,0.7576
libri1,libri1,pink,20.0,1.0,0.3,tpr,0.7229
libri1,libri1,pink,20.0,1.0,0.35,tpr,0.4848
libri1,libri1,pink,20.0,1.0,0.4,tpr,0.3506
libri1,libri1,pink,20.0,1.0,0.45,tpr,0.2511
libri1,libri1,pink,20.0,1.0,0.5,tpr,0.1082
libri1,libri1,pink,20.0,1.0,0.55,tpr,0.0
libri1,libri2,white,-5.0,0.0,0.2,fpr,0.1533
libri1,libri2,white,-5.0,0.0,0.25,fpr,0.1533
libri1,libri2,white,-5.0,0.0,0.3,fpr,0.1533
libri1,libri2,white,-5.0,0.0,0.35,fpr,0.1533
libri1,libri2,white,-5.0,0.0,0.4,fpr,0.1533
libri1,libri2,white,-5.0,0.0,0.45,fpr,0.1533
libri1,libri2,white,-5.0,0.0,0.5,fpr,0.1533
libri1,libri2,white,-5.0,0.0,0.55,fpr,0.1533
libri1,libri2,white,-5.0,0.1,0.2,fpr,0.1533
libri1,libri2,white,-5.0,0.1,0.25,fpr,0.1533
libri1,libri2,white,-5.0,0.1,0.3,fpr,0.1533
libri1,libri2,white,-5.0,0.1,0.35,fpr,0.1533
libri1,libri2,white,-5.0,0.1,0.4,fpr,0.1533
libri1,libri2,white,-5.0,0.1,0.45,fpr,0.1533
libri1,libri2,white,-5.0,0.1,0.5,fpr,0.1533
libri1,libri2,white,-5.0,0.1,0.55,fpr,0.1533
libri1,libri2,white,-5.0,0.2,0.2,fpr,0.1533
libri1,libri2,white,-5.0,0.2,0.25,fpr,0.1533
libri1,libri2,white,-5.0,0.2,0.3,fpr,0.1533
libri1,libri2,white,-5.0,0.2,0.35,fpr,0.1533
libri1,libri2,white,-5.0,0.2,0.4,fpr,0.1533
libri1,libri2,white,-5.0,0.2,0.45,fpr,0.1533
libri1,libri2,white,-5.0,0.2,0.5,fpr,0.1533
libri1,libri2,white,-5.0,0.2,0.55,fpr,0.1533
libri1,libri2,white,-5.0,0.3,0.2,fpr,0.1533
libri1,libri2,white,-5.0,0.3,0.25,fpr,0.1533
libri1,libri2,white,-5.0,0.3,0.3,fpr,0.1533
libri1,libri2,white,-5.0,0.3,0.35,fpr,0.1533
libri1,libri2,white,-5.0,0.3,0.4,fpr,0.1533
libri1,libri2,white,-5.0,0.3,0.45,fpr,0.1533
libri1,libri2,white,-5.0,0.3,0.5,fpr,0.1533
libri1,libri2,white,-5.0,0.3,0.55,fpr,0.1533
libri1,libri2,white,-5.0,0.4,0.2,fpr,0.1533
libri1,libri2,white,-5.0,0.4,0.25,fpr,0.1533
libri1,libri2,white,-5.0,0.4,0.3,fpr,0.1533
libri1,libri2,white,-5.0,0.4,0.35,fpr,0.1533
libri1,libri2,white,-5.0,0.4,0.4,fpr,0.1533
libri1,libri2,white,-5.0,0.4,0.45,fpr,0.1533
libri1,libri2,white,-5.0,0.4,0.5,fpr,0.1533
libri1,libri2,white,-5.0,0.4,0.55,fpr,0.1533
libri1,libri2,white,-5.0,0.5,0.2,fpr,0.1533
libri1,libri2,white,-5.0,0.5,0.25,fpr,0.1533
libri1,libri2,white,-5.0,0.5,0.3,fpr,0.1533
libri1,libri2,white,-5.0,0.5,0.35,fpr,0.1533
libri1,libri2,white,-5.0,0.5,0.4,fpr,0.1533
libri1,libri2,white,-5.0,0.5,0.45,fpr,0.1533
libri1,libri2,white,-5.0,0.5,0.5,fpr,0.1533
libri1,libri2,white,-5.0,0.5,0.55,fpr,0.0
libri1,libri2,white,-5.0,0.6,0.2,fpr,0.1533
libri1,libri2,white,-5.0,0.6,0.25,fpr,0.1533
libri1,libri2,white,-5.0,0.6,0.3,fpr,0.1533
libri1,libri2,white,-5.0,0.6,0.35,fpr,0.1533
libri1,libri2,white,-5.0,0.6,0.4,fpr,0.1533
libri1,libri2,white,-5.0,0.6,0.45,fpr,0.0
libri1,libri2,white,-5.0,0.6,0.5,fpr,0.0
libri1,libri2,white,-5.0,0.6,0.55,fpr,0.0
libri1,libri2,white,-5.0,0.7,0.2,fpr,0.1533
libri1,libri2,white,-5.0,0.7,0.25,fpr,0.1533
libri1,libri2,white,-5.0,0.7,0.3,fpr,0.1533
libri1,libri2,white,-5.0,0.7,0.35,fpr,0.0
libri1,libri2,white,-5.0,0.7,0.4,fpr,0.0
libri1,libri2,white,-5.0,0.7,0.45,fpr,0.0
libri1,libri2,white,-5.0,0.7,0.5,fpr,0.0
libri1,libri2,white,-5.0,0.7,0.55,fpr,0.0
libri1,libri2,white,-5.0,0.8,0.2,fpr,0.1533
libri1,libri2,white,-5.0,0.8,0.25,fpr,0.0
libri1,libri2,white,-5.0,0.8,0.3,fpr,0.0
libri1,libri2,white,-5.0,0.8,0.35,fpr,0.0
libri1,libri2,white,-5.0,0.8,0.4,fpr,0.0
libri1,libri2,white,-5.0,0.8,0.45,fpr,0.0
libri1,libri2,white,-5.0,0.8,0.5,fpr,0.0
libri1,libri2,white,-5.0,0.8,0.55,fpr,0.0
libri1,libri2,white,-5.0,0.9,0.2,fpr,0.0
libri1,libri2,white,-5.0,0.9,0.25,fpr,0.0
libri1,libri2,white,-5.0,0.9,0.3,fpr,0.0
libri1,libri2,white,-5.0,0.9,0.35,fpr,0.0
libri1,libri2,white,-5.0,0.9,0.4,fpr,0.0
libri1,libri2,white,-5.0,0.9,0.45,fpr,0.0
libri1,libri2,white,-5.0,0.9,0.5,fpr,0.0
libri1,libri2,white,-5.0,0.9,0.55,fpr,0.0
libri1,libri2,white,-5.0,1.0,0.2,fpr,0.0
libri1,libri2,white,-5.0,1.0,0.25,fpr,0.0
libri1,libri2,white,-5.0,1.0,0.3,fpr,0.0
libri1,libri2,white,-5.0,1.0,0.35,fpr,0.0
libri1,libri2,white,-5.0,1.0,0.4,fpr,0.0
libri1,libri2,white,-5.0,1.0,0.45,fpr,0.0
libri1,libri2,white,-5.0,1.0,0.5,fpr,0.0
libri1,libri2,white,-5.0,1.0,0.55,fpr,0.0
libri1,libri2,white,0.0,0.0,0.2,fpr,0.1533
libri1,libri2,white,0.0,0.0,0.25,fpr,0.1533
libri1,libri2,white,0.0,0.0,0.3,fpr,0.1533
libri1,libri2,white,0.0,0.0,0.35,fpr,0.1533
libri1,libri2,white,0.0,0.0,0.4,fpr,0.1533
libri1,libri2,white,0.0,0.0,0.45,fpr,0.1533
libri1,libri2,white,0.0,0.0,0.5,fpr,0.1533
libri1,libri2,white,0.0,0.0,0.55,fpr,0.1533
libri1,libri2,white,0.0,0.1,0.2,fpr,0.1533
libri1,libri2,white,0.0,0.1,0.25,fpr,0.1533
libri1,libri2,white,0.0,0.1,0.3,fpr,0.1533
libri1,libri2,white,0.0,0.1,0.35,fpr,0.1533
libri1,libri2,white,0.0,0.1,0.4,fpr,0.1533
libri1,libri2,white,0.0,0.1,0.45,fpr,0.1533
libri1,libri2,white,0.0,0.1,0.5,fpr,0.1533
libri1,libri2,white,0.0,0.1,0.55,fpr,0.1533
libri1,libri2,white,0.0,0.2,0.2,fpr,0.1533
libri1,libri2,white,0.0,0.2,0.25,fpr,0.1533
libri1,libri2,white,0.0,0.2,0.3,fpr,0.1533
libri1,libri2,white,0.0,0.2,0.35,fpr,0.1533
libri1,libri2,white,0.0,0.2,0.4,fpr,0.1533
libri1,libri2,white,0.0,0.2,0.45,fpr,0.1533
libri1,libri2,white,0.0,0.2,0.5,fpr,0.1533
libri1,libri2,white,0.0,0.2,0.55,fpr,0.1533
libri1,libri2,white,0.0,0.3,0.2,fpr,0.1533
libri1,libri2,white,0.0,0.3,0.25,fpr,0.1533
libri1,libri2,white,0.0,0.3,0.3,fpr,0.1533
libri1,libri2,white,0.0,0.3,0.35,fpr,0.1533
libri1,libri2,white,0.0,0.3,0.4,fpr,0.1533
libri1,libri2,white,0.0,0.3,0.45,fpr,0.1533
libri1,libri2,white,0.0,0.3,0.5,fpr,0.1533
libri1,libri2,white,0.0,0.3,0.55,fpr,0.1533
libri1,libri2,white,0.0,0.4,0.2,fpr,0.1533
libri1,libri2,white,0.0,0.4,0.25,fpr,0.1533
libri1,libri2,white,0.0,0.4,0.3,fpr,0.1533
libri1,libri2,white,0.0,0.4,0.35,fpr,0.1533
libri1,libri2,white,0.0,0.4,0.4,fpr,0.1533
libri1,libri2,white,0.0,0.4,0.45,fpr,0.1533
libri1,libri2,white,0.0,0.4,0.5,fpr,0.1533
libri1,libri2,white,0.0,0.4,0.55,fpr,0.1533
libri1,libri2,white,0.0,0.5,0.2,fpr,0.1533
libri1,libri2,white,0.0,0.5,0.25,fpr,0.1533
libri1,libri2,white,0.0,0.5,0.3,fpr,0.1533
libri1,libri2,white,0.0,0.5,0.35,fpr,0.1533
libri1,libri2,white,0.0,0.5,0.4,fpr,0.1533
libri1,libri2,white,0.0,0.5,0.45,fpr,0.1533
libri1,libri2,white,0.0,0.5,0.5,fpr,0.1533
libri1,libri2,white,0.0,0.5,0.55,fpr,0.0
libri1,libri2,white,0.0,0.6,0.2,fpr,0.1533
libri1,libri2,white,0.0,0.6,0.25,fpr,0.1533
libri1,libri2,white,0.0,0.6,0.3,fpr,0.1533
libri1,libri2,white,0.0,0.6,0.35,fpr,0.1533
libri1,libri2,white,0.0,0.6,0.4,fpr,0.1533
libri1,libri2,white,0.0,0.6,0.45,fpr,0.0
libri1,libri2,white,0.0,0.6,0.5,fpr,0.0
libri1,libri2,white,0.0,0.6,0.55,fpr,0.0
libri1,libri2,white,0.0,0.7,0.2,fpr,0.1533
libri1,libri2,white,0.0,0.7,0.25,fpr,0.1533
libri1,libri2,white,0.0,0.7,0.3,fpr,0.1533
libri1,libri2,white,0.0,0.7,0.35,fpr,0.0
libri1,libri2,white,0.0,0.7,0.4,fpr,0.0
libri1,libri2,white,0.0,0.7,0.45,fpr,0.0
libri1,libri2,white,0.0,0.7,0.5,fpr,0.0
libri1,libri2,white,0.0,0.7,0.55,fpr,0.0
libri1,libri2,white,0.0,0.8,0.2,fpr,0.1533
libri1,libri2,white,0.0,0.8,0.25,fpr,0.0
libri1,libri2,white,0.0,0.8,0.3,fpr,0.0
libri1,libri2,white,0.0,0.8,0.35,fpr,0.0
libri1,libri2,white,0.0,0.8,0.4,fpr,0.0
libri1,libri2,white,0.0,0.8,0.45,fpr,0.0
libri1,libri2,white,0.0,0.8,0.5,fpr,0.0
libri1,libri2,white,0.0,0.8,0.55,fpr,0.0
libri1,libri2,white,0.0,0.9,0.2,fpr,0.0
libri1,libri2,white,0.0,0.9,0.25,fpr,0.0
libri1,libri2,white,0.0,0.9,0.3,fpr,0.0
libri1,libri2,white,0.0,0.9,0.35,fpr,0.0
libri1,libri2,white,0.0,0.9,0.4,fpr,0.0
libri1,libri2,white,0.0,0.9,0.45,fpr,0.0
libri1,libri2,white,0.0,0.9,0.5,fpr,0.0
libri1,libri2,white,0.0,0.9,0.55,fpr,0.0
libri1,libri2,white,0.0,1.0,0.2,fpr,0.0
libri1,libri2,white,0.0,1.0,0.25,fpr,0.0
libri1,libri2,white,0.0,1.0,0.3,fpr,0.0
libri1,libri2,white,0.0,1.0,0.35,fpr,0.0
libri1,libri2,white,0.0,1.0,0.4,fpr,0.0
libri1,libri2,white,0.0,1.0,0.45,fpr,0.0
libri1,libri2,white,0.0,1.0,0.5,fpr,0.0
libri1,libri2,white,0.0,1.0,0.55,fpr,0.0
libri1,libri2,white,5.0,0.0,0.2,fpr,0.1533
libri1,libri2,white,5.0,0.0,0.25,fpr,0.1533
libri1,libri2,white,5.0,0.0,0.3,fpr,0.1533
libri1,libri2,white,5.0,0.0,0.35,fpr,0.1533
libri1,libri2,white,5.0,0.0,0.4,fpr,0.1533
libri1,libri2,white,5.0,0.0,0.45,fpr,0.1533
libri1,libri2,white,5.0,0.0,0.5,fpr,0.1533
libri1,libri2,white,5.0,0.0,0.55,fpr,0.1533
libri1,libri2,white,5.0,0.1,0.2,fpr,0.1533
libri1,libri2,white,5.0,0.1,0.25,fpr,0.1533
libri1,libri2,white,5.0,0.1,0.3,fpr,0.1533
libri1,libri2,white,5.0,0.1,0.35,fpr,0.1533
libri1,libri2,white,5.0,0.1,0.4,fpr,0.1533
libri1,libri2,white,5.0,0.1,0.45,fpr,0.1533
libri1,libri2,white,5.0,0.1,0.5,fpr,0.1533
libri1,libri2,white,5.0,0.1,0.55,fpr,0.1533
libri1,libri2,white,5.0,0.2,0.2,fpr,0.1533
libri1,libri2,white,5.0,0.2,0.25,fpr,0.1533
libri1,libri2,white,5.0,0.2,0.3,fpr,0.1533
libri1,libri2,white,5.0,0.2,0.35,fpr,0.1533
libri1,libri2,white,5.0,0.2,0.4,fpr,0.1533
libri1,libri2,white,5.0,0.2,0.45,fpr,0.1533
libri1,libri2,white,5.0,0.2,0.5,fpr,0.1533
libri1,libri2,white,5.0,0.2,0.55,fpr,0.1533
libri1,libri2,white,5.0,0.3,0.2,fpr,0.1533
libri1,libri2,white,5.0,0.3,0.25,fpr,0.1533
libri1,libri2,white,5.0,0.3,0.3,fpr,0.1533
libri1,libri2,white,5.0,0.3,0.35,fpr,0.1533
libri1,libri2,white,5.0,0.3,0.4,fpr,0.1533
libri1,libri2,white,5.0,0.3,0.45,fpr,0.1533
libri1,libri2,white,5.0,0.3,0.5,fpr,0.1533
libri1,libri2,white,5.0,0.3,0.55,fpr,0.1533
libri1,libri2,white,5.0,0.4,0.2,fpr,0.1533
libri1,libri2,white,5.0,0.4,0.25,fpr,0.1533
libri1,libri2,white,5.0,0.4,0.3,fpr,0.1533
libri1,libri2,white,5.0,0.4,0.35,fpr,0.1533
libri1,libri2,white,5.0,0.4,0.4,fpr,0.1533
libri1,libri2,white,5.0,0.4,0.45,fpr,0.1533
libri1,libri2,white,5.0,0.4,0.5,fpr,0.1533
libri1,libri2,white,5.0,0.4,0.55,fpr,0.1533
libri1,libri2,white,5.0,0.5,0.2,fpr,0.1533
libri1,libri2,white,5.0,0.5,0.25,fpr,0.1533
libri1,libri2,white,5.0,0.5,0.3,fpr,0.1533
libri1,libri2,white,5.0,0.5,0.35,fpr,0.1533
libri1,libri2,white,5.0,0.5,0.4,fpr,0.1533
libri1,libri2,white,5.0,0.5,0.45,fpr,0.1533
libri1,libri2,white,5.0,0.5,0.5,fpr,0.1533
libri1,libri2,white,5.0,0.5,0.55,fpr,0.0
libri1,libri2,white,5.0,0.6,0.2,fpr,0.1533
libri1,libri2,white,5.0,0.6,0.25,fpr,0.1533
libri1,libri2,white,5.0,0.6,0.3,fpr,0.1533
libri1,libri2,white,5.0,0.6,0.35,fpr,0.1533
libri1,libri2,white,5.0,0.6,0.4,fpr,0.1533
libri1,libri2,white,5.0,0.6,0.45,fpr,0.0
libri1,libri2,white,5.0,0.6,0.5,fpr,0.0
libri1,libri2,white,5.0,0.6,0.55,fpr,0.0
libri1,libri2,white,5.0,0.7,0.2,fpr,0.1533
libri1,libri2,white,5.0,0.7,0.25,fpr,0.1533
libri1,libri2,white,5.0,0.7,0.3,fpr,0.1533
libri1,libri2,white,5.0,0.7,0.35,fpr,0.0
libri1,libri2,white,5.0,0.7,0.4,fpr,0.0
libri1,libri2,white,5.0,0.7,0.45,fpr,0.0
libri1,libri2,white,5.0,0.7,0.5,fpr,0.0
libri1,libri2,white,5.0,0.7,0.55,fpr,0.0
libri1,libri2,white,5.0,0.8,0.2,fpr,0.1533
libri1,libri2,white,5.0,0.8,0.25,fpr,0.0
libri1,libri2,white,5.0,0.8,0.3,fpr,0.0
libri1,libri2,white,5.0,0.8,0.35,fpr,0.0
libri1,libri2,white,5.0,0.8,0.4,fpr,0.0
libri1,libri2,white,5.0,0.8,0.45,fpr,0.0
libri1,libri2,white,5.0,0.8,0.5,fpr,0.0
libri1,libri2,white,5.0,0.8,0.55,fpr,0.0
libri1,libri2,white,5.0,0.9,0.2,fpr,0.0
libri1,libri2,white,5.0,0.9,0.25,fpr,0.0
libri1,libri2,white,5.0,0.9,0.3,fpr,0.0
libri1,libri2,white,5.0,0.9,0.35,fpr,0.0
libri1,libri2,white,5.0,0.9,0.4,fpr,0.0
libri1,libri2,white,5.0,0.9,0.45,fpr,0.0
libri1,libri2,white,5.0,0.9,0.5,fpr,0.0
libri1,libri2,white,5.0,0.9,0.55,fpr,0.0
libri1,libri2,white,5.0,1.0,0.2,fpr,0.0
libri1,libri2,white,5.0,1.0,0.25,fpr,0.0
libri1,libri2,white,5.0,1.0,0.3,fpr,0.0
libri1,libri2,white,5.0,1.0,0.35,fpr,0.0
libri1,libri2,white,5.0,1.0,0.4,fpr,0.0
libri1,libri2,white,5.0,1.0,0.45,fpr,0.0
libri1,libri2,white,5.0,1.0,0.5,fpr,0.0
libri1,libri2,white,5.0,1.0,0.55,fpr,0.0
libri1,libri2,white,10.0,0.0,0.2,fpr,0.1533
libri1,libri2,white,10.0,0.0,0.25,fpr,0.1533
libri1,libri2,white,10.0,0.0,0.3,fpr,0.1533
libri1,libri2,white,10.0,0.0,0.35,fpr,0.1533
libri1,libri2,white,10.0,0.0,0.4,fpr,0.1533
libri1,libri2,white,10.0,0.0,0.45,fpr,0.1533
libri1,libri2,white,10.0,0.0,0.5,fpr,0.1533
libri1,libri2,white,10.0,0.0,0.55,fpr,0.1533
libri1,libri2,white,10.0,0.1,0.2,fpr,0.1533
libri1,libri2,white,10.0,0.1,0.25,fpr,0.1533
libri1,libri2,white,10.0,0.1,0.3,fpr,0.1533
libri1,libri2,white,10.0,0.1,0.35,fpr,0.1533
libri1,libri2,white,10.0,0.1,0.4,fpr,0.1533
libri1,libri2,white,10.0,0.1,0.45,fpr,0.1533
libri1,libri2,white,10.0,0.1,0.5,fpr,0.1533
libri1,libri2,white,10.0,0.1,0.55,fpr,0.1533
libri1,libri2,white,10.0,0.2,0.2,fpr,0.1533
libri1,libri2,white,10.0,0.2,0.25,fpr,0.1533
libri1,libri2,white,10.0,0.2,0.3,fpr,0.1533
libri1,libri2,white,10.0,0.2,0.35,fpr,0.1533
libri1,libri2,white,10.0,0.2,0.4,fpr,0.1533
libri1,libri2,white,10.0,0.2,0.45,fpr,0.1533
libri1,libri2,white,10.0,0.2,0.5,fpr,0.1533
libri1,libri2,white,10.0,0.2,0.55,fpr,0.1533
libri1,libri2,white,10.0,0.3,0.2,fpr,0.1533
libri1,libri2,white,10.0,0.3,0.25,fpr,0.1533
libri1,libri2,white,10.0,0.3,0.3,fpr,0.1533
libri1,libri2,white,10.0,0.3,0.35,fpr,0.1533
libri1,libri2,white,10.0,0.3,0.4,fpr,0.1533
libri1,libri2,white,10.0,0.3,0.45,fpr,0.1533
libri1,libri2,white,10.0,0.3,0.5,fpr,0.1533
libri1,libri2,white,10.0,0.3,0.55,fpr,0.1533
libri1,libri2,white,10.0,0.4,0.2,fpr,0.1533
libri1,libri2,white,10.0,0.4,0.25,fpr,0.1533
libri1,libri2,white,10.0,0.4,0.3,fpr,0.1533
libri1,libri2,white,10.0,0.4,0.35,fpr,0.1533
libri1,libri2,white,10.0,0.4,0.4,fpr,0.1533
libri1,libri2,white,10.0,0.4,0.45,fpr,0.1533
libri1,libri2,white,10.0,0.4,0.5,fpr,0.1533
libri1,libri2,white,10.0,0.4,0.55,fpr,0.1533
libri1,libri2,white,10.0,0.5,0.2,fpr,0.1533
libri1,libri2,white,10.0,0.5,0.25,fpr,0.1533
libri1,libri2,white,10.0,0.5,0.3,fpr,0.1533
libri1,libri2,white,10.0,0.5,0.35,fpr,0.1533
libri1,libri2,white,10.0,0.5,0.4,fpr,0.1533
libri1,libri2,white,10.0,0.5,0.45,fpr,0.1533
libri1,libri2,white,10.0,0.5,0.5,fpr,0.1533
libri1,libri2,white,10.0,0.5,0.55,fpr,0.0
libri1,libri2,white,10.0,0.6,0.2,fpr,0.1533
libri1,libri2,white,10.0,0.6,0.25,fpr,0.1533
libri1,libri2,white,10.0,0.6,0.3,fpr,0.1533
libri1,libri2,white,10.0,0.6,0.35,fpr,0.1533
libri1,libri2,white,10.0,0.6,0.4,fpr,0.1533
libri1,libri2,white,10.0,0.6,0.45,fpr,0.0
libri1,libri2,white,10.0,0.6,0.5,fpr,0.0
libri1,libri2,white,10.0,0.6,0.55,fpr,0.0
libri1,libri2,white,10.0,0.7,0.2,fpr,0.1533
libri1,libri2,white,10.0,0.7,0.25,fpr,0.1533
libri1,libri2,white,10.0,0.7,0.3,fpr,0.1533
libri1,libri2,white,10.0,0.7,0.35,fpr,0.0
libri1,libri2,white,10.0,0.7,0.4,fpr,0.0
libri1,libri2,white,10.0,0.7,0.45,fpr,0.0
libri1,libri2,white,10.0,0.7,0.5,fpr,0.0
libri1,libri2,white,10.0,0.7,0.55,fpr,0.0
libri1,libri2,white,10.0,0.8,0.2,fpr,0.1533
libri1,libri2,white,10.0,0.8,0.25,fpr,0.0
libri1,libri2,white,10.0,0.8,0.3,fpr,0.0
libri1,libri2,white,10.0,0.8,0.35,fpr,0.0
libri1,libri2,white,10.0,0.8,0.4,fpr,0.0
libri1,libri2,white,10.0,0.8,0.45,fpr,0.0
libri1,libri2,white,10.0,0.8,0.5,fpr,0.0
libri1,libri2,white,10.0,0.8,0.55,fpr,0.0
libri1,libri2,white,10.0,0.9,0.2,fpr,0.0
libri1,libri2,white,10.0,0.9,0.25,fpr,0.0
libri1,libri2,white,10.0,0.9,0.3,fpr,0.0
libri1,libri2,white,10.0,0.9,0.35,fpr,0.0
libri1,libri2,white,10.0,0.9,0.4,fpr,0.0
libri1,libri2,white,10.0,0.9,0.45,fpr,0.0
libri1,libri2,white,10.0,0.9,0.5,fpr,0.0
libri1,libri2,white,10.0,0.9,0.55,fpr,0.0
libri1,libri2,white,10.0,1.0,0.2,fpr,0.0
libri1,libri2,white,10.0,1.0,0.25,fpr,0.0
libri1,libri2,white,10.0,1.0,0.3,fpr,0.0
libri1,libri2,white,10.0,1.0,0.35,fpr,0.0
libri1,libri2,white,10.0,1.0,0.4,fpr,0.0
libri1,libri2,white,10.0,1.0,0.45,fpr,0.0
libri1,libri2,white,10.0,1.0,0.5,fpr,0.0
libri1,libri2,white,10.0,1.0,0.55,fpr,0.0
libri1,libri2,white,15.0,0.0,0.2,fpr,0.1533
libri1,libri2,white,15.0,0.0,0.25,fpr,0.1533
libri1,libri2,white,15.0,0.0,0.3,fpr,0.1533
libri1,libri2,white,15.0,0.0,0.35,fpr,0.1533
libri1,libri2,white,15.0,0.0,0.4,fpr,0.1533
libri1,libri2,white,15.0,0.0,0.45,fpr,0.1533
libri1,libri2,white,15.0,0.0,0.5,fpr,0.1533
libri1,libri2,white,15.0,0.0,0.55,fpr,0.1533
libri1,libri2,white,15.0,0.1,0.2,fpr,0.1533
libri1,libri2,white,15.0,0.1,0.25,fpr,0.1533
libri1,libri2,white,15.0,0.1,0.3,fpr,0.1533
libri1,libri2,white,15.0,0.1,0.35,fpr,0.1533
libri1,libri2,white,15.0,0.1,0.4,fpr,0.1533
libri1,libri2,white,15.0,0.1,0.45,fpr,0.1533
libri1,libri2,white,15.0,0.1,0.5,fpr,0.1533
libri1,libri2,white,15.0,0.1,0.55,fpr,0.1533
libri1,libri2,white,15.0,0.2,0.2,fpr,0.1533
libri1,libri2,white,15.0,0.2,0.25,fpr,0.1533
libri1,libri2,white,15.0,0.2,0.3,fpr,0.1533
libri1,libri2,white,15.0,0.2,0.35,fpr,0.1533
libri1,libri2,white,15.0,0.2,0.4,fpr,0.1533
libri1,libri2,white,15.0,0.2,0.45,fpr,0.1533
libri1,libri2,white,15.0,0.2,0.5,fpr,0.1533
libri1,libri2,white,15.0,0.2,0.55,fpr,0.1533
libri1,libri2,white,15.0,0.3,0.2,fpr,0.1533
libri1,libri2,white,15.0,0.3,0.25,fpr,0.1533
libri1,libri2,white,15.0,0.3,0.3,fpr,0.1533
libri1,libri2,white,15.0,0.3,0.35,fpr,0.1533
libri1,libri2,white,15.0,0.3,0.4,fpr,0.1533
libri1,libri2,white,15.0,0.3,0.45,fpr,0.1533
libri1,libri2,white,15.0,0.3,0.5,fpr,0.1533
libri1,libri2,white,15.0,0.3,0.55,fpr,0.1533
libri1,libri2,white,15.0,0.4,0.2,fpr,0.1533
libri1,libri2,white,15.0,0.4,0.25,fpr,0.1533
libri1,libri2,white,15.0,0.4,0.3,fpr,0.1533
libri1,libri2,white,15.0,0.4,0.35,fpr,0.1533
libri1,libri2,white,15.0,0.4,0.4,fpr,0.1533
libri1,libri2,white,15.0,0.4,0.45,fpr,0.1533
libri1,libri2,white,15.0,0.4,0.5,fpr,0.1533
libri1,libri2,white,15.0,0.4,0.55,fpr,0.1533
libri1,libri2,white,15.0,0.5,0.2,fpr,0.1533
libri1,libri2,white,15.0,0.5,0.25,fpr,0.1533
libri1,libri2,white,15.0,0.5,0.3,fpr,0.1533
libri1,libri2,white,15.0,0.5,0.35,fpr,0.1533
libri1,libri2,white,15.0,0.5,0.4,fpr,0.1533
libri1,libri2,white,15.0,0.5,0.45,fpr,0.1533
libri1,libri2,white,15.0,0.5,0.5,fpr,0.1533
libri1,libri2,white,15.0,0.5,0.55,fpr,0.0
libri1,libri2,white,15.0,0.6,0.2,fpr,0.1533
libri1,libri2,white,15.0,0.6,0.25,fpr,0.1533
libri1,libri2,white,15.0,0.6,0.3,fpr,0.1533
libri1,libri2,white,15.0,0.6,0.35,fpr,0.1533
libri1,libri2,white,15.0,0.6,0.4,fpr,0.1533
libri1,libri2,white,15.0,0.6,0.45,fpr,0.0
libri1,libri2,white,15.0,0.6,0.5,fpr,0.0
libri1,libri2,white,15.0,0.6,0.55,fpr,0.0
libri1,libri2,white,15.0,0.7,0.2,fpr,0.1533
libri1,libri2,white,15.0,0.7,0.25,fpr,0.1533
libri1,libri2,white,15.0,0.7,0.3,fpr,0.1533
libri1,libri2,white,15.0,0.7,0.35,fpr,0.0
libri1,libri2,white,15.0,0.7,0.4,fpr,0.0
libri1,libri2,white,15.0,0.7,0.45,fpr,0.0
libri1,libri2,white,15.0,0.7,0.5,fpr,0.0
libri1,libri2,white,15.0,0.7,0.55,fpr,0.0
libri1,libri2,white,15.0,0.8,0.2,fpr,0.1533
libri1,libri2,white,15.0,0.8,0.25,fpr,0.0
libri1,libri2,white,15.0,0.8,0.3,fpr,0.0
libri1,libri2,white,15.0,0.8,0.35,fpr,0.0
libri1,libri2,white,15.0,0.8,0.4,fpr,0.0
libri1,libri2,white,15.0,0.8,0.45,fpr,0.0
libri1,libri2,white,15.0,0.8,0.5,fpr,0.0
libri1,libri2,white,15.0,0.8,0.55,fpr,0.0
libri1,libri2,white,15.0,0.9,0.2,fpr,0.0
libri1,libri2,white,15.0,0.9,0.25,fpr,0.0
libri1,libri2,white,15.0,0.9,0.3,fpr,0.0
libri1,libri2,white,15.0,0.9,0.35,fpr,0.0
libri1,libri2,white,15.0,0.9,0.4,fpr,0.0
libri1,libri2,white,15.0,0.9,0.45,fpr,0.0
libri1,libri2,white,15.0,0.9,0.5,fpr,0.0
libri1,libri2,white,15.0,0.9,0.55,fpr,0.0
libri1,libri2,white,15.0,1.0,0.2,fpr,0.0
libri1,libri2,white,15.0,1.0,0.25,fpr,0.0
libri1,libri2,white,15.0,1.0,0.3,fpr,0.0
libri1,libri2,white,15.0,1.0,0.35,fpr,0.0
libri1,libri2,white,15.0,1.0,0.4,fpr,0.0
libri1,libri2,white,15.0,1.0,0.45,fpr,0.0
libri1,libri2,white,15.0,1.0,0.5,fpr,0.0
libri1,libri2,white,15.0,1.0,0.55,fpr,0.0
libri1,libri2,white,20.0,0.0,0.2,fpr,0.1533
libri1,libri2,white,20.0,0.0,0.25,fpr,0.1533
libri1,libri2,white,20.0,0.0,0.3,fpr,0.1533
libri1,libri2,white,20.0,0.0,0.35,fpr,0.1533
libri1,libri2,white,20.0,0.0,0.4,fpr,0.1533
libri1,libri2,white,20.0,0.0,0.45,fpr,0.1533
libri1,libri2,white,20.0,0.0,0.5,fpr,0.1533
libri1,libri2,white,20.0,0.0,0.55,fpr,0.1533
libri1,libri2,white,20.0,0.1,0.2,fpr,0.1533
libri1,libri2,white,20.0,0.1,0.25,fpr,0.1533
libri1,libri2,white,20.0,0.1,0.3,fpr,0.1533
libri1,libri2,white,20.0,0.1,0.35,fpr,0.1533
libri1,libri2,white,20.0,0.1,0.4,fpr,0.1533
libri1,libri2,white,20.0,0.1,0.45,fpr,0.1533
libri1,libri2,white,20.0,0.1,0.5,fpr,0.1533
libri1,libri2,white,20.0,0.1,0.55,fpr,0.1533
libri1,libri2,white,20.0,0.2,0.2,fpr,0.1533
libri1,libri2,white,20.0,0.2,0.25,fpr,0.1533
libri1,libri2,white,20.0,0.2,0.3,fpr,0.1533
libri1,libri2,white,20.0,0.2,0.35,fpr,0.1533
libri1,libri2,white,20.0,0.2,0.4,fpr,0.1533
libri1,libri2,white,20.0,0.2,0.45,fpr,0.1533
libri1,libri2,white,20.0,0.2,0.5,fpr,0.1533
libri1,libri2,white,20.0,0.2,0.55,fpr,0.1533
libri1,libri2,white,20.0,0.3,0.2,fpr,0.1533
libri1,libri2,white,20.0,0.3,0.25,fpr,0.1533
libri1,libri2,white,20.0,0.3,0.3,fpr,0.1533
libri1,libri2,white,20.0,0.3,0.35,fpr,0.1533
libri1,libri2,white,20.0,0.3,0.4,fpr,0.1533
libri1,libri2,white,20.0,0.3,0.45,fpr,0.1533
libri1,libri2,white,20.0,0.3,0.5,fpr,0.1533
libri1,libri2,white,20.0,0.3,0.55,fpr,0.1533
libri1,libri2,white,20.0,0.4,0.2,fpr,0.1533
libri1,libri2,white,20.0,0.4,0.25,fpr,0.1533
libri1,libri2,white,20.0,0.4,0.3,fpr,0.1533
libri1,libri2,white,20.0,0.4,0.35,fpr,0.1533
libri1,libri2,white,20.0,0.4,0.4,fpr,0.1533
libri1,libri2,white,20.0,0.4,0.45,fpr,0.1533
libri1,libri2,white,20.0,0.4,0.5,fpr,0.1533
libri1,libri2,white,20.0,0.4,0.55,fpr,0.1533
libri1,libri2,white,20.0,0.5,0.2,fpr,0.1533
libri1,libri2,white,20.0,0.5,0.25,fpr,0.1533
libri1,libri2,white,20.0,0.5,0.3,fpr,0.1533
libri1,libri2,white,20.0,0.5,0.35,fpr,0.1533
libri1,libri2,white,20.0,0.5,0.4,fpr,0.1533
libri1,libri2,white,20.0,0.5,0.45,fpr,0.1533
libri1,libri2,white,20.0,0.5,0.5,fpr,0.1533
libri1,libri2,white,20.0,0.5,0.55,fpr,0.0
libri1,libri2,white,20.0,0.6,0.2,fpr,0.1533
libri1,libri2,white,20.0,0.6,0.25,fpr,0.1533
libri1,libri2,white,20.0,0.6,0.3,fpr,0.1533
libri1,libri2,white,20.0,0.6,0.35,fpr,0.1533
libri1,libri2,white,20.0,0.6,0.4,fpr,0.1533
libri1,libri2,white,20.0,0.6,0.45,fpr,0.0
libri1,libri2,white,20.0,0.6,0.5,fpr,0.0
libri1,libri2,white,20.0,0.6,0.55,fpr,0.0
libri1,libri2,white,20.0,0.7,0.2,fpr,0.1533
libri1,libri2,white,20.0,0.7,0.25,fpr,0.1533
libri1,libri2,white,20.0,0.7,0.3,fpr,0.1533
libri1,libri2,white,20.0,0.7,0.35,fpr,0.0
libri1,libri2,white,20.0,0.7,0.4,fpr,0.0
libri1,libri2,white,20.0,0.7,0.45,fpr,0.0
libri1,libri2,white,20.0,0.7,0.5,fpr,0.0
libri1,libri2,white,20.0,0.7,0.55,fpr,0.0
libri1,libri2,white,20.0,0.8,0.2,fpr,0.1533
libri1,libri2,white,20.0,0.8,0.25,fpr,0.0
libri1,libri2,white,20.0,0.8,0.3,fpr,0.0
libri1,libri2,white,20.0,0.8,0.35,fpr,0.0
libri1,libri2,white,20.0,0.8,0.4,fpr,0.0
libri1,libri2,white,20.0,0.8,0.45,fpr,0.0
libri1,libri2,white,20.0,0.8,0.5,fpr,0.0
libri1,libri2,white,20.0,0.8,0.55,fpr,0.0
libri1,libri2,white,20.0,0.9,0.2,fpr,0.0
libri1,libri2,white,20.0,0.9,0.25,fpr,0.0
libri1,libri2,white,20.0,0.9,0.3,fpr,0.0
libri1,libri2,white,20.0,0.9,0.35,fpr,0.0
libri1,libri2,white,20.0,0.9,0.4,fpr,0.0
libri1,libri2,white,20.0,0.9,0.45,fpr,0.0
libri1,libri2,white,20.0,0.9,0.5,fpr,0.0
libri1,libri2,white,20.0,0.9,0.55,fpr,0.0
libri1,libri2,white,20.0,1.0,0.2,fpr,0.0
libri1,libri2,white,20.0,1.0,0.25,fpr,0.0
libri1,libri2,white,20.0,1.0,0.3,fpr,0.0
libri1,libri2,white,20.0,1.0,0.35,fpr,0.0
libri1,libri2,white,20.0,1.0,0.4,fpr,0.0
libri1,libri2,white,20.0,1.0,0.45,fpr,0.0
libri1,libri2,white,20.0,1.0,0.5,fpr,0.0
libri1,libri2,white,20.0,1.0,0.55,fpr,0.0
libri1,libri2,pink,-5.0,0.0,0.2,fpr,0.1533
libri1,libri2,pink,-5.0,0.0,0.25,fpr,0.1533
libri1,libri2,pink,-5.0,0.0,0.3,fpr,0.1533
libri1,libri2,pink,-5.0,0.0,0.35,fpr,0.1533
libri1,libri2,pink,-5.0,0.0,0.4,fpr,0.1533
libri1,libri2,pink,-5.0,0.0,0.45,fpr,0.1533
libri1,libri2,pink,-5.0,0.0,0.5,fpr,0.1533
libri1,libri2,pink,-5.0,0.0,0.55,fpr,0.1533
libri1,libri2,pink,-5.0,0.1,0.2,fpr,0.1533
libri1,libri2,pink,-5.0,0.1,0.25,fpr,0.1533
libri1,libri2,pink,-5.0,0.1,0.3,fpr,0.1533
libri1,libri2,pink,-5.0,0.1,0.35,fpr,0.1533
libri1,libri2,pink,-5.0,0.1,0.4,fpr,0.1533
libri1,libri2,pink,-5.0,0.1,0.45,fpr,0.1533
libri1,libri2,pink,-5.0,0.1,0.5,fpr,0.1533
libri1,libri2,pink,-5.0,0.1,0.55,fpr,0.1533
libri1,libri2,pink,-5.0,0.2,0.2,fpr,0.1533
libri1,libri2,pink,-5.0,0.2,0.25,fpr,0.1533
libri1,libri2,pink,-5.0,0.2,0.3,fpr,0.1533
libri1,libri2,pink,-5.0,0.2,0.35,fpr,0.1533
libri1,libri2,pink,-5.0,0.2,0.4,fpr,0.1533
libri1,libri2,pink,-5.0,0.2,0.45,fpr,0.1533
libri1,libri2,pink,-5.0,0.2,0.5,fpr,0.1533
libri1,libri2,pink,-5.0,0.2,0.55,fpr,0.1533
libri1,libri2,pink,-5.0,0.3,0.2,fpr,0.1533
libri1,libri2,pink,-5.0,0.3,0.25,fpr,0.1533
libri1,libri2,pink,-5.0,0.3,0.3,fpr,0.1533
libri1,libri2,pink,-5.0,0.3,0.35,fpr,0.1533
libri1,libri2,pink,-5.0,0.3,0.4,fpr,0.1533
libri1,libri2,pink,-5.0,0.3,0.45,fpr,0.1533
libri1,libri2,pink,-5.0,0.3,0.5,fpr,0.1533
libri1,libri2,pink,-5.0,0.3,0.55,fpr,0.1533
libri1,libri2,pink,-5.0,0.4,0.2,fpr,0.1533
libri1,libri2,pink,-5.0,0.4,0.25,fpr,0.1533
libri1,libri2,pink,-5.0,0.4,0.3,fpr,0.1533
libri1,libri2,pink,-5.0,0.4,0.35,fpr,0.1533
libri1,libri2,pink,-5.0,0.4,0.4,fpr,0.1533
libri1,libri2,pink,-5.0,0.4,0.45,fpr,0.1533
libri1,libri2,pink,-5.0,0.4,0.5,fpr,0.1533
libri1,libri2,pink,-5.0,0.4,0.55,fpr,0.1533
libri1,libri2,pink,-5.0,0.5,0.2,fpr,0.1533
libri1,libri2,pink,-5.0,0.5,0.25,fpr,0.1533
libri1,libri2,pink,-5.0,0.5,0.3,fpr,0.1533
libri1,libri2,pink,-5.0,0.5,0.35,fpr,0.1533
libri1,libri2,pink,-5.0,0.5,0.4,fpr,0.1533
libri1,libri2,pink,-5.0,0.5,0.45,fpr,0.1533
libri1,libri2,pink,-5.0,0.5,0.5,fpr,0.1533
libri1,libri2,pink,-5.0,0.5,0.55,fpr,0.0
libri1,libri2,pink,-5.0,0.6,0.2,fpr,0.1533
libri1,libri2,pink,-5.0,0.6,0.25,fpr,0.1533
libri1,libri2,pink,-5.0,0.6,0.3,fpr,0.1533
libri1,libri2,pink,-5.0,0.6,0.35,fpr,0.1533
libri1,libri2,pink,-5.0,0.6,0.4,fpr,0.1533
libri1,libri2,pink,-5.0,0.6,0.45,fpr,0.0
libri1,libri2,pink,-5.0,0.6,0.5,fpr,0.0
libri1,libri2,pink,-5.0,0.6,0.55,fpr,0.0
libri1,libri2,pink,-5.0,0.7,0.2,fpr,0.1533
libri1,libri2,pink,-5.0,0.7,0.25,fpr,0.1533
libri1,libri2,pink,-5.0,0.7,0.3,fpr,0.1533
libri1,libri2,pink,-5.0,0.7,0.35,fpr,0.0
libri1,libri2,pink,-5.0,0.7,0.4,fpr,0.0
libri1,libri2,pink,-5.0,0.7,0.45,fpr,0.0
libri1,libri2,pink,-5.0,0.7,0.5,fpr,0.0
libri1,libri2,pink,-5.0,0.7,0.55,fpr,0.0
libri1,libri2,pink,-5.0,0.8,0.2,fpr,0.1533
libri1,libri2,pink,-5.0,0.8,0.25,fpr,0.0
libri1,libri2,pink,-5.0,0.8,0.3,fpr,0.0
libri1,libri2,pink,-5.0,0.8,0.35,fpr,0.0
libri1,libri2,pink,-5.0,0.8,0.4,fpr,0.0
libri1,libri2,pink,-5.0,0.8,0.45,fpr,0.0
libri1,libri2,pink,-5.0,0.8,0.5,fpr,0.0
libri1,libri2,pink,-5.0,0.8,0.55,fpr,0.0
libri1,libri2,pink,-5.0,0.9,0.2,fpr,0.0
libri1,libri2,pink,-5.0,0.9,0.25,fpr,0.0
libri1,libri2,pink,-5.0,0.9,0.3,fpr,0.0
libri1,libri2,pink,-5.0,0.9,0.35,fpr,0.0
libri1,libri2,pink,-5.0,0.9,0.4,fpr,0.0
libri1,libri2,pink,-5.0,0.9,0.45,fpr,0.0
libri1,libri2,pink,-5.0,0.9,0.5,fpr,0.0
libri1,libri2,pink,-5.0,0.9,0.55,fpr,0.0
libri1,libri2,pink,-5.0,1.0,0.2,fpr,0.0
libri1,libri2,pink,-5.0,1.0,0.25,fpr,0.0
libri1,libri2,pink,-5.0,1.0,0.3,fpr,0.0
libri1,libri2,pink,-5.0,1.0,0.35,fpr,0.0
libri1,libri2,pink,-5.0,1.0,0.4,fpr,0.0
libri1,libri2,pink,-5.0,1.0,0.45,fpr,0.0
libri1,libri2,pink,-5.0,1.0,0.5,fpr,0.0
libri1,libri2,pink,-5.0,1.0,0.55,fpr,0.0
libri1,libri2,pink,0.0,0.0,0.2,fpr,0.1533
libri1,libri2,pink,0.0,0.0,0.25,fpr,0.1533
libri1,libri2,pink,0.0,0.0,0.3,fpr,0.1533
libri1,libri2,pink,0.0,0.0,0.35,fpr,0.1533
libri1,libri2,pink,0.0,0.0,0.4,fpr,0.1533
libri1,libri2,pink,0.0,0.0,0.45,fpr,0.1533
libri1,libri2,pink,0.0,0.0,0.5,fpr,0.1533
libri1,libri2,pink,0.0,0.0,0.55,fpr,0.1533
libri1,libri2,pink,0.0,0.1,0.2,fpr,0.1533
libri1,libri2,pink,0.0,0.1,0.25,fpr,0.1533
libri1,libri2,pink,0.0,0.1,0.3,fpr,0.1533
libri1,libri2,pink,0.0,0.1,0.35,fpr,0.1533
libri1,libri2,pink,0.0,0.1,0.4,fpr,0.1533
libri1,libri2,pink,0.0,0.1,0.45,fpr,0.1533
libri1,libri2,pink,0.0,0.1,0.5,fpr,0.1533
libri1,libri2,pink,0.0,0.1,0.55,fpr,0.1533
libri1,libri2,pink,0.0,0.2,0.2,fpr,0.1533
libri1,libri2,pink,0.0,0.2,0.25,fpr,0.1533
libri1,libri2,pink,0.0,0.2,0.3,fpr,0.1533
libri1,libri2,pink,0.0,0.2,0.35,fpr,0.1533
libri1,libri2,pink,0.0,0.2,0.4,fpr,0.1533
libri1,libri2,pink,0.0,0.2,0.45,fpr,0.1533
libri1,libri2,pink,0.0,0.2,0.5,fpr,0.1533
libri1,libri2,pink,0.0,0.2,0.55,fpr,0.1533
libri1,libri2,pink,0.0,0.3,0.2,fpr,0.1533
libri1,libri2,pink,0.0,0.3,0.25,fpr,0.1533
libri1,libri2,pink,0.0,0.3,0.3,fpr,0.1533
libri1,libri2,pink,0.0,0.3,0.35,fpr,0.1533
libri1,libri2,pink,0.0,0.3,0.4,fpr,0.1533
libri1,libri2,pink,0.0,0.3,0.45,fpr,0.1533
libri1,libri2,pink,0.0,0.3,0.5,fpr,0.1533
libri1,libri2,pink,0.0,0.3,0.55,fpr,0.1533
libri1,libri2,pink,0.0,0.4,0.2,fpr,0.1533
libri1,libri2,pink,0.0,0.4,0.25,fpr,0.1533
libri1,libri2,pink,0.0,0.4,0.3,fpr,0.1533
libri1,libri2,pink,0.0,0.4,0.35,fpr,0.1533
libri1,libri2,pink,0.0,0.4,0.4,fpr,0.1533
libri1,libri2,pink,0.0,0.4,0.45,fpr,0.1533
libri1,libri2,pink,0.0,0.4,0.5,fpr,0.1533
libri1,libri2,pink,0.0,0.4,0.55,fpr,0.1533
libri1,libri2,pink,0.0,0.5,0.2,fpr,0.1533
libri1,libri2,pink,0.0,0.5,0.25,fpr,0.1533
libri1,libri2,pink,0.0,0.5,0.3,fpr,0.1533
libri1,libri2,pink,0.0,0.5,0.35,fpr,0.1533
libri1,libri2,pink,0.0,0.5,0.4,fpr,0.1533
libri1,libri2,pink,0.0,0.5,0.45,fpr,0.1533
libri1,libri2,pink,0.0,0.5,0.5,fpr,0.1533
libri1,libri2,pink,0.0,0.5,0.55,fpr,0.0
libri1,libri2,pink,0.0,0.6,0.2,fpr,0.1533
libri1,libri2,pink,0.0,0.6,0.25,fpr,0.1533
libri1,libri2,pink,0.0,0.6,0.3,fpr,0.1533
libri1,libri2,pink,0.0,0.6,0.35,fpr,0.1533
libri1,libri2,pink,0.0,0.6,0.4,fpr,0.1533
libri1,libri2,pink,0.0,0.6,0.45,fpr,0.0
libri1,libri2,pink,0.0,0.6,0.5,fpr,0.0
libri1,libri2,pink,0.0,0.6,0.55,fpr,0.0
libri1,libri2,pink,0.0,0.7,0.2,fpr,0.1533
libri1,libri2,pink,0.0,0.7,0.25,fpr,0.1533
libri1,libri2,pink,0.0,0.7,0.3,fpr,0.1533
libri1,libri2,pink,0.0,0.7,0.35,fpr,0.0
libri1,libri2,pink,0.0,0.7,0.4,fpr,0.0
libri1,libri2,pink,0.0,0.7,0.45,fpr,0.0
libri1,libri2,pink,0.0,0.7,0.5,fpr,0.0
libri1,libri2,pink,0.0,0.7,0.55,fpr,0.0
libri1,libri2,pink,0.0,0.8,0.2,fpr,0.1533
libri1,libri2,pink,0.0,0.8,0.25,fpr,0.0
libri1,libri2,pink,0.0,0.8,0.3,fpr,0.0
libri1,libri2,pink,0.0,0.8,0.35,fpr,0.0
libri1,libri2,pink,0.0,0.8,0.4,fpr,0.0
libri1,libri2,pink,0.0,0.8,0.45,fpr,0.0
libri1,libri2,pink,0.0,0.8,0.5,fpr,0.0
libri1,libri2,pink,0.0,0.8,0.55,fpr,0.0
libri1,libri2,pink,0.0,0.9,0.2,fpr,0.0
libri1,libri2,pink,0.0,0.9,0.25,fpr,0.0
libri1,libri2,pink,0.0,0.9,0.3,fpr,0.0
libri1,libri2,pink,0.0,0.9,0.35,fpr,0.0
libri1,libri2,pink,0.0,0.9,0.4,fpr,0.0
libri1,libri2,pink,0.0,0.9,0.45,fpr,0.0
libri1,libri2,pink,0.0,0.9,0.5,fpr,0.0
libri1,libri2,pink,0.0,0.9,0.55,fpr,0.0
libri1,libri2,pink,0.0,1.0,0.2,fpr,0.0
libri1,libri2,pink,0.0,1.0,0.25,fpr,0.0
libri1,libri2,pink,0.0,1.0,0.3,fpr,0.0
libri1,libri2,pink,0.0,1.0,0.35,fpr,0.0
libri1,libri2,pink,0.0,1.0,0.4,fpr,0.0
libri1,libri2,pink,0.0,1.0,0.45,fpr,0.0
libri1,libri2,pink,0.0,1.0,0.5,fpr,0.0
libri1,libri2,pink,0.0,1.0,0.55,fpr,0.0
libri1,libri2,pink,5.0,0.0,0.2,fpr,0.1533
libri1,libri2,pink,5.0,0.0,0.25,fpr,0.1533
libri1,libri2,pink,5.0,0.0,0.3,fpr,0.1533
libri1,libri2,pink,5.0,0.0,0.35,fpr,0.1533
libri1,libri2,pink,5.0,0.0,0.4,fpr,0.1533
libri1,libri2,pink,5.0,0.0,0.45,fpr,0.1533
libri1,libri2,pink,5.0,0.0,0.5,fpr,0.1533
libri1,libri2,pink,5.0,0.0,0.55,fpr,0.1533
libri1,libri2,pink,5.0,0.1,0.2,fpr,0.1533
libri1,libri2,pink,5.0,0.1,0.25,fpr,0.1533
libri1,libri2,pink,5.0,0.1,0.3,fpr,0.1533
libri1,libri2,pink,5.0,0.1,0.35,fpr,0.1533
libri1,libri2,pink,5.0,0.1,0.4,fpr,0.1533
libri1,libri2,pink,5.0,0.1,0.45,fpr,0.1533
libri1,libri2,pink,5.0,0.1,0.5,fpr,0.1533
libri1,libri2,pink,5.0,0.1,0.55,fpr,0.1533
libri1,libri2,pink,5.0,0.2,0.2,fpr,0.1533
libri1,libri2,pink,5.0,0.2,0.25,fpr,0.1533
libri1,libri2,pink,5.0,0.2,0.3,fpr,0.1533
libri1,libri2,pink,5.0,0.2,0.35,fpr,0.1533
libri1,libri2,pink,5.0,0.2,0.4,fpr,0.1533
libri1,libri2,pink,5.0,0.2,0.45,fpr,0.1533
libri1,libri2,pink,5.0,0.2,0.5,fpr,0.1533
libri1,libri2,pink,5.0,0.2,0.55,fpr,0.1533
libri1,libri2,pink,5.0,0.3,0.2,fpr,0.1533
libri1,libri2,pink,5.0,0.3,0.25,fpr,0.1533
libri1,libri2,pink,5.0,0.3,0.3,fpr,0.1533
libri1,libri2,pink,5.0,0.3,0.35,fpr,0.1533
libri1,libri2,pink,5.0,0.3,0.4,fpr,0.1533
libri1,libri2,pink,5.0,0.3,0.45,fpr,0.1533
libri1,libri2,pink,5.0,0.3,0.5,fpr,0.1533
libri1,libri2,pink,5.0,0.3,0.55,fpr,0.1533
libri1,libri2,pink,5.0,0.4,0.2,fpr,0.1533
libri1,libri2,pink,5.0,0.4,0.25,fpr,0.1533
libri1,libri2,pink,5.0,0.4,0.3,fpr,0.1533
libri1,libri2,pink,5.0,0.4,0.35,fpr,0.1533
libri1,libri2,pink,5.0,0.4,0.4,fpr,0.1533
libri1,libri2,pink,5.0,0.4,0.45,fpr,0.1533
libri1,libri2,pink,5.0,0.4,0.5,fpr,0.1533
libri1,libri2,pink,5.0,0.4,0.55,fpr,0.1533
libri1,libri2,pink,5.0,0.5,0.2,fpr,0.1533
libri1,libri2,pink,5.0,0.5,0.25,fpr,0.1533
libri1,libri2,pink,5.0,0.5,0.3,fpr,0.1533
libri1,libri2,pink,5.0,0.5,0.35,fpr,0.1533
libri1,libri2,pink,5.0,0.5,0.4,fpr,0.1533
libri1,libri2,pink,5.0,0.5,0.45,fpr,0.1533
libri1,libri2,pink,5.0,0.5,0.5,fpr,0.1533
libri1,libri2,pink,5.0,0.5,0.55,fpr,0.0
libri1,libri2,pink,5.0,0.6,0.2,fpr,0.1533
libri1,libri2,pink,5.0,0.6,0.25,fpr,0.1533
libri1,libri2,pink,5.0,0.6,0.3,fpr,0.1533
libri1,libri2,pink,5.0,0.6,0.35,fpr,0.1533
libri1,libri2,pink,5.0,0.6,0.4,fpr,0.1533
libri1,libri2,pink,5.0,0.6,0.45,fpr,0.0
libri1,libri2,pink,5.0,0.6,0.5,fpr,0.0
libri1,libri2,pink,5.0,0.6,0.55,fpr,0.0
libri1,libri2,pink,5.0,0.7,0.2,fpr,0.1533
libri1,libri2,pink,5.0,0.7,0.25,fpr,0.1533
libri1,libri2,pink,5.0,0.7,0.3,fpr,0.1533
libri1,libri2,pink,5.0,0.7,0.35,fpr,0.0
libri1,libri2,pink,5.0,0.7,0.4,fpr,0.0
libri1,libri2,pink,5.0,0.7,0.45,fpr,0.0
libri1,libri2,pink,5.0,0.7,0.5,fpr,0.0
libri1,libri2,pink,5.0,0.7,0.55,fpr,0.0
libri1,libri2,pink,5.0,0.8,0.2,fpr,0.1533
libri1,libri2,pink,5.0,0.8,0.25,fpr,0.0
libri1,libri2,pink,5.0,0.8,0.3,fpr,0.0
libri1,libri2,pink,5.0,0.8,0.35,fpr,0.0
libri1,libri2,pink,5.0,0.8,0.4,fpr,0.0
libri1,libri2,pink,5.0,0.8,0.45,fpr,0.0
libri1,libri2,pink,5.0,0.8,0.5,fpr,0.0
libri1,libri2,pink,5.0,0.8,0.55,fpr,0.0
libri1,libri2,pink,5.0,0.9,0.2,fpr,0.0
libri1,libri2,pink,5.0,0.9,0.25,fpr,0.0
libri1,libri2,pink,5.0,0.9,0.3,fpr,0.0
libri1,libri2,pink,5.0,0.9,0.35,fpr,0.0
libri1,libri2,pink,5.0,0.9,0.4,fpr,0.0
libri1,libri2,pink,5.0,0.9,0.45,fpr,0.0
libri1,libri2,pink,5.0,0.9,0.5,fpr,0.0
libri1,libri2,pink,5.0,0.9,0.55,fpr,0.0
libri1,libri2,pink,5.0,1.0,0.2,fpr,0.0
libri1,libri2,pink,5.0,1.0,0.25,fpr,0.0
libri1,libri2,pink,5.0,1.0,0.3,fpr,0.0
libri1,libri2,pink,5.0,1.0,0.35,fpr,0.0
libri1,libri2,pink,5.0,1.0,0.4,fpr,0.0
libri1,libri2,pink,5.0,1.0,0.45,fpr,0.0
libri1,libri2,pink,5.0,1.0,0.5,fpr,0.0
libri1,libri2,pink,5.0,1.0,0.55,fpr,0.0
libri1,libri2,pink,10.0,0.0,0.2,fpr,0.1533
libri1,libri2,pink,10.0,0.0,0.25,fpr,0.1533
libri1,libri2,pink,10.0,0.0,0.3,fpr,0.1533
libri1,libri2,pink,10.0,0.0,0.35,fpr,0.1533
libri1,libri2,pink,10.0,0.0,0.4,fpr,0.1533
libri1,libri2,pink,10.0,0.0,0.45,fpr,0.1533
libri1,libri2,pink,10.0,0.0,0.5,fpr,0.1533
libri1,libri2,pink,10.0,0.0,0.55,fpr,0.1533
libri1,libri2,pink,10.0,0.1,0.2,fpr,0.1533
libri1,libri2,pink,10.0,0.1,0.25,fpr,0.1533
libri1,libri2,pink,10.0,0.1,0.3,fpr,0.1533
libri1,libri2,pink,10.0,0.1,0.35,fpr,0.1533
libri1,libri2,pink,10.0,0.1,0.4,fpr,0.1533
libri1,libri2,pink,10.0,0.1,0.45,fpr,0.1533
libri1,libri2,pink,10.0,0.1,0.5,fpr,0.1533
libri1,libri2,pink,10.0,0.1,0.55,fpr,0.1533
libri1,libri2,pink,10.0,0.2,0.2,fpr,0.1533
libri1,libri2,pink,10.0,0.2,0.25,fpr,0.1533
libri1,libri2,pink,10.0,0.2,0.3,fpr,0.1533
libri1,libri2,pink,10.0,0.2,0.35,fpr,0.1533
libri1,libri2,pink,10.0,0.2,0.4,fpr,0.1533
libri1,libri2,pink,10.0,0.2,0.45,fpr,0.1533
libri1,libri2,pink,10.0,0.2,0.5,fpr,0.1533
libri1,libri2,pink,10.0,0.2,0.55,fpr,0.1533
libri1,libri2,pink,10.0,0.3,0.2,fpr,0.1533
libri1,libri2,pink,10.0,0.3,0.25,fpr,0.1533
libri1,libri2,pink,10.0,0.3,0.3,fpr,0.1533
libri1,libri2,pink,10.0,0.3,0.35,fpr,0.1533
libri1,libri2,pink,10.0,0.3,0.4,fpr,0.1533
libri1,libri2,pink,10.0,0.3,0.45,fpr,0.1533
libri1,libri2,pink,10.0,0.3,0.5,fpr,0.1533
libri1,libri2,pink,10.0,0.3,0.55,fpr,0.1533
libri1,libri2,pink,10.0,0.4,0.2,fpr,0.1533
libri1,libri2,pink,10.0,0.4,0.25,fpr,0.1533
libri1,libri2,pink,10.0,0.4,0.3,fpr,0.1533
libri1,libri2,pink,10.0,0.4,0.35,fpr,0.1533
libri1,libri2,pink,10.0,0.4,0.4,fpr,0.1533
libri1,libri2,pink,10.0,0.4,0.45,fpr,0.1533
libri1,libri2,pink,10.0,0.4,0.5,fpr,0.1533
libri1,libri2,pink,10.0,0.4,0.55,fpr,0.1533
libri1,libri2,pink,10.0,0.5,0.2,fpr,0.1533
libri1,libri2,pink,10.0,0.5,0.25,fpr,0.1533
libri1,libri2,pink,10.0,0.5,0.3,fpr,0.1533
libri1,libri2,pink,10.0,0.5,0.35,fpr,0.1533
libri1,libri2,pink,10.0,0.5,0.4,fpr,0.1533
libri1,libri2,pink,10.0,0.5,0.45,fpr,0.1533
libri1,libri2,pink,10.0,0.5,0.5,fpr,0.1533
libri1,libri2,pink,10.0,0.5,0.55,fpr,0.0
libri1,libri2,pink,10.0,0.6,0.2,fpr,0.1533
libri1,libri2,pink,10.0,0.6,0.25,fpr,0.1533
libri1,libri2,pink,10.0,0.6,0.3,fpr,0.1533
libri1,libri2,pink,10.0,0.6,0.35,fpr,0.1533
libri1,libri2,pink,10.0,0.6,0.4,fpr,0.1533
libri1,libri2,pink,10.0,0.6,0.45,fpr,0.0
libri1,libri2,pink,10.0,0.6,0.5,fpr,0.0
libri1,libri2,pink,10.0,0.6,0.55,fpr,0.0
libri1,libri2,pink,10.0,0.7,0.2,fpr,0.1533
libri1,libri2,pink,10.0,0.7,0.25,fpr,0.1533
libri1,libri2,pink,10.0,0.7,0.3,fpr,0.1533
libri1,libri2,pink,10.0,0.7,0.35,fpr,0.0
libri1,libri2,pink,10.0,0.7,0.4,fpr,0.0
libri1,libri2,pink,10.0,0.7,0.45,fpr,0.0
libri1,libri2,pink,10.0,0.7,0.5,fpr,0.0
libri1,libri2,pink,10.0,0.7,0.55,fpr,0.0
libri1,libri2,pink,10.0,0.8,0.2,fpr,0.1533
libri1,libri2,pink,10.0,0.8,0.25,fpr,0.0
libri1,libri2,pink,10.0,0.8,0.3,fpr,0.0
libri1,libri2,pink,10.0,0.8,0.35,fpr,0.0
libri1,libri2,pink,10.0,0.8,0.4,fpr,0.0
libri1,libri2,pink,10.0,0.8,0.45,fpr,0.0
libri1,libri2,pink,10.0,0.8,0.5,fpr,0.0
libri1,libri2,pink,10.0,0.8,0.55,fpr,0.0
libri1,libri2,pink,10.0,0.9,0.2,fpr,0.0
libri1,libri2,pink,10.0,0.9,0.25,fpr,0.0
libri1,libri2,pink,10.0,0.9,0.3,fpr,0.0
libri1,libri2,pink,10.0,0.9,0.35,fpr,0.0
libri1,libri2,pink,10.0,0.9,0.4,fpr,0.0
libri1,libri2,pink,10.0,0.9,0.45,fpr,0.0
libri1,libri2,pink,10.0,0.9,0.5,fpr,0.0
libri1,libri2,pink,10.0,0.9,0.55,fpr,0.0
libri1,libri2,pink,10.0,1.0,0.2,fpr,0.0
libri1,libri2,pink,10.0,1.0,0.25,fpr,0.0
libri1,libri2,pink,10.0,1.0,0.3,fpr,0.0
libri1,libri2,pink,10.0,1.0,0.35,fpr,0.0
libri1,libri2,pink,10.0,1.0,0.4,fpr,0.0
libri1,libri2,pink,10.0,1.0,0.45,fpr,0.0
libri1,libri2,pink,10.0,1.0,0.5,fpr,0.0
libri1,libri2,pink,10.0,1.0,0.55,fpr,0.0
libri1,libri2,pink,15.0,0.0,0.2,fpr,0.1533
libri1,libri2,pink,15.0,0.0,0.25,fpr,0.1533
libri1,libri2,pink,15.0,0.0,0.3,fpr,0.1533
libri1,libri2,pink,15.0,0.0,0.35,fpr,0.1533
libri1,libri2,pink,15.0,0.0,0.4,fpr,0.1533
libri1,libri2,pink,15.0,0.0,0.45,fpr,0.1533
libri1,libri2,pink,15.0,0.0,0.5,fpr,0.1533
libri1,libri2,pink,15.0,0.0,0.55,fpr,0.1533
libri1,libri2,pink,15.0,0.1,0.2,fpr,0.1533
libri1,libri2,pink,15.0,0.1,0.25,fpr,0.1533
libri1,libri2,pink,15.0,0.1,0.3,fpr,0.1533
libri1,libri2,pink,15.0,0.1,0.35,fpr,0.1533
libri1,libri2,pink,15.0,0.1,0.4,fpr,0.1533
libri1,libri2,pink,15.0,0.1,0.45,fpr,0.1533
libri1,libri2,pink,15.0,0.1,0.5,fpr,0.1533
libri1,libri2,pink,15.0,0.1,0.55,fpr,0.1533
libri1,libri2,pink,15.0,0.2,0.2,fpr,0.1533
libri1,libri2,pink,15.0,0.2,0.25,fpr,0.1533
libri1,libri2,pink,15.0,0.2,0.3,fpr,0.1533
libri1,libri2,pink,15.0,0.2,0.35,fpr,0.1533
libri1,libri2,pink,15.0,0.2,0.4,fpr,0.1533
libri1,libri2,pink,15.0,0.2,0.45,fpr,0.1533
libri1,libri2,pink,15.0,0.2,0.5,fpr,0.1533
libri1,libri2,pink,15.0,0.2,0.55,fpr,0.1533
libri1,libri2,pink,15.0,0.3,0.2,fpr,0.1533
libri1,libri2,pink,15.0,0.3,0.25,fpr,0.1533
libri1,libri2,pink,15.0,0.3,0.3,fpr,0.1533
libri1,libri2,pink,15.0,0.3,0.35,fpr,0.1533
libri1,libri2,pink,15.0,0.3,0.4,fpr,0.1533
libri1,libri2,pink,15.0,0.3,0.45,fpr,0.1533
libri1,libri2,pink,15.0,0.3,0.5,fpr,0.1533
libri1,libri2,pink,15.0,0.3,0.55,fpr,0.1533
libri1,libri2,pink,15.0,0.4,0.2,fpr,0.1533
libri1,libri2,pink,15.0,0.4,0.25,fpr,0.1533
libri1,libri2,pink,15.0,0.4,0.3,fpr,0.1533
libri1,libri2,pink,15.0,0.4,0.35,fpr,0.1533
libri1,libri2,pink,15.0,0.4,0.4,fpr,0.1533
libri1,libri2,pink,15.0,0.4,0.45,fpr,0.1533
libri1,libri2,pink,15.0,0.4,0.5,fpr,0.1533
libri1,libri2,pink,15.0,0.4,0.55,fpr,0.1533
libri1,libri2,pink,15.0,0.5,0.2,fpr,0.1533
libri1,libri2,pink,15.0,0.5,0.25,fpr,0.1533
libri1,libri2,pink,15.0,0.5,0.3,fpr,0.1533
libri1,libri2,pink,15.0,0.5,0.35,fpr,0.1533
libri1,libri2,pink,15.0,0.5,0.4,fpr,0.1533
libri1,libri2,pink,15.0,0.5,0.45,fpr,0.1533
libri1,libri2,pink,15.0,0.5,0.5,fpr,0.1533
libri1,libri2,pink,15.0,0.5,0.55,fpr,0.0
libri1,libri2,pink,15.0,0.6,0.2,fpr,0.1533
libri1,libri2,pink,15.0,0.6,0.25,fpr,0.1533
libri1,libri2,pink,15.0,0.6,0.3,fpr,0.1533
libri1,libri2,pink,15.0,0.6,0.35,fpr,0.1533
libri1,libri2,pink,15.0,0.6,0.4,fpr,0.1533
libri1,libri2,pink,15.0,0.6,0.45,fpr,0.0
libri1,libri2,pink,15.0,0.6,0.5,fpr,0.0
libri1,libri2,pink,15.0,0.6,0.55,fpr,0.0
libri1,libri2,pink,15.0,0.7,0.2,fpr,0.1533
libri1,libri2,pink,15.0,0.7,0.25,fpr,0.1533
libri1,libri2,pink,15.0,0.7,0.3,fpr,0.1533
libri1,libri2,pink,15.0,0.7,0.35,fpr,0.0
libri1,libri2,pink,15.0,0.7,0.4,fpr,0.0
libri1,libri2,pink,15.0,0.7,0.45,fpr,0.0
libri1,libri2,pink,15.0,0.7,0.5,fpr,0.0
libri1,libri2,pink,15.0,0.7,0.55,fpr,0.0
libri1,libri2,pink,15.0,0.8,0.2,fpr,0.1533
libri1,libri2,pink,15.0,0.8,0.25,fpr,0.0
libri1,libri2,pink,15.0,0.8,0.3,fpr,0.0
libri1,libri2,pink,15.0,0.8,0.35,fpr,0.0
libri1,libri2,pink,15.0,0.8,0.4,fpr,0.0
libri1,libri2,pink,15.0,0.8,0.45,fpr,0.0
libri1,libri2,pink,15.0,0.8,0.5,fpr,0.0
libri1,libri2,pink,15.0,0.8,0.55,fpr,0.0
libri1,libri2,pink,15.0,0.9,0.2,fpr,0.0
libri1,libri2,pink,15.0,0.9,0.25,fpr,0.0
libri1,libri2,pink,15.0,0.9,0.3,fpr,0.0
libri1,libri2,pink,15.0,0.9,0.35,fpr,0.0
libri1,libri2,pink,15.0,0.9,0.4,fpr,0.0
libri1,libri2,pink,15.0,0.9,0.45,fpr,0.0
libri1,libri2,pink,15.0,0.9,0.5,fpr,0.0
libri1,libri2,pink,15.0,0.9,0.55,fpr,0.0
libri1,libri2,pink,15.0,1.0,0.2,fpr,0.0
libri1,libri2,pink,15.0,1.0,0.25,fpr,0.0
libri1,libri2,pink,15.0,1.0,0.3,fpr,0.0
libri1,libri2,pink,15.0,1.0,0.35,fpr,0.0
libri1,libri2,pink,15.0,1.0,0.4,fpr,0.0
libri1,libri2,pink,15.0,1.0,0.45,fpr,0.0
libri1,libri2,pink,15.0,1.0,0.5,fpr,0.0
libri1,libri2,pink,15.0,1.0,0.55,fpr,0.0
libri1,libri2,pink,20.0,0.0,0.2,fpr,0.1533
libri1,libri2,pink,20.0,0.0,0.25,fpr,0.1533
libri1,libri2,pink,20.0,0.0,0.3,fpr,0.1533
libri1,libri2,pink,20.0,0.0,0.35,fpr,0.1533
libri1,libri2,pink,20.0,0.0,0.4,fpr,0.1533
libri1,libri2,pink,20.0,0.0,0.45,fpr,0.1533
libri1,libri2,pink,20.0,0.0,0.5,fpr,0.1533
libri1,libri2,pink,20.0,0.0,0.55,fpr,0.1533
libri1,libri2,pink,20.0,0.1,0.2,fpr,0.1533
libri1,libri2,pink,20.0,0.1,0.25,fpr,0.1533
libri1,libri2,pink,20.0,0.1,0.3,fpr,0.1533
libri1,libri2,pink,20.0,0.1,0.35,fpr,0.1533
libri1,libri2,pink,20.0,0.1,0.4,fpr,0.1533
libri1,libri2,pink,20.0,0.1,0.45,fpr,0.1533
libri1,libri2,pink,20.0,0.1,0.5,fpr,0.1533
libri1,libri2,pink,20.0,0.1,0.55,fpr,0.1533
libri1,libri2,pink,20.0,0.2,0.2,fpr,0.1533
libri1,libri2,pink,20.0,0.2,0.25,fpr,0.1533
libri1,libri2,pink,20.0,0.2,0.3,fpr,0.1533
libri1,libri2,pink,20.0,0.2,0.35,fpr,0.1533
libri1,libri2,pink,20.0,0.2,0.4,fpr,0.1533
libri1,libri2,pink,20.0,0.2,0.45,fpr,0.1533
libri1,libri2,pink,20.0,0.2,0.5,fpr,0.1533
libri1,libri2,pink,20.0,0.2,0.55,fpr,0.1533
libri1,libri2,pink,20.0,0.3,0.2,fpr,0.1533
libri1,libri2,pink,20.0,0.3,0.25,fpr,0.1533
libri1,libri2,pink,20.0,0.3,0.3,fpr,0.1533
libri1,libri2,pink,20.0,0.3,0.35,fpr,0.1533
libri1,libri2,pink,20.0,0.3,0.4,fpr,0.1533
libri1,libri2,pink,20.0,0.3,0.45,fpr,0.1533
libri1,libri2,pink,20.0,0.3,0.5,fpr,0.1533
libri1,libri2,pink,20.0,0.3,0.55,fpr,0.1533
libri1,libri2,pink,20.0,0.4,0.2,fpr,0.1533
libri1,libri2,pink,20.0,0.4,0.25,fpr,0.1533
libri1,libri2,pink,20.0,0.4,0.3,fpr,0.1533
libri1,libri2,pink,20.0,0.4,0.35,fpr,0.1533
libri1,libri2,pink,20.0,0.4,0.4,fpr,0.1533
libri1,libri2,pink,20.0,0.4,0.45,fpr,0.1533
libri1,libri2,pink,20.0,0.4,0.5,fpr,0.1533
libri1,libri2,pink,20.0,0.4,0.55,fpr,0.1533
libri1,libri2,pink,20.0,0.5,0.2,fpr,0.1533
libri1,libri2,pink,20.0,0.5,0.25,fpr,0.1533
libri1,libri2,pink,20.0,0.5,0.3,fpr,0.1533
libri1,libri2,pink,20.0,0.5,0.35,fpr,0.1533
libri1,libri2,pink,20.0,0.5,0.4,fpr,0.1533
libri1,libri2,pink,20.0,0.5,0.45,fpr,0.1533
libri1,libri2,pink,20.0,0.5,0.5,fpr,0.1533
libri1,libri2,pink,20.0,0.5,0.55,fpr,0.0
libri1,libri2,pink,20.0,0.6,0.2,fpr,0.1533
libri1,libri2,pink,20.0,0.6,0.25,fpr,0.1533
libri1,libri2,pink,20.0,0.6,0.3,fpr,0.1533
libri1,libri2,pink,20.0,0.6,0.35,fpr,0.1533
libri1,libri2,pink,20.0,0.6,0.4,fpr,0.1533
libri1,libri2,pink,20.0,0.6,0.45,fpr,0.0
libri1,libri2,pink,20.0,0.6,0.5,fpr,0.0
libri1,libri2,pink,20.0,0.6,0.55,fpr,0.0
libri1,libri2,pink,20.0,0.7,0.2,fpr,0.1533
libri1,libri2,pink,20.0,0.7,0.25,fpr,0.1533
libri1,libri2,pink,20.0,0.7,0.3,fpr,0.1533
libri1,libri2,pink,20.0,0.7,0.35,fpr,0.0
libri1,libri2,pink,20.0,0.7,0.4,fpr,0.0
libri1,libri2,pink,20.0,0.7,0.45,fpr,0.0
libri1,libri2,pink,20.0,0.7,0.5,fpr,0.0
libri1,libri2,pink,20.0,0.7,0.55,fpr,0.0
libri1,libri2,pink,20.0,0.8,0.2,fpr,0.1533
libri1,libri2,pink,20.0,0.8,0.25,fpr,0.0
libri1,libri2,pink,20.0,0.8,0.3,fpr,0.0
libri1,libri2,pink,20.0,0.8,0.35,fpr,0.0
libri1,libri2,pink,20.0,0.8,0.4,fpr,0.0
libri1,libri2,pink,20.0,0.8,0.45,fpr,0.0
libri1,libri2,pink,20.0,0.8,0.5,fpr,0.0
libri1,libri2,pink,20.0,0.8,0.55,fpr,0.0
libri1,libri2,pink,20.0,0.9,0.2,fpr,0.0
libri1,libri2,pink,20.0,0.9,0.25,fpr,0.0
libri1,libri2,pink,20.0,0.9,0.3,fpr,0.0
libri1,libri2,pink,20.0,0.9,0.35,fpr,0.0
libri1,libri2,pink,20.0,0.9,0.4,fpr,0.0
libri1,libri2,pink,20.0,0.9,0.45,fpr,0.0
libri1,libri2,pink,20.0,0.9,0.5,fpr,0.0
libri1,libri2,pink,20.0,0.9,0.55,fpr,0.0
libri1,libri2,pink,20.0,1.0,0.2,fpr,0.0
libri1,libri2,pink,20.0,1.0,0.25,fpr,0.0
libri1,libri2,pink,20.0,1.0,0.3,fpr,0.0
libri1,libri2,pink,20.0,1.0,0.35,fpr,0.0
libri1,libri2,pink,20.0,1.0,0.4,fpr,0.0
libri1,libri2,pink,20.0,1.0,0.45,fpr,0.0
libri1,libri2,pink,20.0,1.0,0.5,fpr,0.0
libri1,libri2,pink,20.0,1.0,0.55,fpr,0.0
libri1,libri3,white,-5.0,0.0,0.2,fpr,0.2028
libri1,libri3,white,-5.0,0.0,0.25,fpr,0.2028
libri1,libri3,white,-5.0,0.0,0.3,fpr,0.2028
libri1,libri3,white,-5.0,0.0,0.35,fpr,0.2028
libri1,libri3,white,-5.0,0.0,0.4,fpr,0.2028
libri1,libri3,white,-5.0,0.0,0.45,fpr,0.2028
libri1,libri3,white,-5.0,0.0,0.5,fpr,0.2028
libri1,libri3,white,-5.0,0.0,0.55,fpr,0.2028
libri1,libri3,white,-5.0,0.1,0.2,fpr,0.2028
libri1,libri3,white,-5.0,0.1,0.25,fpr,0.2028
libri1,libri3,white,-5.0,0.1,0.3,fpr,0.2028
libri1,libri3,white,-5.0,0.1,0.35,fpr,0.2028
libri1,libri3,white,-5.0,0.1,0.4,fpr,0.2028
libri1,libri3,white,-5.0,0.1,0.45,fpr,0.2028
libri1,libri3,white,-5.0,0.1,0.5,fpr,0.2028
libri1,libri3,white,-5.0,0.1,0.55,fpr,0.2028
libri1,libri3,white,-5.0,0.2,0.2,fpr,0.2028
libri1,libri3,white,-5.0,0.2,0.25,fpr,0.2028
libri1,libri3,white,-5.0,0.2,0.3,fpr,0.2028
libri1,libri3,white,-5.0,0.2,0.35,fpr,0.2028
libri1,libri3,white,-5.0,0.2,0.4,fpr,0.2028
libri1,libri3,white,-5.0,0.2,0.45,fpr,0.2028
libri1,libri3,white,-5.0,0.2,0.5,fpr,0.2028
libri1,libri3,white,-5.0,0.2,0.55,fpr,0.2028
libri1,libri3,white,-5.0,0.3,0.2,fpr,0.2028
libri1,libri3,white,-5.0,0.3,0.25,fpr,0.2028
libri1,libri3,white,-5.0,0.3,0.3,fpr,0.2028
libri1,libri3,white,-5.0,0.3,0.35,fpr,0.2028
libri1,libri3,white,-5.0,0.3,0.4,fpr,0.2028
libri1,libri3,white,-5.0,0.3,0.45,fpr,0.2028
libri1,libri3,white,-5.0,0.3,0.5,fpr,0.2028
libri1,libri3,white,-5.0,0.3,0.55,fpr,0.2028
libri1,libri3,white,-5.0,0.4,0.2,fpr,0.2028
libri1,libri3,white,-5.0,0.4,0.25,fpr,0.2028
libri1,libri3,white,-5.0,0.4,0.3,fpr,0.2028
libri1,libri3,white,-5.0,0.4,0.35,fpr,0.2028
libri1,libri3,white,-5.0,0.4,0.4,fpr,0.2028
libri1,libri3,white,-5.0,0.4,0.45,fpr,0.2028
libri1,libri3,white,-5.0,0.4,0.5,fpr,0.2028
libri1,libri3,white,-5.0,0.4,0.55,fpr,0.2028
libri1,libri3,white,-5.0,0.5,0.2,fpr,0.2028
libri1,libri3,white,-5.0,0.5,0.25,fpr,0.2028
libri1,libri3,white,-5.0,0.5,0.3,fpr,0.2028
libri1,libri3,white,-5.0,0.5,0.35,fpr,0.2028
libri1,libri3,white,-5.0,0.5,0.4,fpr,0.2028
libri1,libri3,white,-5.0,0.5,0.45,fpr,0.2028
libri1,libri3,white,-5.0,0.5,0.5,fpr,0.2028
libri1,libri3,white,-5.0,0.5,0.55,fpr,0.0
libri1,libri3,white,-5.0,0.6,0.2,fpr,0.2028
libri1,libri3,white,-5.0,0.6,0.25,fpr,0.2028
libri1,libri3,white,-5.0,0.6,0.3,fpr,0.2028
libri1,libri3,white,-5.0,0.6,0.35,fpr,0.2028
libri1,libri3,white,-5.0,0.6,0.4,fpr,0.2028
libri1,libri3,white,-5.0,0.6,0.45,fpr,0.0
libri1,libri3,white,-5.0,0.6,0.5,fpr,0.0
libri1,libri3,white,-5.0,0.6,0.55,fpr,0.0
libri1,libri3,white,-5.0,0.7,0.2,fpr,0.2028
libri1,libri3,white,-5.0,0.7,0.25,fpr,0.2028
libri1,libri3,white,-5.0,0.7,0.3,fpr,0.2028
libri1,libri3,white,-5.0,0.7,0.35,fpr,0.0
libri1,libri3,white,-5.0,0.7,0.4,fpr,0.0
libri1,libri3,white,-5.0,0.7,0.45,fpr,0.0
libri1,libri3,white,-5.0,0.7,0.5,fpr,0.0
libri1,libri3,white,-5.0,0.7,0.55,fpr,0.0
libri1,libri3,white,-5.0,0.8,0.2,fpr,0.2028
libri1,libri3,white,-5.0,0.8,0.25,fpr,0.0
libri1,libri3,white,-5.0,0.8,0.3,fpr,0.0
libri1,libri3,white,-5.0,0.8,0.35,fpr,0.0
libri1,libri3,white,-5.0,0.8,0.4,fpr,0.0
libri1,libri3,white,-5.0,0.8,0.45,fpr,0.0
libri1,libri3,white,-5.0,0.8,0.5,fpr,0.0
libri1,libri3,white,-5.0,0.8,0.55,fpr,0.0
libri1,libri3,white,-5.0,0.9,0.2,fpr,0.0
libri1,libri3,white,-5.0,0.9,0.25,fpr,0.0
libri1,libri3,white,-5.0,0.9,0.3,fpr,0.0
libri1,libri3,white,-5.0,0.9,0.35,fpr,0.0
libri1,libri3,white,-5.0,0.9,0.4,fpr,0.0
libri1,libri3,white,-5.0,0.9,0.45,fpr,0.0
libri1,libri3,white,-5.0,0.9,0.5,fpr,0.0
libri1,libri3,white,-5.0,0.9,0.55,fpr,0.0
libri1,libri3,white,-5.0,1.0,0.2,fpr,0.0
libri1,libri3,white,-5.0,1.0,0.25,fpr,0.0
libri1,libri3,white,-5.0,1.0,0.3,fpr,0.0
libri1,libri3,white,-5.0,1.0,0.35,fpr,0.0
libri1,libri3,white,-5.0,1.0,0.4,fpr,0.0
libri1,libri3,white,-5.0,1.0,0.45,fpr,0.0
libri1,libri3,white,-5.0,1.0,0.5,fpr,0.0
libri1,libri3,white,-5.0,1.0,0.55,fpr,0.0
libri1,libri3,white,0.0,0.0,0.2,fpr,0.1843
libri1,libri3,white,0.0,0.0,0.25,fpr,0.1843
libri1,libri3,white,0.0,0.0,0.3,fpr,0.1843
libri1,libri3,white,0.0,0.0,0.35,fpr,0.1843
libri1,libri3,white,0.0,0.0,0.4,fpr,0.1843
libri1,libri3,white,0.0,0.0,0.45,fpr,0.1843
libri1,libri3,white,0.0,0.0,0.5,fpr,0.1843
libri1,libri3,white,0.0,0.0,0.55,fpr,0.1843
libri1,libri3,white,0.0,0.1,0.2,fpr,0.1843
libri1,libri3,white,0.0,0.1,0.25,fpr,0.1843
libri1,libri3,white,0.0,0.1,0.3,fpr,0.1843
libri1,libri3,white,0.0,0.1,0.35,fpr,0.1843
libri1,libri3,white,0.0,0.1,0.4,fpr,0.1843
libri1,libri3,white,0.0,0.1,0.45,fpr,0.1843
libri1,libri3,white,0.0,0.1,0.5,fpr,0.1843
libri1,libri3,white,0.0,0.1,0.55,fpr,0.1843
libri1,libri3,white,0.0,0.2,0.2,fpr,0.1843
libri1,libri3,white,0.0,0.2,0.25,fpr,0.1843
libri1,libri3,white,0.0,0.2,0.3,fpr,0.1843
libri1,libri3,white,0.0,0.2,0.35,fpr,0.1843
libri1,libri3,white,0.0,0.2,0.4,fpr,0.1843
libri1,libri3,white,0.0,0.2,0.45,fpr,0.1843
libri1,libri3,white,0.0,0.2,0.5,fpr,0.1843
libri1,libri3,white,0.0,0.2,0.55,fpr,0.1843
libri1,libri3,white,0.0,0.3,0.2,fpr,0.1843
libri1,libri3,white,0.0,0.3,0.25,fpr,0.1843
libri1,libri3,white,0.0,0.3,0.3,fpr,0.1843
libri1,libri3,white,0.0,0.3,0.35,fpr,0.1843
libri1,libri3,white,0.0,0.3,0.4,fpr,0.1843
libri1,libri3,white,0.0,0.3,0.45,fpr,0.1843
libri1,libri3,white,0.0,0.3,0.5,fpr,0.1843
libri1,libri3,white,0.0,0.3,0.55,fpr,0.1843
libri1,libri3,white,0.0,0.4,0.2,fpr,0.1843
libri1,libri3,white,0.0,0.4,0.25,fpr,0.1843
libri1,libri3,white,0.0,0.4,0.3,fpr,0.1843
libri1,libri3,white,0.0,0.4,0.35,fpr,0.1843
libri1,libri3,white,0.0,0.4,0.4,fpr,0.1843
libri1,libri3,white,0.0,0.4,0.45,fpr,0.1843
libri1,libri3,white,0.0,0.4,0.5,fpr,0.1843
libri1,libri3,white,0.0,0.4,0.55,fpr,0.1843
libri1,libri3,white,0.0,0.5,0.2,fpr,0.1843
libri1,libri3,white,0.0,0.5,0.25,fpr,0.1843
libri1,libri3,white,0.0,0.5,0.3,fpr,0.1843
libri1,libri3,white,0.0,0.5,0.35,fpr,0.1843
libri1,libri3,white,0.0,0.5,0.4,fpr,0.1843
libri1,libri3,white,0.0,0.5,0.45,fpr,0.1843
libri1,libri3,white,0.0,0.5,0.5,fpr,0.1843
libri1,libri3,white,0.0,0.5,0.55,fpr,0.0
libri1,libri3,white,0.0,0.6,0.2,fpr,0.1843
libri1,libri3,white,0.0,0.6,0.25,fpr,0.1843
libri1,libri3,white,0.0,0.6,0.3,fpr,0.1843
libri1,libri3,white,0.0,0.6,0.35,fpr,0.1843
libri1,libri3,white,0.0,0.6,0.4,fpr,0.1843
libri1,libri3,white,0.0,0.6,0.45,fpr,0.0
libri1,libri3,white,0.0,0.6,0.5,fpr,0.0
libri1,libri3,white,0.0,0.6,0.55,fpr,0.0
libri1,libri3,white,0.0,0.7,0.2,fpr,0.1843
libri1,libri3,white,0.0,0.7,0.25,fpr,0.1843
libri1,libri3,white,0.0,0.7,0.3,fpr,0.1843
libri1,libri3,white,0.0,0.7,0.35,fpr,0.0
libri1,libri3,white,0.0,0.7,0.4,fpr,0.0
libri1,libri3,white,0.0,0.7,0.45,fpr,0.0
libri1,libri3,white,0.0,0.7,0.5,fpr,0.0
libri1,libri3,white,0.0,0.7,0.55,fpr,0.0
libri1,libri3,white,0.0,0.8,0.2,fpr,0.1843
libri1,libri3,white,0.0,0.8,0.25,fpr,0.0
libri1,libri3,white,0.0,0.8,0.3,fpr,0.0
libri1,libri3,white,0.0,0.8,0.35,fpr,0.0
libri1,libri3,white,0.0,0.8,0.4,fpr,0.0
libri1,libri3,white,0.0,0.8,0.45,fpr,0.0
libri1,libri3,white,0.0,0.8,0.5,fpr,0.0
libri1,libri3,white,0.0,0.8,0.55,fpr,0.0
libri1,libri3,white,0.0,0.9,0.2,fpr,0.0
libri1,libri3,white,0.0,0.9,0.25,fpr,0.0
libri1,libri3,white,0.0,0.9,0.3,fpr,0.0
libri1,libri3,white,0.0,0.9,0.35,fpr,0.0
libri1,libri3,white,0.0,0.9,0.4,fpr,0.0
libri1,libri3,white,0.0,0.9,0.45,fpr,0.0
libri1,libri3,white,0.0,0.9,0.5,fpr,0.0
libri1,libri3,white,0.0,0.9,0.55,fpr,0.0
libri1,libri3,white,0.0,1.0,0.2,fpr,0.0
libri1,libri3,white,0.0,1.0,0.25,fpr,0.0
libri1,libri3,white,0.0,1.0,0.3,fpr,0.0
libri1,libri3,white,0.0,1.0,0.35,fpr,0.0
libri1,libri3,white,0.0,1.0,0.4,fpr,0.0
libri1,libri3,white,0.0,1.0,0.45,fpr,0.0
libri1,libri3,white,0.0,1.0,0.5,fpr,0.0
libri1,libri3,white,0.0,1.0,0.55,fpr,0.0
libri1,libri3,white,5.0,0.0,0.2,fpr,0.1843
libri1,libri3,white,5.0,0.0,0.25,fpr,0.1843
libri1,libri3,white,5.0,0.0,0.3,fpr,0.1843
libri1,libri3,white,5.0,0.0,0.35,fpr,0.1843
libri1,libri3,white,5.0,0.0,0.4,fpr,0.1843
libri1,libri3,white,5.0,0.0,0.45,fpr,0.1843
libri1,libri3,white,5.0,0.0,0.5,fpr,0.1843
libri1,libri3,white,5.0,0.0,0.55,fpr,0.1843
libri1,libri3,white,5.0,0.1,0.2,fpr,0.1843
libri1,libri3,white,5.0,0.1,0.25,fpr,0.1843
libri1,libri3,white,5.0,0.1,0.3,fpr,0.1843
libri1,libri3,white,5.0,0.1,0.35,fpr,0.1843
libri1,libri3,white,5.0,0.1,0.4,fpr,0.1843
libri1,libri3,white,5.0,0.1,0.45,fpr,0.1843
libri1,libri3,white,5.0,0.1,0.5,fpr,0.1843
libri1,libri3,white,5.0,0.1,0.55,fpr,0.1843
libri1,libri3,white,5.0,0.2,0.2,fpr,0.1843
libri1,libri3,white,5.0,0.2,0.25,fpr,0.1843
libri1,libri3,white,5.0,0.2,0.3,fpr,0.1843
libri1,libri3,white,5.0,0.2,0.35,fpr,0.1843
libri1,libri3,white,5.0,0.2,0.4,fpr,0.1843
libri1,libri3,white,5.0,0.2,0.45,fpr,0.1843
libri1,libri3,white,5.0,0.2,0.5,fpr,0.1843
libri1,libri3,white,5.0,0.2,0.55,fpr,0.1843
libri1,libri3,white,5.0,0.3,0.2,fpr,0.1843
libri1,libri3,white,5.0,0.3,0.25,fpr,0.1843
libri1,libri3,white,5.0,0.3,0.3,fpr,0.1843
libri1,libri3,white,5.0,0.3,0.35,fpr,0.1843
libri1,libri3,white,5.0,0.3,0.4,fpr,0.1843
libri1,libri3,white,5.0,0.3,0.45,fpr,0.1843
libri1,libri3,white,5.0,0.3,0.5,fpr,0.1843
libri1,libri3,white,5.0,0.3,0.55,fpr,0.1843
libri1,libri3,white,5.0,0.4,0.2,fpr,0.1843
libri1,libri3,white,5.0,0.4,0.25,fpr,0.1843
libri1,libri3,white,5.0,0.4,0.3,fpr,0.1843
libri1,libri3,white,5.0,0.4,0.35,fpr,0.1843
libri1,libri3,white,5.0,0.4,0.4,fpr,0.1843
libri1,libri3,white,5.0,0.4,0.45,fpr,0.1843
libri1,libri3,white,5.0,0.4,0.5,fpr,0.1843
libri1,libri3,white,5.0,0.4,0.55,fpr,0.1843
libri1,libri3,white,5.0,0.5,0.2,fpr,0.1843
libri1,libri3,white,5.0,0.5,0.25,fpr,0.1843
libri1,libri3,white,5.0,0.5,0.3,fpr,0.1843
libri1,libri3,white,5.0,0.5,0.35,fpr,0.1843
libri1,libri3,white,5.0,0.5,0.4,fpr,0.1843
libri1,libri3,white,5.0,0.5,0.45,fpr,0.1843
libri1,libri3,white,5.0,0.5,0.5,fpr,0.1843
libri1,libri3,white,5.0,0.5,0.55,fpr,0.0
libri1,libri3,white,5.0,0.6,0.2,fpr,0.1843
libri1,libri3,white,5.0,0.6,0.25,fpr,0.1843
libri1,libri3,white,5.0,0.6,0.3,fpr,0.1843
libri1,libri3,white,5.0,0.6,0.35,fpr,0.1843
libri1,libri3,white,5.0,0.6,0.4,fpr,0.1843
libri1,libri3,white,5.0,0.6,0.45,fpr,0.0
libri1,libri3,white,5.0,0.6,0.5,fpr,0.0
libri1,libri3,white,5.0,0.6,0.55,fpr,0.0
libri1,libri3,white,5.0,0.7,0.2,fpr,0.1843
libri1,libri3,white,5.0,0.7,0.25,fpr,0.1843
libri1,libri3,white,5.0,0.7,0.3,fpr,0.1843
libri1,libri3,white,5.0,0.7,0.35,fpr,0.0
libri1,libri3,white,5.0,0.7,0.4,fpr,0.0
libri1,libri3,white,5.0,0.7,0.45,fpr,0.0
libri1,libri3,white,5.0,0.7,0.5,fpr,0.0
libri1,libri3,white,5.0,0.7,0.55,fpr,0.0
libri1,libri3,white,5.0,0.8,0.2,fpr,0.1843
libri1,libri3,white,5.0,0.8,0.25,fpr,0.0
libri1,libri3,white,5.0,0.8,0.3,fpr,0.0
libri1,libri3,white,5.0,0.8,0.35,fpr,0.0
libri1,libri3,white,5.0,0.8,0.4,fpr,0.0
libri1,libri3,white,5.0,0.8,0.45,fpr,0.0
libri1,libri3,white,5.0,0.8,0.5,fpr,0.0
libri1,libri3,white,5.0,0.8,0.55,fpr,0.0
libri1,libri3,white,5.0,0.9,0.2,fpr,0.0
libri1,libri3,white,5.0,0.9,0.25,fpr,0.0
libri1,libri3,white,5.0,0.9,0.3,fpr,0.0
libri1,libri3,white,5.0,0.9,0.35,fpr,0.0
libri1,libri3,white,5.0,0.9,0.4,fpr,0.0
libri1,libri3,white,5.0,0.9,0.45,fpr,0.0
libri1,libri3,white,5.0,0.9,0.5,fpr,0.0
libri1,libri3,white,5.0,0.9,0.55,fpr,0.0
libri1,libri3,white,5.0,1.0,0.2,fpr,0.0
libri1,libri3,white,5.0,1.0,0.25,fpr,0.0
libri1,libri3,white,5.0,1.0,0.3,fpr,0.0
libri1,libri3,white,5.0,1.0,0.35,fpr,0.0
libri1,libri3,white,5.0,1.0,0.4,fpr,0.0
libri1,libri3,white,5.0,1.0,0.45,fpr,0.0
libri1,libri3,white,5.0,1.0,0.5,fpr,0.0
libri1,libri3,white,5.0,1.0,0.55,fpr,0.0
libri1,libri3,white,10.0,0.0,0.2,fpr,0.1843
libri1,libri3,white,10.0,0.0,0.25,fpr,0.1843
libri1,libri3,white,10.0,0.0,0.3,fpr,0.1843
libri1,libri3,white,10.0,0.0,0.35,fpr,0.1843
libri1,libri3,white,10.0,0.0,0.4,fpr,0.1843
libri1,libri3,white,10.0,0.0,0.45,fpr,0.1843
libri1,libri3,white,10.0,0.0,0.5,fpr,0.1843
libri1,libri3,white,10.0,0.0,0.55,fpr,0.1843
libri1,libri3,white,10.0,0.1,0.2,fpr,0.1843
libri1,libri3,white,10.0,0.1,0.25,fpr,0.1843
libri1,libri3,white,10.0,0.1,0.3,fpr,0.1843
libri1,libri3,white,10.0,0.1,0.35,fpr,0.1843
libri1,libri3,white,10.0,0.1,0.4,fpr,0.1843
libri1,libri3,white,10.0,0.1,0.45,fpr,0.1843
libri1,libri3,white,10.0,0.1,0.5,fpr,0.1843
libri1,libri3,white,10.0,0.1,0.55,fpr,0.1843
libri1,libri3,white,10.0,0.2,0.2,fpr,0.1843
libri1,libri3,white,10.0,0.2,0.25,fpr,0.1843
libri1,libri3,white,10.0,0.2,0.3,fpr,0.1843
libri1,libri3,white,10.0,0.2,0.35,fpr,0.1843
libri1,libri3,white,10.0,0.2,0.4,fpr,0.1843
libri1,libri3,white,10.0,0.2,0.45,fpr,0.1843
libri1,libri3,white,10.0,0.2,0.5,fpr,0.1843
libri1,libri3,white,10.0,0.2,0.55,fpr,0.1843
libri1,libri3,white,10.0,0.3,0.2,fpr,0.1843
libri1,libri3,white,10.0,0.3,0.25,fpr,0.1843
libri1,libri3,white,10.0,0.3,0.3,fpr,0.1843
libri1,libri3,white,10.0,0.3,0.35,fpr,0.1843
libri1,libri3,white,10.0,0.3,0.4,fpr,0.1843
libri1,libri3,white,10.0,0.3,0.45,fpr,0.1843
libri1,libri3,white,10.0,0.3,0.5,fpr,0.1843
libri1,libri3,white,10.0,0.3,0.55,fpr,0.1843
libri1,libri3,white,10.0,0.4,0.2,fpr,0.1843
libri1,libri3,white,10.0,0.4,0.25,fpr,0.1843
libri1,libri3,white,10.0,0.4,0.3,fpr,0.1843
libri1,libri3,white,10.0,0.4,0.35,fpr,0.1843
libri1,libri3,white,10.0,0.4,0.4,fpr,0.1843
libri1,libri3,white,10.0,0.4,0.45,fpr,0.1843
libri1,libri3,white,10.0,0.4,0.5,fpr,0.1843
libri1,libri3,white,10.0,0.4,0.55,fpr,0.1843
libri1,libri3,white,10.0,0.5,0.2,fpr,0.1843
libri1,libri3,white,10.0,0.5,0.25,fpr,0.1843
libri1,libri3,white,10.0,0.5,0.3,fpr,0.1843
libri1,libri3,white,10.0,0.5,0.35,fpr,0.1843
libri1,libri3,white,10.0,0.5,0.4,fpr,0.1843
libri1,libri3,white,10.0,0.5,0.45,fpr,0.1843
libri1,libri3,white,10.0,0.5,0.5,fpr,0.1843
libri1,libri3,white,10.0,0.5,0.55,fpr,0.0
libri1,libri3,white,10.0,0.6,0.2,fpr,0.1843
libri1,libri3,white,10.0,0.6,0.25,fpr,0.1843
libri1,libri3,white,10.0,0.6,0.3,fpr,0.1843
libri1,libri3,white,10.0,0.6,0.35,fpr,0.1843
libri1,libri3,white,10.0,0.6,0.4,fpr,0.1843
libri1,libri3,white,10.0,0.6,0.45,fpr,0.0
libri1,libri3,white,10.0,0.6,0.5,fpr,0.0
libri1,libri3,white,10.0,0.6,0.55,fpr,0.0
libri1,libri3,white,10.0,0.7,0.2,fpr,0.1843
libri1,libri3,white,10.0,0.7,0.25,fpr,0.1843
libri1,libri3,white,10.0,0.7,0.3,fpr,0.1843
libri1,libri3,white,10.0,0.7,0.35,fpr,0.0
libri1,libri3,white,10.0,0.7,0.4,fpr,0.0
libri1,libri3,white,10.0,0.7,0.45,fpr,0.0
libri1,libri3,white,10.0,0.7,0.5,fpr,0.0
libri1,libri3,white,10.0,0.7,0.55,fpr,0.0
libri1,libri3,white,10.0,0.8,0.2,fpr,0.1843
libri1,libri3,white,10.0,0.8,0.25,fpr,0.0
libri1,libri3,white,10.0,0.8,0.3,fpr,0.0
libri1,libri3,white,10.0,0.8,0.35,fpr,0.0
libri1,libri3,white,10.0,0.8,0.4,fpr,0.0
libri1,libri3,white,10.0,0.8,0.45,fpr,0.0
libri1,libri3,white,10.0,0.8,0.5,fpr,0.0
libri1,libri3,white,10.0,0.8,0.55,fpr,0.0
libri1,libri3,white,10.0,0.9,0.2,fpr,0.0
libri1,libri3,white,10.0,0.9,0.25,fpr,0.0
libri1,libri3,white,10.0,0.9,0.3,fpr,0.0
libri1,libri3,white,10.0,0.9,0.35,fpr,0.0
libri1,libri3,white,10.0,0.9,0.4,fpr,0.0
libri1,libri3,white,10.0,0.9,0.45,fpr,0.0
libri1,libri3,white,10.0,0.9,0.5,fpr,0.0
libri1,libri3,white,10.0,0.9,0.55,fpr,0.0
libri1,libri3,white,10.0,1.0,0.2,fpr,0.0
libri1,libri3,white,10.0,1.0,0.25,fpr,0.0
libri1,libri3,white,10.0,1.0,0.3,fpr,0.0
libri1,libri3,white,10.0,1.0,0.35,fpr,0.0
libri1,libri3,white,10.0,1.0,0.4,fpr,0.0
libri1,libri3,white,10.0,1.0,0.45,fpr,0.0
libri1,libri3,white,10.0,1.0,0.5,fpr,0.0
libri1,libri3,white,10.0,1.0,0.55,fpr,0.0
libri1,libri3,white,15.0,0.0,0.2,fpr,0.1843
libri1,libri3,white,15.0,0.0,0.25,fpr,0.1843
libri1,libri3,white,15.0,0.0,0.3,fpr,0.1843
libri1,libri3,white,15.0,0.0,0.35,fpr,0.1843
libri1,libri3,white,15.0,0.0,0.4,fpr,0.1843
libri1,libri3,white,15.0,0.0,0.45,fpr,0.1843
libri1,libri3,white,15.0,0.0,0.5,fpr,0.1843
libri1,libri3,white,15.0,0.0,0.55,fpr,0.1843
libri1,libri3,white,15.0,0.1,0.2,fpr,0.1843
libri1,libri3,white,15.0,0.1,0.25,fpr,0.1843
libri1,libri3,white,15.0,0.1,0.3,fpr,0.1843
libri1,libri3,white,15.0,0.1,0.35,fpr,0.1843
libri1,libri3,white,15.0,0.1,0.4,fpr,0.1843
libri1,libri3,white,15.0,0.1,0.45,fpr,0.1843
libri1,libri3,white,15.0,0.1,0.5,fpr,0.1843
libri1,libri3,white,15.0,0.1,0.55,fpr,0.1843
libri1,libri3,white,15.0,0.2,0.2,fpr,0.1843
libri1,libri3,white,15.0,0.2,0.25,fpr,0.1843
libri1,libri3,white,15.0,0.2,0.3,fpr,0.1843
libri1,libri3,white,15.0,0.2,0.35,fpr,0.1843
libri1,libri3,white,15.0,0.2,0.4,fpr,0.1843
libri1,libri3,white,15.0,0.2,0.45,fpr,0.1843
libri1,libri3,white,15.0,0.2,0.5,fpr,0.1843
libri1,libri3,white,15.0,0.2,0.55,fpr,0.1843
libri1,libri3,white,15.0,0.3,0.2,fpr,0.1843
libri1,libri3,white,15.0,0.3,0.25,fpr,0.1843
libri1,libri3,white,15.0,0.3,0.3,fpr,0.1843
libri1,libri3,white,15.0,0.3,0.35,fpr,0.1843
libri1,libri3,white,15.0,0.3,0.4,fpr,0.1843
libri1,libri3,white,15.0,0.3,0.45,fpr,0.1843
libri1,libri3,white,15.0,0.3,0.5,fpr,0.1843
libri1,libri3,white,15.0,0.3,0.55,fpr,0.1843
libri1,libri3,white,15.0,0.4,0.2,fpr,0.1843
libri1,libri3,white,15.0,0.4,0.25,fpr,0.1843
libri1,libri3,white,15.0,0.4,0.3,fpr,0.1843
libri1,libri3,white,15.0,0.4,0.35,fpr,0.1843
libri1,libri3,white,15.0,0.4,0.4,fpr,0.1843
libri1,libri3,white,15.0,0.4,0.45,fpr,0.1843
libri1,libri3,white,15.0,0.4,0.5,fpr,0.1843
libri1,libri3,white,15.0,0.4,0.55,fpr,0.1843
libri1,libri3,white,15.0,0.5,0.2,fpr,0.1843
libri1,libri3,white,15.0,0.5,0.25,fpr,0.1843
libri1,libri3,white,15.0,0.5,0.3,fpr,0.1843
libri1,libri3,white,15.0,0.5,0.35,fpr,0.1843
libri1,libri3,white,15.0,0.5,0.4,fpr,0.1843
libri1,libri3,white,15.0,0.5,0.45,fpr,0.1843
libri1,libri3,white,15.0,0.5,0.5,fpr,0.1843
libri1,libri3,white,15.0,0.5,0.55,fpr,0.0
libri1,libri3,white,15.0,0.6,0.2,fpr,0.1843
libri1,libri3,white,15.0,0.6,0.25,fpr,0.1843
libri1,libri3,white,15.0,0.6,0.3,fpr,0.1843
libri1,libri3,white,15.0,0.6,0.35,fpr,0.1843
libri1,libri3,white,15.0,0.6,0.4,fpr,0.1843
libri1,libri3,white,15.0,0.6,0.45,fpr,0.0
libri1,libri3,white,15.0,0.6,0.5,fpr,0.0
libri1,libri3,white,15.0,0.6,0.55,fpr,0.0
libri1,libri3,white,15.0,0.7,0.2,fpr,0.1843
libri1,libri3,white,15.0,0.7,0.25,fpr,0.1843
libri1,libri3,white,15.0,0.7,0.3,fpr,0.1843
libri1,libri3,white,15.0,0.7,0.35,fpr,0.0
libri1,libri3,white,15.0,0.7,0.4,fpr,0.0
libri1,libri3,white,15.0,0.7,0.45,fpr,0.0
libri1,libri3,white,15.0,0.7,0.5,fpr,0.0
libri1,libri3,white,15.0,0.7,0.55,fpr,0.0
libri1,libri3,white,15.0,0.8,0.2,fpr,0.1843
libri1,libri3,white,15.0,0.8,0.25,fpr,0.0
libri1,libri3,white,15.0,0.8,0.3,fpr,0.0
libri1,libri3,white,15.0,0.8,0.35,fpr,0.0
libri1,libri3,white,15.0,0.8,0.4,fpr,0.0
libri1,libri3,white,15.0,0.8,0.45,fpr,0.0
libri1,libri3,white,15.0,0.8,0.5,fpr,0.0
libri1,libri3,white,15.0,0.8,0.55,fpr,0.0
libri1,libri3,white,15.0,0.9,0.2,fpr,0.0
libri1,libri3,white,15.0,0.9,0.25,fpr,0.0
libri1,libri3,white,15.0,0.9,0.3,fpr,0.0
libri1,libri3,white,15.0,0.9,0.35,fpr,0.0
libri1,libri3,white,15.0,0.9,0.4,fpr,0.0
libri1,libri3,white,15.0,0.9,0.45,fpr,0.0
libri1,libri3,white,15.0,0.9,0.5,fpr,0.0
libri1,libri3,white,15.0,0.9,0.55,fpr,0.0
libri1,libri3,white,15.0,1.0,0.2,fpr,0.0
libri1,libri3,white,15.0,1.0,0.25,fpr,0.0
libri1,libri3,white,15.0,1.0,0.3,fpr,0.0
libri1,libri3,white,15.0,1.0,0.35,fpr,0.0
libri1,libri3,white,15.0,1.0,0.4,fpr,0.0
libri1,libri3,white,15.0,1.0,0.45,fpr,0.0
libri1,libri3,white,15.0,1.0,0.5,fpr,0.0
libri1,libri3,white,15.0,1.0,0.55,fpr,0.0
libri1,libri3,white,20.0,0.0,0.2,fpr,0.1843
libri1,libri3,white,20.0,0.0,0.25,fpr,0.1843
libri1,libri3,white,20.0,0.0,0.3,fpr,0.1843
libri1,libri3,white,20.0,0.0,0.35,fpr,0.1843
libri1,libri3,white,20.0,0.0,0.4,fpr,0.1843
libri1,libri3,white,20.0,0.0,0.45,fpr,0.1843
libri1,libri3,white,20.0,0.0,0.5,fpr,0.1843
libri1,libri3,white,20.0,0.0,0.55,fpr,0.1843
libri1,libri3,white,20.0,0.1,0.2,fpr,0.1843
libri1,libri3,white,20.0,0.1,0.25,fpr,0.1843
libri1,libri3,white,20.0,0.1,0.3,fpr,0.1843
libri1,libri3,white,20.0,0.1,0.35,fpr,0.1843
libri1,libri3,white,20.0,0.1,0.4,fpr,0.1843
libri1,libri3,white,20.0,0.1,0.45,fpr,0.1843
libri1,libri3,white,20.0,0.1,0.5,fpr,0.1843
libri1,libri3,white,20.0,0.1,0.55,fpr,0.1843
libri1,libri3,white,20.0,0.2,0.2,fpr,0.1843
libri1,libri3,white,20.0,0.2,0.25,fpr,0.1843
libri1,libri3,white,20.0,0.2,0.3,fpr,0.1843
libri1,libri3,white,20.0,0.2,0.35,fpr,0.1843
libri1,libri3,white,20.0,0.2,0.4,fpr,0.1843
libri1,libri3,white,20.0,0.2,0.45,fpr,0.1843
libri1,libri3,white,20.0,0.2,0.5,fpr,0.1843
libri1,libri3,white,20.0,0.2,0.55,fpr,0.1843
libri1,libri3,white,20.0,0.3,0.2,fpr,0.1843
libri1,libri3,white,20.0,0.3,0.25,fpr,0.1843
libri1,libri3,white,20.0,0.3,0.3,fpr,0.1843
libri1,libri3,white,20.0,0.3,0.35,fpr,0.1843
libri1,libri3,white,20.0,0.3,0.4,fpr,0.1843
libri1,libri3,white,20.0,0.3,0.45,fpr,0.1843
libri1,libri3,white,20.0,0.3,0.5,fpr,0.1843
libri1,libri3,white,20.0,0.3,0.55,fpr,0.1843
libri1,libri3,white,20.0,0.4,0.2,fpr,0.1843
libri1,libri3,white,20.0,0.4,0.25,fpr,0.1843
libri1,libri3,white,20.0,0.4,0.3,fpr,0.1843
libri1,libri3,white,20.0,0.4,0.35,fpr,0.1843
libri1,libri3,white,20.0,0.4,0.4,fpr,0.1843
libri1,libri3,white,20.0,0.4,0.45,fpr,0.1843
libri1,libri3,white,20.0,0.4,0.5,fpr,0.1843
libri1,libri3,white,20.0,0.4,0.55,fpr,0.1843
libri1,libri3,white,20.0,0.5,0.2,fpr,0.1843
libri1,libri3,white,20.0,0.5,0.25,fpr,0.1843
libri1,libri3,white,20.0,0.5,0.3,fpr,0.1843
libri1,libri3,white,20.0,0.5,0.35,fpr,0.1843
libri1,libri3,white,20.0,0.5,0.4,fpr,0.1843
libri1,libri3,white,20.0,0.5,0.45,fpr,0.1843
libri1,libri3,white,20.0,0.5,0.5,fpr,0.1843
libri1,libri3,white,20.0,0.5,0.55,fpr,0.0
libri1,libri3,white,20.0,0.6,0.2,fpr,0.1843
libri1,libri3,white,20.0,0.6,0.25,fpr,0.1843
libri1,libri3,white,20.0,0.6,0.3,fpr,0.1843
libri1,libri3,white,20.0,0.6,0.35,fpr,0.1843
libri1,libri3,white,20.0,0.6,0.4,fpr,0.1843
libri1,libri3,white,20.0,0.6,0.45,fpr,0.0
libri1,libri3,white,20.0,0.6,0.5,fpr,0.0
libri1,libri3,white,20.0,0.6,0.55,fpr,0.0
libri1,libri3,white,20.0,0.7,0.2,fpr,0.1843
libri1,libri3,white,20.0,0.7,0.25,fpr,0.1843
libri1,libri3,white,20.0,0.7,0.3,fpr,0.1843
libri1,libri3,white,20.0,0.7,0.35,fpr,0.0
libri1,libri3,white,20.0,0.7,0.4,fpr,0.0
libri1,libri3,white,20.0,0.7,0.45,fpr,0.0
libri1,libri3,white,20.0,0.7,0.5,fpr,0.0
libri1,libri3,white,20.0,0.7,0.55,fpr,0.0
libri1,libri3,white,20.0,0.8,0.2,fpr,0.1843
libri1,libri3,white,20.0,0.8,0.25,fpr,0.0
libri1,libri3,white,20.0,0.8,0.3,fpr,0.0
libri1,libri3,white,20.0,0.8,0.35,fpr,0.0
libri1,libri3,white,20.0,0.8,0.4,fpr,0.0
libri1,libri3,white,20.0,0.8,0.45,fpr,0.0
libri1,libri3,white,20.0,0.8,0.5,fpr,0.0
libri1,libri3,white,20.0,0.8,0.55,fpr,0.0
libri1,libri3,white,20.0,0.9,0.2,fpr,0.0
libri1,libri3,white,20.0,0.9,0.25,fpr,0.0
libri1,libri3,white,20.0,0.9,0.3,fpr,0.0
libri1,libri3,white,20.0,0.9,0.35,fpr,0.0
libri1,libri3,white,20.0,0.9,0.4,fpr,0.0
libri1,libri3,white,20.0,0.9,0.45,fpr,0.0
libri1,libri3,white,20.0,0.9,0.5,fpr,0.0
libri1,libri3,white,20.0,0.9,0.55,fpr,0.0
libri1,libri3,white,20.0,1.0,0.2,fpr,0.0
libri1,libri3,white,20.0,1.0,0.25,fpr,0.0
libri1,libri3,white,20.0,1.0,0.3,fpr,0.0
libri1,libri3,white,20.0,1.0,0.35,fpr,0.0
libri1,libri3,white,20.0,1.0,0.4,fpr,0.0
libri1,libri3,white,20.0,1.0,0.45,fpr,0.0
libri1,libri3,white,20.0,1.0,0.5,fpr,0.0
libri1,libri3,white,20.0,1.0,0.55,fpr,0.0
libri1,libri3,pink,-5.0,0.0,0.2,fpr,0.3594
libri1,libri3,pink,-5.0,0.0,0.25,fpr,0.3594
libri1,libri3,pink,-5.0,0.0,0.3,fpr,0.3594
libri1,libri3,pink,-5.0,0.0,0.35,fpr,0.3594
libri1,libri3,pink,-5.0,0.0,0.4,fpr,0.3594
libri1,libri3,pink,-5.0,0.0,0.45,fpr,0.3594
libri1,libri3,pink,-5.0,0.0,0.5,fpr,0.3594
libri1,libri3,pink,-5.0,0.0,0.55,fpr,0.3594
libri1,libri3,pink,-5.0,0.1,0.2,fpr,0.3594
libri1,libri3,pink,-5.0,0.1,0.25,fpr,0.3594
libri1,libri3,pink,-5.0,0.1,0.3,fpr,0.3594
libri1,libri3,pink,-5.0,0.1,0.35,fpr,0.3594
libri1,libri3,pink,-5.0,0.1,0.4,fpr,0.3594
libri1,libri3,pink,-5.0,0.1,0.45,fpr,0.3594
libri1,libri3,pink,-5.0,0.1,0.5,fpr,0.3594
libri1,libri3,pink,-5.0,0.1,0.55,fpr,0.3594
libri1,libri3,pink,-5.0,0.2,0.2,fpr,0.3594
libri1,libri3,pink,-5.0,0.2,0.25,fpr,0.3594
libri1,libri3,pink,-5.0,0.2,0.3,fpr,0.3594
libri1,libri3,pink,-5.0,0.2,0.35,fpr,0.3594
libri1,libri3,pink,-5.0,0.2,0.4,fpr,0.3594
libri1,libri3,pink,-5.0,0.2,0.45,fpr,0.3594
libri1,libri3,pink,-5.0,0.2,0.5,fpr,0.3594
libri1,libri3,pink,-5.0,0.2,0.55,fpr,0.3594
libri1,libri3,pink,-5.0,0.3,0.2,fpr,0.3594
libri1,libri3,pink,-5.0,0.3,0.25,fpr,0.3594
libri1,libri3,pink,-5.0,0.3,0.3,fpr,0.3594
libri1,libri3,pink,-5.0,0.3,0.35,fpr,0.3594
libri1,libri3,pink,-5.0,0.3,0.4,fpr,0.3594
libri1,libri3,pink,-5.0,0.3,0.45,fpr,0.3594
libri1,libri3,pink,-5.0,0.3,0.5,fpr,0.3594
libri1,libri3,pink,-5.0,0.3,0.55,fpr,0.3594
libri1,libri3,pink,-5.0,0.4,0.2,fpr,0.3594
libri1,libri3,pink,-5.0,0.4,0.25,fpr,0.3594
libri1,libri3,pink,-5.0,0.4,0.3,fpr,0.3594
libri1,libri3,pink,-5.0,0.4,0.35,fpr,0.3594
libri1,libri3,pink,-5.0,0.4,0.4,fpr,0.3594
libri1,libri3,pink,-5.0,0.4,0.45,fpr,0.3594
libri1,libri3,pink,-5.0,0.4,0.5,fpr,0.3594
libri1,libri3,pink,-5.0,0.4,0.55,fpr,0.3594
libri1,libri3,pink,-5.0,0.5,0.2,fpr,0.3594
libri1,libri3,pink,-5.0,0.5,0.25,fpr,0.3594
libri1,libri3,pink,-5.0,0.5,0.3,fpr,0.3594
libri1,libri3,pink,-5.0,0.5,0.35,fpr,0.3594
libri1,libri3,pink,-5.0,0.5,0.4,fpr,0.3594
libri1,libri3,pink,-5.0,0.5,0.45,fpr,0.3594
libri1,libri3,pink,-5.0,0.5,0.5,fpr,0.3594
libri1,libri3,pink,-5.0,0.5,0.55,fpr,0.0
libri1,libri3,pink,-5.0,0.6,0.2,fpr,0.3594
libri1,libri3,pink,-5.0,0.6,0.25,fpr,0.3594
libri1,libri3,pink,-5.0,0.6,0.3,fpr,0.3594
libri1,libri3,pink,-5.0,0.6,0.35,fpr,0.3594
libri1,libri3,pink,-5.0,0.6,0.4,fpr,0.3594
libri1,libri3,pink,-5.0,0.6,0.45,fpr,0.0
libri1,libri3,pink,-5.0,0.6,0.5,fpr,0.0
libri1,libri3,pink,-5.0,0.6,0.55,fpr,0.0
libri1,libri3,pink,-5.0,0.7,0.2,fpr,0.3594
libri1,libri3,pink,-5.0,0.7,0.25,fpr,0.3594
libri1,libri3,pink,-5.0,0.7,0.3,fpr,0.3594
libri1,libri3,pink,-5.0,0.7,0.35,fpr,0.0
libri1,libri3,pink,-5.0,0.7,0.4,fpr,0.0
libri1,libri3,pink,-5.0,0.7,0.45,fpr,0.0
libri1,libri3,pink,-5.0,0.7,0.5,fpr,0.0
libri1,libri3,pink,-5.0,0.7,0.55,fpr,0.0
libri1,libri3,pink,-5.0,0.8,0.2,fpr,0.3594
libri1,libri3,pink,-5.0,0.8,0.25,fpr,0.0
libri1,libri3,pink,-5.0,0.8,0.3,fpr,0.0
libri1,libri3,pink,-5.0,0.8,0.35,fpr,0.0
libri1,libri3,pink,-5.0,0.8,0.4,fpr,0.0
libri1,libri3,pink,-5.0,0.8,0.45,fpr,0.0
libri1,libri3,pink,-5.0,0.8,0.5,fpr,0.0
libri1,libri3,pink,-5.0,0.8,0.55,fpr,0.0
libri1,libri3,pink,-5.0,0.9,0.2,fpr,0.0
libri1,libri3,pink,-5.0,0.9,0.25,fpr,0.0
libri1,libri3,pink,-5.0,0.9,0.3,fpr,0.0
libri1,libri3,pink,-5.0,0.9,0.35,fpr,0.0
libri1,libri3,pink,-5.0,0.9,0.4,fpr,0.0
libri1,libri3,pink,-5.0,0.9,0.45,fpr,0.0
libri1,libri3,pink,-5.0,0.9,0.5,fpr,0.0
libri1,libri3,pink,-5.0,0.9,0.55,fpr,0.0
libri1,libri3,pink,-5.0,1.0,0.2,fpr,0.0
libri1,libri3,pink,-5.0,1.0,0.25,fpr,0.0
libri1,libri3,pink,-5.0,1.0,0.3,fpr,0.0
libri1,libri3,pink,-5.0,1.0,0.35,fpr,0.0
libri1,libri3,pink,-5.0,1.0,0.4,fpr,0.0
libri1,libri3,pink,-5.0,1.0,0.45,fpr,0.0
libri1,libri3,pink,-5.0,1.0,0.5,fpr,0.0
libri1,libri3,pink,-5.0,1.0,0.55,fpr,0.0
libri1,libri3,pink,0.0,0.0,0.2,fpr,0.1843
libri1,libri3,pink,0.0,0.0,0.25,fpr,0.1843
libri1,libri3,pink,0.0,0.0,0.3,fpr,0.1843
libri1,libri3,pink,0.0,0.0,0.35,fpr,0.1843
libri1,libri3,pink,0.0,0.0,0.4,fpr,0.1843
libri1,libri3,pink,0.0,0.0,0.45,fpr,0.1843
libri1,libri3,pink,0.0,0.0,0.5,fpr,0.1843
libri1,libri3,pink,0.0,0.0,0.55,fpr,0.1843
libri1,libri3,pink,0.0,0.1,0.2,fpr,0.1843
libri1,libri3,pink,0.0,0.1,0.25,fpr,0.1843
libri1,libri3,pink,0.0,0.1,0.3,fpr,0.1843
libri1,libri3,pink,0.0,0.1,0.35,fpr,0.1843
libri1,libri3,pink,0.0,0.1,0.4,fpr,0.1843
libri1,libri3,pink,0.0,0.1,0.45,fpr,0.1843
libri1,libri3,pink,0.0,0.1,0.5,fpr,0.1843
libri1,libri3,pink,0.0,0.1,0.55,fpr,0.1843
libri1,libri3,pink,0.0,0.2,0.2,fpr,0.1843
libri1,libri3,pink,0.0,0.2,0.25,fpr,0.1843
libri1,libri3,pink,0.0,0.2,0.3,fpr,0.1843
libri1,libri3,pink,0.0,0.2,0.35,fpr,0.1843
libri1,libri3,pink,0.0,0.2,0.4,fpr,0.1843
libri1,libri3,pink,0.0,0.2,0.45,fpr,0.1843
libri1,libri3,pink,0.0,0.2,0.5,fpr,0.1843
libri1,libri3,pink,0.0,0.2,0.55,fpr,0.1843
libri1,libri3,pink,0.0,0.3,0.2,fpr,0.1843
libri1,libri3,pink,0.0,0.3,0.25,fpr,0.1843
libri1,libri3,pink,0.0,0.3,0.3,fpr,0.1843
libri1,libri3,pink,0.0,0.3,0.35,fpr,0.1843
libri1,libri3,pink,0.0,0.3,0.4,fpr,0.1843
libri1,libri3,pink,0.0,0.3,0.45,fpr,0.1843
libri1,libri3,pink,0.0,0.3,0.5,fpr,0.1843
libri1,libri3,pink,0.0,0.3,0.55,fpr,0.1843
libri1,libri3,pink,0.0,0.4,0.2,fpr,0.1843
libri1,libri3,pink,0.0,0.4,0.25,fpr,0.1843
libri1,libri3,pink,0.0,0.4,0.3,fpr,0.1843
libri1,libri3,pink,0.0,0.4,0.35,fpr,0.1843
libri1,libri3,pink,0.0,0.4,0.4,fpr,0.1843
libri1,libri3,pink,0.0,0.4,0.45,fpr,0.1843
libri1,libri3,pink,0.0,0.4,0.5,fpr,0.1843
libri1,libri3,pink,0.0,0.4,0.55,fpr,0.1843
libri1,libri3,pink,0.0,0.5,0.2,fpr,0.1843
libri1,libri3,pink,0.0,0.5,0.25,fpr,0.1843
libri1,libri3,pink,0.0,0.5,0.3,fpr,0.1843
libri1,libri3,pink,0.0,0.5,0.35,fpr,0.1843
libri1,libri3,pink,0.0,0.5,0.4,fpr,0.1843
libri1,libri3,pink,0.0,0.5,0.45,fpr,0.1843
libri1,libri3,pink,0.0,0.5,0.5,fpr,0.1843
libri1,libri3,pink,0.0,0.5,0.55,fpr,0.0
libri1,libri3,pink,0.0,0.6,0.2,fpr,0.1843
libri1,libri3,pink,0.0,0.6,0.25,fpr,0.1843
libri1,libri3,pink,0.0,0.6,0.3,fpr,0.1843
libri1,libri3,pink,0.0,0.6,0.35,fpr,0.1843
libri1,libri3,pink,0.0,0.6,0.4,fpr,0.1843
libri1,libri3,pink,0.0,0.6,0.45,fpr,0.0
libri1,libri3,pink,0.0,0.6,0.5,fpr,0.0
libri1,libri3,pink,0.0,0.6,0.55,fpr,0.0
libri1,libri3,pink,0.0,0.7,0.2,fpr,0.1843
libri1,libri3,pink,0.0,0.7,0.25,fpr,0.1843
libri1,libri3,pink,0.0,0.7,0.3,fpr,0.1843
libri1,libri3,pink,0.0,0.7,0.35,fpr,0.0
libri1,libri3,pink,0.0,0.7,0.4,fpr,0.0
libri1,libri3,pink,0.0,0.7,0.45,fpr,0.0
libri1,libri3,pink,0.0,0.7,0.5,fpr,0.0
libri1,libri3,pink,0.0,0.7,0.55,fpr,0.0
libri1,libri3,pink,0.0,0.8,0.2,fpr,0.1843
libri1,libri3,pink,0.0,0.8,0.25,fpr,0.0
libri1,libri3,pink,0.0,0.8,0.3,fpr,0.0
libri1,libri3,pink,0.0,0.8,0.35,fpr,0.0
libri1,libri3,pink,0.0,0.8,0.4,fpr,0.0
libri1,libri3,pink,0.0,0.8,0.45,fpr,0.0
libri1,libri3,pink,0.0,0.8,0.5,fpr,0.0
libri1,libri3,pink,0.0,0.8,0.55,fpr,0.0
libri1,libri3,pink,0.0,0.9,0.2,fpr,0.0
libri1,libri3,pink,0.0,0.9,0.25,fpr,0.0
libri1,libri3,pink,0.0,0.9,0.3,fpr,0.0
libri1,libri3,pink,0.0,0.9,0.35,fpr,0.0
libri1,libri3,pink,0.0,0.9,0.4,fpr,0.0
libri1,libri3,pink,0.0,0.9,0.45,fpr,0.0
libri1,libri3,pink,0.0,0.9,0.5,fpr,0.0
libri1,libri3,pink,0.0,0.9,0.55,fpr,0.0
libri1,libri3,pink,0.0,1.0,0.2,fpr,0.0
libri1,libri3,pink,0.0,1.0,0.25,fpr,0.0
libri1,libri3,pink,0.0,1.0,0.3,fpr,0.0
libri1,libri3,pink,0.0,1.0,0.35,fpr,0.0
libri1,libri3,pink,0.0,1.0,0.4,fpr,0.0
libri1,libri3,pink,0.0,1.0,0.45,fpr,0.0
libri1,libri3,pink,0.0,1.0,0.5,fpr,0.0
libri1,libri3,pink,0.0,1.0,0.55,fpr,0.0
libri1,libri3,pink,5.0,0.0,0.2,fpr,0.1843
libri1,libri3,pink,5.0,0.0,0.25,fpr,0.1843
libri1,libri3,pink,5.0,0.0,0.3,fpr,0.1843
libri1,libri3,pink,5.0,0.0,0.35,fpr,0.1843
libri1,libri3,pink,5.0,0.0,0.4,fpr,0.1843
libri1,libri3,pink,5.0,0.0,0.45,fpr,0.1843
libri1,libri3,pink,5.0,0.0,0.5,fpr,0.1843
libri1,libri3,pink,5.0,0.0,0.55,fpr,0.1843
libri1,libri3,pink,5.0,0.1,0.2,fpr,0.1843
libri1,libri3,pink,5.0,0.1,0.25,fpr,0.1843
libri1,libri3,pink,5.0,0.1,0.3,fpr,0.1843
libri1,libri3,pink,5.0,0.1,0.35,fpr,0.1843
libri1,libri3,pink,5.0,0.1,0.4,fpr,0.1843
libri1,libri3,pink,5.0,0.1,0.45,fpr,0.1843
libri1,libri3,pink,5.0,0.1,0.5,fpr,0.1843
libri1,libri3,pink,5.0,0.1,0.55,fpr,0.1843
libri1,libri3,pink,5.0,0.2,0.2,fpr,0.1843
libri1,libri3,pink,5.0,0.2,0.25,fpr,0.1843
libri1,libri3,pink,5.0,0.2,0.3,fpr,0.1843
libri1,libri3,pink,5.0,0.2,0.35,fpr,0.1843
libri1,libri3,pink,5.0,0.2,0.4,fpr,0.1843
libri1,libri3,pink,5.0,0.2,0.45,fpr,0.1843
libri1,libri3,pink,5.0,0.2,0.5,fpr,0.1843
libri1,libri3,pink,5.0,0.2,0.55,fpr,0.1843
libri1,libri3,pink,5.0,0.3,0.2,fpr,0.1843
libri1,libri3,pink,5.0,0.3,0.25,fpr,0.1843
libri1,libri3,pink,5.0,0.3,0.3,fpr,0.1843
libri1,libri3,pink,5.0,0.3,0.35,fpr,0.1843
libri1,libri3,pink,5.0,0.3,0.4,fpr,0.1843
libri1,libri3,pink,5.0,0.3,0.45,fpr,0.1843
libri1,libri3,pink,5.0,0.3,0.5,fpr,0.1843
libri1,libri3,pink,5.0,0.3,0.55,fpr,0.1843
libri1,libri3,pink,5.0,0.4,0.2,fpr,0.1843
libri1,libri3,pink,5.0,0.4,0.25,fpr,0.1843
libri1,libri3,pink,5.0,0.4,0.3,fpr,0.1843
libri1,libri3,pink,5.0,0.4,0.35,fpr,0.1843
libri1,libri3,pink,5.0,0.4,0.4,fpr,0.1843
libri1,libri3,pink,5.0,0.4,0.45,fpr,0.1843
libri1,libri3,pink,5.0,0.4,0.5,fpr,0.1843
libri1,libri3,pink,5.0,0.4,0.55,fpr,0.1843
libri1,libri3,pink,5.0,0.5,0.2,fpr,0.1843
libri1,libri3,pink,5.0,0.5,0.25,fpr,0.1843
libri1,libri3,pink,5.0,0.5,0.3,fpr,0.1843
libri1,libri3,pink,5.0,0.5,0.35,fpr,0.1843
libri1,libri3,pink,5.0,0.5,0.4,fpr,0.1843
libri1,libri3,pink,5.0,0.5,0.45,fpr,0.1843
libri1,libri3,pink,5.0,0.5,0.5,fpr,0.1843
libri1,libri3,pink,5.0,0.5,0.55,fpr,0.0
libri1,libri3,pink,5.0,0.6,0.2,fpr,0.1843
libri1,libri3,pink,5.0,0.6,0.25,fpr,0.1843
libri1,libri3,pink,5.0,0.6,0.3,fpr,0.1843
libri1,libri3,pink,5.0,0.6,0.35,fpr,0.1843
libri1,libri3,pink,5.0,0.6,0.4,fpr,0.1843
libri1,libri3,pink,5.0,0.6,0.45,fpr,0.0
libri1,libri3,pink,5.0,0.6,0.5,fpr,0.0
libri1,libri3,pink,5.0,0.6,0.55,fpr,0.0
libri1,libri3,pink,5.0,0.7,0.2,fpr,0.1843
libri1,libri3,pink,5.0,0.7,0.25,fpr,0.1843
libri1,libri3,pink,5.0,0.7,0.3,fpr,0.1843
libri1,libri3,pink,5.0,0.7,0.35,fpr,0.0
libri1,libri3,pink,5.0,0.7,0.4,fpr,0.0
libri1,libri3,pink,5.0,0.7,0.45,fpr,0.0
libri1,libri3,pink,5.0,0.7,0.5,fpr,0.0
libri1,libri3,pink,5.0,0.7,0.55,fpr,0.0
libri1,libri3,pink,5.0,0.8,0.2,fpr,0.1843
libri1,libri3,pink,5.0,0.8,0.25,fpr,0.0
libri1,libri3,pink,5.0,0.8,0.3,fpr,0.0
libri1,libri3,pink,5.0,0.8,0.35,fpr,0.0
libri1,libri3,pink,5.0,0.8,0.4,fpr,0.0
libri1,libri3,pink,5.0,0.8,0.45,fpr,0.0
libri1,libri3,pink,5.0,0.8,0.5,fpr,0.0
libri1,libri3,pink,5.0,0.8,0.55,fpr,0.0
libri1,libri3,pink,5.0,0.9,0.2,fpr,0.0
libri1,libri3,pink,5.0,0.9,0.25,fpr,0.0
libri1,libri3,pink,5.0,0.9,0.3,fpr,0.0
libri1,libri3,pink,5.0,0.9,0.35,fpr,0.0
libri1,libri3,pink,5.0,0.9,0.4,fpr,0.0
libri1,libri3,pink,5.0,0.9,0.45,fpr,0.0
libri1,libri3,pink,5.0,0.9,0.5,fpr,0.0
libri1,libri3,pink,5.0,0.9,0.55,fpr,0.0
libri1,libri3,pink,5.0,1.0,0.2,fpr,0.0
libri1,libri3,pink,5.0,1.0,0.25,fpr,0.0
libri1,libri3,pink,5.0,1.0,0.3,fpr,0.0
libri1,libri3,pink,5.0,1.0,0.35,fpr,0.0
libri1,libri3,pink,5.0,1.0,0.4,fpr,0.0
libri1,libri3,pink,5.0,1.0,0.45,fpr,0.0
libri1,libri3,pink,5.0,1.0,0.5,fpr,0.0
libri1,libri3,pink,5.0,1.0,0.55,fpr,0.0
libri1,libri3,pink,10.0,0.0,0.2,fpr,0.1843
libri1,libri3,pink,10.0,0.0,0.25,fpr,0.1843
libri1,libri3,pink,10.0,0.0,0.3,fpr,0.1843
libri1,libri3,pink,10.0,0.0,0.35,fpr,0.1843
libri1,libri3,pink,10.0,0.0,0.4,fpr,0.1843
libri1,libri3,pink,10.0,0.0,0.45,fpr,0.1843
libri1,libri3,pink,10.0,0.0,0.5,fpr,0.1843
libri1,libri3,pink,10.0,0.0,0.55,fpr,0.1843
libri1,libri3,pink,10.0,0.1,0.2,fpr,0.1843
libri1,libri3,pink,10.0,0.1,0.25,fpr,0.1843
libri1,libri3,pink,10.0,0.1,0.3,fpr,0.1843
libri1,libri3,pink,10.0,0.1,0.35,fpr,0.1843
libri1,libri3,pink,10.0,0.1,0.4,fpr,0.1843
libri1,libri3,pink,10.0,0.1,0.45,fpr,0.1843
libri1,libri3,pink,10.0,0.1,0.5,fpr,0.1843
libri1,libri3,pink,10.0,0.1,0.55,fpr,0.1843
libri1,libri3,pink,10.0,0.2,0.2,fpr,0.1843
libri1,libri3,pink,10.0,0.2,0.25,fpr,0.1843
libri1,libri3,pink,10.0,0.2,0.3,fpr,0.1843
libri1,libri3,pink,10.0,0.2,0.35,fpr,0.1843
libri1,libri3,pink,10.0,0.2,0.4,fpr,0.1843
libri1,libri3,pink,10.0,0.2,0.45,fpr,0.1843
libri1,libri3,pink,10.0,0.2,0.5,fpr,0.1843
libri1,libri3,pink,10.0,0.2,0.55,fpr,0.1843
libri1,libri3,pink,10.0,0.3,0.2,fpr,0.1843
libri1,libri3,pink,10.0,0.3,0.25,fpr,0.1843
libri1,libri3,pink,10.0,0.3,0.3,fpr,0.1843
libri1,libri3,pink,10.0,0.3,0.35,fpr,0.1843
libri1,libri3,pink,10.0,0.3,0.4,fpr,0.1843
libri1,libri3,pink,10.0,0.3,0.45,fpr,0.1843
libri1,libri3,pink,10.0,0.3,0.5,fpr,0.1843
libri1,libri3,pink,10.0,0.3,0.55,fpr,0.1843
libri1,libri3,pink,10.0,0.4,0.2,fpr,0.1843
libri1,libri3,pink,10.0,0.4,0.25,fpr,0.1843
libri1,libri3,pink,10.0,0.4,0.3,fpr,0.1843
libri1,libri3,pink,10.0,0.4,0.35,fpr,0.1843
libri1,libri3,pink,10.0,0.4,0.4,fpr,0.1843
libri1,libri3,pink,10.0,0.4,0.45,fpr,0.1843
libri1,libri3,pink,10.0,0.4,0.5,fpr,0.1843
libri1,libri3,pink,10.0,0.4,0.55,fpr,0.1843
libri1,libri3,pink,10.0,0.5,0.2,fpr,0.1843
libri1,libri3,pink,10.0,0.5,0.25,fpr,0.1843
libri1,libri3,pink,10.0,0.5,0.3,fpr,0.1843
libri1,libri3,pink,10.0,0.5,0.35,fpr,0.1843
libri1,libri3,pink,10.0,0.5,0.4,fpr,0.1843
libri1,libri3,pink,10.0,0.5,0.45,fpr,0.1843
libri1,libri3,pink,10.0,0.5,0.5,fpr,0.1843
libri1,libri3,pink,10.0,0.5,0.55,fpr,0.0
libri1,libri3,pink,10.0,0.6,0.2,fpr,0.1843
libri1,libri3,pink,10.0,0.6,0.25,fpr,0.1843
libri1,libri3,pink,10.0,0.6,0.3,fpr,0.1843
libri1,libri3,pink,10.0,0.6,0.35,fpr,0.1843
libri1,libri3,pink,10.0,0.6,0.4,fpr,0.1843
libri1,libri3,pink,10.0,0.6,0.45,fpr,0.0
libri1,libri3,pink,10.0,0.6,0.5,fpr,0.0
libri1,libri3,pink,10.0,0.6,0.55,fpr,0.0
libri1,libri3,pink,10.0,0.7,0.2,fpr,0.1843
libri1,libri3,pink,10.0,0.7,0.25,fpr,0.1843
libri1,libri3,pink,10.0,0.7,0.3,fpr,0.1843
libri1,libri3,pink,10.0,0.7,0.35,fpr,0.0
libri1,libri3,pink,10.0,0.7,0.4,fpr,0.0
libri1,libri3,pink,10.0,0.7,0.45,fpr,0.0
libri1,libri3,pink,10.0,0.7,0.5,fpr,0.0
libri1,libri3,pink,10.0,0.7,0.55,fpr,0.0
libri1,libri3,pink,10.0,0.8,0.2,fpr,0.1843
libri1,libri3,pink,10.0,0.8,0.25,fpr,0.0
libri1,libri3,pink,10.0,0.8,0.3,fpr,0.0
libri1,libri3,pink,10.0,0.8,0.35,fpr,0.0
libri1,libri3,pink,10.0,0.8,0.4,fpr,0.0
libri1,libri3,pink,10.0,0.8,0.45,fpr,0.0
libri1,libri3,pink,10.0,0.8,0.5,fpr,0.0
libri1,libri3,pink,10.0,0.8,0.55,fpr,0.0
libri1,libri3,pink,10.0,0.9,0.2,fpr,0.0
libri1,libri3,pink,10.0,0.9,0.25,fpr,0.0
libri1,libri3,pink,10.0,0.9,0.3,fpr,0.0
libri1,libri3,pink,10.0,0.9,0.35,fpr,0.0
libri1,libri3,pink,10.0,0.9,0.4,fpr,0.0
libri1,libri3,pink,10.0,0.9,0.45,fpr,0.0
libri1,libri3,pink,10.0,0.9,0.5,fpr,0.0
libri1,libri3,pink,10.0,0.9,0.55,fpr,0.0
libri1,libri3,pink,10.0,1.0,0.2,fpr,0.0
libri1,libri3,pink,10.0,1.0,0.25,fpr,0.0
libri1,libri3,pink,10.0,1.0,0.3,fpr,0.0
libri1,libri3,pink,10.0,1.0,0.35,fpr,0.0
libri1,libri3,pink,10.0,1.0,0.4,fpr,0.0
libri1,libri3,pink,10.0,1.0,0.45,fpr,0.0
libri1,libri3,pink,10.0,1.0,0.5,fpr,0.0
libri1,libri3,pink,10.0,1.0,0.55,fpr,0.0
libri1,libri3,pink,15.0,0.0,0.2,fpr,0.1843
libri1,libri3,pink,15.0,0.0,0.25,fpr,0.1843
libri1,libri3,pink,15.0,0.0,0.3,fpr,0.1843
libri1,libri3,pink,15.0,0.0,0.35,fpr,0.1843
libri1,libri3,pink,15.0,0.0,0.4,fpr,0.1843
libri1,libri3,pink,15.0,0.0,0.45,fpr,0.1843
libri1,libri3,pink,15.0,0.0,0.5,fpr,0.1843
libri1,libri3,pink,15.0,0.0,0.55,fpr,0.1843
libri1,libri3,pink,15.0,0.1,0.2,fpr,0.1843
libri1,libri3,pink,15.0,0.1,0.25,fpr,0.1843
libri1,libri3,pink,15.0,0.1,0.3,fpr,0.1843
libri1,libri3,pink,15.0,0.1,0.35,fpr,0.1843
libri1,libri3,pink,15.0,0.1,0.4,fpr,0.1843
libri1,libri3,pink,15.0,0.1,0.45,fpr,0.1843
libri1,libri3,pink,15.0,0.1,0.5,fpr,0.1843
libri1,libri3,pink,15.0,0.1,0.55,fpr,0.1843
libri1,libri3,pink,15.0,0.2,0.2,fpr,0.1843
libri1,libri3,pink,15.0,0.2,0.25,fpr,0.1843
libri1,libri3,pink,15.0,0.2,0.3,fpr,0.1843
libri1,libri3,pink,15.0,0.2,0.35,fpr,0.1843
libri1,libri3,pink,15.0,0.2,0.4,fpr,0.1843
libri1,libri3,pink,15.0,0.2,0.45,fpr,0.1843
libri1,libri3,pink,15.0,0.2,0.5,fpr,0.1843
libri1,libri3,pink,15.0,0.2,0.55,fpr,0.1843
libri1,libri3,pink,15.0,0.3,0.2,fpr,0.1843
libri1,libri3,pink,15.0,0.3,0.25,fpr,0.1843
libri1,libri3,pink,15.0,0.3,0.3,fpr,0.1843
libri1,libri3,pink,15.0,0.3,0.35,fpr,0.1843
libri1,libri3,pink,15.0,0.3,0.4,fpr,0.1843
libri1,libri3,pink,15.0,0.3,0.45,fpr,0.1843
libri1,libri3,pink,15.0,0.3,0.5,fpr,0.1843
libri1,libri3,pink,15.0,0.3,0.55,fpr,0.1843
libri1,libri3,pink,15.0,0.4,0.2,fpr,0.1843
libri1,libri3,pink,15.0,0.4,0.25,fpr,0.1843
libri1,libri3,pink,15.0,0.4,0.3,fpr,0.1843
libri1,libri3,pink,15.0,0.4,0.35,fpr,0.1843
libri1,libri3,pink,15.0,0.4,0.4,fpr,0.1843
libri1,libri3,pink,15.0,0.4,0.45,fpr,0.1843
libri1,libri3,pink,15.0,0.4,0.5,fpr,0.1843
libri1,libri3,pink,15.0,0.4,0.55,fpr,0.1843
libri1,libri3,pink,15.0,0.5,0.2,fpr,0.1843
libri1,libri3,pink,15.0,0.5,0.25,fpr,0.1843
libri1,libri3,pink,15.0,0.5,0.3,fpr,0.1843
libri1,libri3,pink,15.0,0.5,0.35,fpr,0.1843
libri1,libri3,pink,15.0,0.5,0.4,fpr,0.1843
libri1,libri3,pink,15.0,0.5,0.45,fpr,0.1843
libri1,libri3,pink,15.0,0.5,0.5,fpr,0.1843
libri1,libri3,pink,15.0,0.5,0.55,fpr,0.0
libri1,libri3,pink,15.0,0.6,0.2,fpr,0.1843
libri1,libri3,pink,15.0,0.6,0.25,fpr,0.1843
libri1,libri3,pink,15.0,0.6,0.3,fpr,0.1843
libri1,libri3,pink,15.0,0.6,0.35,fpr,0.1843
libri1,libri3,pink,15.0,0.6,0.4,fpr,0.1843
libri1,libri3,pink,15.0,0.6,0.45,fpr,0.0
libri1,libri3,pink,15.0,0.6,0.5,fpr,0.0
libri1,libri3,pink,15.0,0.6,0.55,fpr,0.0
libri1,libri3,pink,15.0,0.7,0.2,fpr,0.1843
libri1,libri3,pink,15.0,0.7,0.25,fpr,0.1843
libri1,libri3,pink,15.0,0.7,0.3,fpr,0.1843
libri1,libri3,pink,15.0,0.7,0.35,fpr,0.0
libri1,libri3,pink,15.0,0.7,0.4,fpr,0.0
libri1,libri3,pink,15.0,0.7,0.45,fpr,0.0
libri1,libri3,pink,15.0,0.7,0.5,fpr,0.0
libri1,libri3,pink,15.0,0.7,0.55,fpr,0.0
libri1,libri3,pink,15.0,0.8,0.2,fpr,0.1843
libri1,libri3,pink,15.0,0.8,0.25,fpr,0.0
libri1,libri3,pink,15.0,0.8,0.3,fpr,0.0
libri1,libri3,pink,15.0,0.8,0.35,fpr,0.0
libri1,libri3,pink,15.0,0.8,0.4,fpr,0.0
libri1,libri3,pink,15.0,0.8,0.45,fpr,0.0
libri1,libri3,pink,15.0,0.8,0.5,fpr,0.0
libri1,libri3,pink,15.0,0.8,0.55,fpr,0.0
libri1,libri3,pink,15.0,0.9,0.2,fpr,0.0
libri1,libri3,pink,15.0,0.9,0.25,fpr,0.0
libri1,libri3,pink,15.0,0.9,0.3,fpr,0.0
libri1,libri3,pink,15.0,0.9,0.35,fpr,0.0
libri1,libri3,pink,15.0,0.9,0.4,fpr,0.0
libri1,libri3,pink,15.0,0.9,0.45,fpr,0.0
libri1,libri3,pink,15.0,0.9,0.5,fpr,0.0
libri1,libri3,pink,15.0,0.9,0.55,fpr,0.0
libri1,libri3,pink,15.0,1.0,0.2,fpr,0.0
libri1,libri3,pink,15.0,1.0,0.25,fpr,0.0
libri1,libri3,pink,15.0,1.0,0.3,fpr,0.0
libri1,libri3,pink,15.0,1.0,0.35,fpr,0.0
libri1,libri3,pink,15.0,1.0,0.4,fpr,0.0
libri1,libri3,pink,15.0,1.0,0.45,fpr,0.0
libri1,libri3,pink,15.0,1.0,0.5,fpr,0.0
libri1,libri3,pink,15.0,1.0,0.55,fpr,0.0
libri1,libri3,pink,20.0,0.0,0.2,fpr,0.1843
libri1,libri3,pink,20.0,0.0,0.25,fpr,0.1843
libri1,libri3,pink,20.0,0.0,0.3,fpr,0.1843
libri1,libri3,pink,20.0,0.0,0.35,fpr,0.1843
libri1,libri3,pink,20.0,0.0,0.4,fpr,0.1843
libri1,libri3,pink,20.0,0.0,0.45,fpr,0.1843
libri1,libri3,pink,20.0,0.0,0.5,fpr,0.1843
libri1,libri3,pink,20.0,0.0,0.55,fpr,0.1843
libri1,libri3,pink,20.0,0.1,0.2,fpr,0.1843
libri1,libri3,pink,20.0,0.1,0.25,fpr,0.1843
libri1,libri3,pink,20.0,0.1,0.3,fpr,0.1843
libri1,libri3,pink,20.0,0.1,0.35,fpr,0.1843
libri1,libri3,pink,20.0,0.1,0.4,fpr,0.1843
libri1,libri3,pink,20.0,0.1,0.45,fpr,0.1843
libri1,libri3,pink,20.0,0.1,0.5,fpr,0.1843
libri1,libri3,pink,20.0,0.1,0.55,fpr,0.1843
libri1,libri3,pink,20.0,0.2,0.2,fpr,0.1843
libri1,libri3,pink,20.0,0.2,0.25,fpr,0.1843
libri1,libri3,pink,20.0,0.2,0.3,fpr,0.1843
libri1,libri3,pink,20.0,0.2,0.35,fpr,0.1843
libri1,libri3,pink,20.0,0.2,0.4,fpr,0.1843
libri1,libri3,pink,20.0,0.2,0.45,fpr,0.1843
libri1,libri3,pink,20.0,0.2,0.5,fpr,0.1843
libri1,libri3,pink,20.0,0.2,0.55,fpr,0.1843
libri1,libri3,pink,20.0,0.3,0.2,fpr,0.1843
libri1,libri3,pink,20.0,0.3,0.25,fpr,0.1843
libri1,libri3,pink,20.0,0.3,0.3,fpr,0.1843
libri1,libri3,pink,20.0,0.3,0.35,fpr,0.1843
libri1,libri3,pink,20.0,0.3,0.4,fpr,0.1843
libri1,libri3,pink,20.0,0.3,0.45,fpr,0.1843
libri1,libri3,pink,20.0,0.3,0.5,fpr,0.1843
libri1,libri3,pink,20.0,0.3,0.55,fpr,0.1843
libri1,libri3,pink,20.0,0.4,0.2,fpr,0.1843
libri1,libri3,pink,20.0,0.4,0.25,fpr,0.1843
libri1,libri3,pink,20.0,0.4,0.3,fpr,0.1843
libri1,libri3,pink,20.0,0.4,0.35,fpr,0.1843
libri1,libri3,pink,20.0,0.4,0.4,fpr,0.1843
libri1,libri3,pink,20.0,0.4,0.45,fpr,0.1843
libri1,libri3,pink,20.0,0.4,0.5,fpr,0.1843
libri1,libri3,pink,20.0,0.4,0.55,fpr,0.1843
libri1,libri3,pink,20.0,0.5,0.2,fpr,0.1843
libri1,libri3,pink,20.0,0.5,0.25,fpr,0.1843
libri1,libri3,pink,20.0,0.5,0.3,fpr,0.1843
libri1,libri3,pink,20.0,0.5,0.35,fpr,0.1843
libri1,libri3,pink,20.0,0.5,0.4,fpr,0.1843
libri1,libri3,pink,20.0,0.5,0.45,fpr,0.1843
libri1,libri3,pink,20.0,0.5,0.5,fpr,0.1843
libri1,libri3,pink,20.0,0.5,0.55,fpr,0.0
libri1,libri3,pink,20.0,0.6,0.2,fpr,0.1843
libri1,libri3,pink,20.0,0.6,0.25,fpr,0.1843
libri1,libri3,pink,20.0,0.6,0.3,fpr,0.1843
libri1,libri3,pink,20.0,0.6,0.35,fpr,0.1843
libri1,libri3,pink,20.0,0.6,0.4,fpr,0.1843
libri1,libri3,pink,20.0,0.6,0.45,fpr,0.0
libri1,libri3,pink,20.0,0.6,0.5,fpr,0.0
libri1,libri3,pink,20.0,0.6,0.55,fpr,0.0
libri1,libri3,pink,20.0,0.7,0.2,fpr,0.1843
libri1,libri3,pink,20.0,0.7,0.25,fpr,0.1843
libri1,libri3,pink,20.0,0.7,0.3,fpr,0.1843
libri1,libri3,pink,20.0,0.7,0.35,fpr,0.0
libri1,libri3,pink,20.0,0.7,0.4,fpr,0.0
libri1,libri3,pink,20.0,0.7,0.45,fpr,0.0
libri1,libri3,pink,20.0,0.7,0.5,fpr,0.0
libri1,libri3,pink,20.0,0.7,0.55,fpr,0.0
libri1,libri3,pink,20.0,0.8,0.2,fpr,0.1843
libri1,libri3,pink,20.0,0.8,0.25,fpr,0.0
libri1,libri3,pink,20.0,0.8,0.3,fpr,0.0
libri1,libri3,pink,20.0,0.8,0.35,fpr,0.0
libri1,libri3,pink,20.0,0.8,0.4,fpr,0.0
libri1,libri3,pink,20.0,0.8,0.45,fpr,0.0
libri1,libri3,pink,20.0,0.8,0.5,fpr,0.0
libri1,libri3,pink,20.0,0.8,0.55,fpr,0.0
libri1,libri3,pink,20.0,0.9,0.2,fpr,0.0
libri1,libri3,pink,20.0,0.9,0.25,fpr,0.0
libri1,libri3,pink,20.0,0.9,0.3,fpr,0.0
libri1,libri3,pink,20.0,0.9,0.35,fpr,0.0
libri1,libri3,pink,20.0,0.9,0.4,fpr,0.0
libri1,libri3,pink,20.0,0.9,0.45,fpr,0.0
libri1,libri3,pink,20.0,0.9,0.5,fpr,0.0
libri1,libri3,pink,20.0,0.9,0.55,fpr,0.0
libri1,libri3,pink,20.0,1.0,0.2,fpr,0.0
libri1,libri3,pink,20.0,1.0,0.25,fpr,0.0
libri1,libri3,pink,20.0,1.0,0.3,fpr,0.0
libri1,libri3,pink,20.0,1.0,0.35,fpr,0.0
libri1,libri3,pink,20.0,1.0,0.4,fpr,0.0
libri1,libri3,pink,20.0,1.0,0.45,fpr,0.0
libri1,libri3,pink,20.0,1.0,0.5,fpr,0.0
libri1,libri3,pink,20.0,1.0,0.55,fpr,0.0
libri2,libri1,white,-5.0,0.0,0.2,fpr,0.4632
libri2,libri1,white,-5.0,0.0,0.25,fpr,0.3939
libri2,libri1,white,-5.0,0.0,0.3,fpr,0.3593
libri2,libri1,white,-5.0,0.0,0.35,fpr,0.3593
libri2,libri1,white,-5.0,0.0,0.4,fpr,0.2857
libri2,libri1,white,-5.0,0.0,0.45,fpr,0.2857
libri2,libri1,white,-5.0,0.0,0.5,fpr,0.2857
libri2,libri1,white,-5.0,0.0,0.55,fpr,0.2857
libri2,libri1,white,-5.0,0.1,0.2,fpr,0.4286
libri2,libri1,white,-5.0,0.1,0.25,fpr,0.3593
libri2,libri1,white,-5.0,0.1,0.3,fpr,0.3593
libri2,libri1,white,-5.0,0.1,0.35,fpr,0.2857
libri2,libri1,white,-5.0,0.1,0.4,fpr,0.2857
libri2,libri1,white,-5.0,0.1,0.45,fpr,0.2857
libri2,libri1,white,-5.0,0.1,0.5,fpr,0.2857
libri2,libri1,white,-5.0,0.1,0.55,fpr,0.2857
libri2,libri1,white,-5.0,0.2,0.2,fpr,0.3939
libri2,libri1,white,-5.0,0.2,0.25,fpr,0.3593
libri2,libri1,white,-5.0,0.2,0.3,fpr,0.3593
libri2,libri1,white,-5.0,0.2,0.35,fpr,0.2857
libri2,libri1,white,-5.0,0.2,0.4,fpr,0.2857
libri2,libri1,white,-5.0,0.2,0.45,fpr,0.2857
libri2,libri1,white,-5.0,0.2,0.5,fpr,0.2857
libri2,libri1,white,-5.0,0.2,0.55,fpr,0.2857
libri2,libri1,white,-5.0,0.3,0.2,fpr,0.3593
libri2,libri1,white,-5.0,0.3,0.25,fpr,0.3593
libri2,libri1,white,-5.0,0.3,0.3,fpr,0.2857
libri2,libri1,white,-5.0,0.3,0.35,fpr,0.2857
libri2,libri1,white,-5.0,0.3,0.4,fpr,0.2857
libri2,libri1,white,-5.0,0.3,0.45,fpr,0.2857
libri2,libri1,white,-5.0,0.3,0.5,fpr,0.2857
libri2,libri1,white,-5.0,0.3,0.55,fpr,0.2857
libri2,libri1,white,-5.0,0.4,0.2,fpr,0.3593
libri2,libri1,white,-5.0,0.4,0.25,fpr,0.2857
libri2,libri1,white,-5.0,0.4,0.3,fpr,0.2857
libri2,libri1,white,-5.0,0.4,0.35,fpr,0.2857
libri2,libri1,white,-5.0,0.4,0.4,fpr,0.2857
libri2,libri1,white,-5.0,0.4,0.45,fpr,0.2857
libri2,libri1,white,-5.0,0.4,0.5,fpr,0.2857
libri2,libri1,white,-5.0,0.4,0.55,fpr,0.2857
libri2,libri1,white,-5.0,0.5,0.2,fpr,0.3593
libri2,libri1,white,-5.0,0.5,0.25,fpr,0.2857
libri2,libri1,white,-5.0,0.5,0.3,fpr,0.2857
libri2,libri1,white,-5.0,0.5,0.35,fpr,0.2857
libri2,libri1,white,-5.0,0.5,0.4,fpr,0.2857
libri2,libri1,white,-5.0,0.5,0.45,fpr,0.2857
libri2,libri1,white,-5.0,0.5,0.5,fpr,0.2857
libri2,libri1,white,-5.0,0.5,0.55,fpr,0.0
libri2,libri1,white,-5.0,0.6,0.2,fpr,0.2857
libri2,libri1,white,-5.0,0.6,0.25,fpr,0.2857
libri2,libri1,white,-5.0,0.6,0.3,fpr,0.2857
libri2,libri1,white,-5.0,0.6,0.35,fpr,0.2857
libri2,libri1,white,-5.0,0.6,0.4,fpr,0.2857
libri2,libri1,white,-5.0,0.6,0.45,fpr,0.0
libri2,libri1,white,-5.0,0.6,0.5,fpr,0.0
libri2,libri1,white,-5.0,0.6,0.55,fpr,0.0
libri2,libri1,white,-5.0,0.7,0.2,fpr,0.2857
libri2,libri1,white,-5.0,0.7,0.25,fpr,0.2857
libri2,libri1,white,-5.0,0.7,0.3,fpr,0.2857
libri2,libri1,white,-5.0,0.7,0.35,fpr,0.0
libri2,libri1,white,-5.0,0.7,0.4,fpr,0.0
libri2,libri1,white,-5.0,0.7,0.45,fpr,0.0
libri2,libri1,white,-5.0,0.7,0.5,fpr,0.0
libri2,libri1,white,-5.0,0.7,0.55,fpr,0.0
libri2,libri1,white,-5.0,0.8,0.2,fpr,0.2857
libri2,libri1,white,-5.0,0.8,0.25,fpr,0.0
libri2,libri1,white,-5.0,0.8,0.3,fpr,0.0
libri2,libri1,white,-5.0,0.8,0.35,fpr,0.0
libri2,libri1,white,-5.0,0.8,0.4,fpr,0.0
libri2,libri1,white,-5.0,0.8,0.45,fpr,0.0
libri2,libri1,white,-5.0,0.8,0.5,fpr,0.0
libri2,libri1,white,-5.0,0.8,0.55,fpr,0.0
libri2,libri1,white,-5.0,0.9,0.2,fpr,0.0
libri2,libri1,white,-5.0,0.9,0.25,fpr,0.0
libri2,libri1,white,-5.0,0.9,0.3,fpr,0.0
libri2,libri1,white,-5.0,0.9,0.35,fpr,0.0
libri2,libri1,white,-5.0,0.9,0.4,fpr,0.0
libri2,libri1,white,-5.0,0.9,0.45,fpr,0.0
libri2,libri1,white,-5.0,0.9,0.5,fpr,0.0
libri2,libri1,white,-5.0,0.9,0.55,fpr,0.0
libri2,libri1,white,-5.0,1.0,0.2,fpr,0.0
libri2,libri1,white,-5.0,1.0,0.25,fpr,0.0
libri2,libri1,white,-5.0,1.0,0.3,fpr,0.0
libri2,libri1,white,-5.0,1.0,0.35,fpr,0.0
libri2,libri1,white,-5.0,1.0,0.4,fpr,0.0
libri2,libri1,white,-5.0,1.0,0.45,fpr,0.0
libri2,libri1,white,-5.0,1.0,0.5,fpr,0.0
libri2,libri1,white,-5.0,1.0,0.55,fpr,0.0
libri2,libri1,white,0.0,0.0,0.2,fpr,0.4805
libri2,libri1,white,0.0,0.0,0.25,fpr,0.4113
libri2,libri1,white,0.0,0.0,0.3,fpr,0.4113
libri2,libri1,white,0.0,0.0,0.35,fpr,0.4113
libri2,libri1,white,0.0,0.0,0.4,fpr,0.3766
libri2,libri1,white,0.0,0.0,0.45,fpr,0.303
libri2,libri1,white,0.0,0.0,0.5,fpr,0.303
libri2,libri1,white,0.0,0.0,0.55,fpr,0.303
libri2,libri1,white,0.0,0.1,0.2,fpr,0.4805
libri2,libri1,white,0.0,0.1,0.25,fpr,0.4113
libri2,libri1,white,0.0,0.1,0.3,fpr,0.4113
libri2,libri1,white,0.0,0.1,0.35,fpr,0.4113
libri2,libri1,white,0.0,0.1,0.4,fpr,0.3766
libri2,libri1,white,0.0,0.1,0.45,fpr,0.303
libri2,libri1,white,0.0,0.1,0.5,fpr,0.303
libri2,libri1,white,0.0,0.1,0.55,fpr,0.303
libri2,libri1,white,0.0,0.2,0.2,fpr,0.4805
libri2,libri1,white,0.0,0.2,0.25,fpr,0.4113
libri2,libri1,white,0.0,0.2,0.3,fpr,0.4113
libri2,libri1,white,0.0,0.2,0.35,fpr,0.3766
libri2,libri1,white,0.0,0.2,0.4,fpr,0.303
libri2,libri1,white,0.0,0.2,0.45,fpr,0.303
libri2,libri1,white,0.0,0.2,0.5,fpr,0.303
libri2,libri1,white,0.0,0.2,0.55,fpr,0.303
libri2,libri1,white,0.0,0.3,0.2,fpr,0.4805
libri2,libri1,white,0.0,0.3,0.25,fpr,0.4113
libri2,libri1,white,0.0,0.3,0.3,fpr,0.4113
libri2,libri1,white,0.0,0.3,0.35,fpr,0.3766
libri2,libri1,white,0.0,0.3,0.4,fpr,0.303
libri2,libri1,white,0.0,0.3,0.45,fpr,0.303
libri2,libri1,white,0.0,0.3,0.5,fpr,0.303
libri2,libri1,white,0.0,0.3,0.55,fpr,0.303
libri2,libri1,white,0.0,0.4,0.2,fpr,0.4805
libri2,libri1,white,0.0,0.4,0.25,fpr,0.4113
libri2,libri1,white,0.0,0.4,0.3,fpr,0.4113
libri2,libri1,white,0.0,0.4,0.35,fpr,0.303
libri2,libri1,white,0.0,0.4,0.4,fpr,0.303
libri2,libri1,white,0.0,0.4,0.45,fpr,0.303
libri2,libri1,white,0.0,0.4,0.5,fpr,0.303
libri2,libri1,white,0.0,0.4,0.55,fpr,0.303
libri2,libri1,white,0.0,0.5,0.2,fpr,0.4805
libri2,libri1,white,0.0,0.5,0.25,fpr,0.4113
libri2,libri1,white,0.0,0.5,0.3,fpr,0.303
libri2,libri1,white,0.0,0.5,0.35,fpr,0.303
libri2,libri1,white,0.0,0.5,0.4,fpr,0.303
libri2,libri1,white,0.0,0.5,0.45,fpr,0.303
libri2,libri1,white,0.0,0.5,0.5,fpr,0.303
libri2,libri1,white,0.0,0.5,0.55,fpr,0.0
libri2,libri1,white,0.0,0.6,0.2,fpr,0.4805
libri2,libri1,white,0.0,0.6,0.25,fpr,0.4113
libri2,libri1,white,0.0,0.6,0.3,fpr,0.303
libri2,libri1,white,0.0,0.6,0.35,fpr,0.303
libri2,libri1,white,0.0,0.6,0.4,fpr,0.303
libri2,libri1,white,0.0,0.6,0.45,fpr,0.0
libri2,libri1,white,0.0,0.6,0.5,fpr,0.0
libri2,libri1,white,0.0,0.6,0.55,fpr,0.0
libri2,libri1,white,0.0,0.7,0.2,fpr,0.4848
libri2,libri1,white,0.0,0.7,0.25,fpr,0.3766
libri2,libri1,white,0.0,0.7,0.3,fpr,0.303
libri2,libri1,white,0.0,0.7,0.35,fpr,0.0
libri2,libri1,white,0.0,0.7,0.4,fpr,0.0
libri2,libri1,white,0.0,0.7,0.45,fpr,0.0
libri2,libri1,white,0.0,0.7,0.5,fpr,0.0
libri2,libri1,white,0.0,0.7,0.55,fpr,0.0
libri2,libri1,white,0.0,0.8,0.2,fpr,0.5195
libri2,libri1,white,0.0,0.8,0.25,fpr,0.0
libri2,libri1,white,0.0,0.8,0.3,fpr,0.0
libri2,libri1,white,0.0,0.8,0.35,fpr,0.0
libri2,libri1,white,0.0,0.8,0.4,fpr,0.0
libri2,libri1,white,0.0,0.8,0.45,fpr,0.0
libri2,libri1,white,0.0,0.8,0.5,fpr,0.0
libri2,libri1,white,0.0,0.8,0.55,fpr,0.0
libri2,libri1,white,0.0,0.9,0.2,fpr,0.3333
libri2,libri1,white,0.0,0.9,0.25,fpr,0.0736
libri2,libri1,white,0.0,0.9,0.3,fpr,0.0
libri2,libri1,white,0.0,0.9,0.35,fpr,0.0
libri2,libri1,white,0.0,0.9,0.4,fpr,0.0
libri2,libri1,white,0.0,0.9,0.45,fpr,0.0
libri2,libri1,white,0.0,0.9,0.5,fpr,0.0
libri2,libri1,white,0.0,0.9,0.55,fpr,0.0
libri2,libri1,white,0.0,1.0,0.2,fpr,0.3333
libri2,libri1,white,0.0,1.0,0.25,fpr,0.0736
libri2,libri1,white,0.0,1.0,0.3,fpr,0.0
libri2,libri1,white,0.0,1.0,0.35,fpr,0.0
libri2,libri1,white,0.0,1.0,0.4,fpr,0.0
libri2,libri1,white,0.0,1.0,0.45,fpr,0.0
libri2,libri1,white,0.0,1.0,0.5,fpr,0.0
libri2,libri1,white,0.0,1.0,0.55,fpr,0.0
libri2,libri1,white,5.0,0.0,0.2,fpr,0.4286
libri2,libri1,white,5.0,0.0,0.25,fpr,0.3939
libri2,libri1,white,5.0,0.0,0.3,fpr,0.3939
libri2,libri1,white,5.0,0.0,0.35,fpr,0.3939
libri2,libri1,white,5.0,0.0,0.4,fpr,0.3939
libri2,libri1,white,5.0,0.0,0.45,fpr,0.3939
libri2,libri1,white,5.0,0.0,0.5,fpr,0.3939
libri2,libri1,white,5.0,0.0,0.55,fpr,0.2857
libri2,libri1,white,5.0,0.1,0.2,fpr,0.3939
libri2,libri1,white,5.0,0.1,0.25,fpr,0.3939
libri2,libri1,white,5.0,0.1,0.3,fpr,0.3939
libri2,libri1,white,5.0,0.1,0.35,fpr,0.3939
libri2,libri1,white,5.0,0.1,0.4,fpr,0.3939
libri2,libri1,white,5.0,0.1,0.45,fpr,0.3939
libri2,libri1,white,5.0,0.1,0.5,fpr,0.3593
libri2,libri1,white,5.0,0.1,0.55,fpr,0.2857
libri2,libri1,white,5.0,0.2,0.2,fpr,0.3939
libri2,libri1,white,5.0,0.2,0.25,fpr,0.3939
libri2,libri1,white,5.0,0.2,0.3,fpr,0.3939
libri2,libri1,white,5.0,0.2,0.35,fpr,0.3939
libri2,libri1,white,5.0,0.2,0.4,fpr,0.3939
libri2,libri1,white,5.0,0.2,0.45,fpr,0.3939
libri2,libri1,white,5.0,0.2,0.5,fpr,0.2857
libri2,libri1,white,5.0,0.2,0.55,fpr,0.2857
libri2,libri1,white,5.0,0.3,0.2,fpr,0.3939
libri2,libri1,white,5.0,0.3,0.25,fpr,0.3939
libri2,libri1,white,5.0,0.3,0.3,fpr,0.3939
libri2,libri1,white,5.0,0.3,0.35,fpr,0.3939
libri2,libri1,white,5.0,0.3,0.4,fpr,0.3939
libri2,libri1,white,5.0,0.3,0.45,fpr,0.2857
libri2,libri1,white,5.0,0.3,0.5,fpr,0.2857
libri2,libri1,white,5.0,0.3,0.55,fpr,0.2857
libri2,libri1,white,5.0,0.4,0.2,fpr,0.3939
libri2,libri1,white,5.0,0.4,0.25,fpr,0.3939
libri2,libri1,white,5.0,0.4,0.3,fpr,0.3939
libri2,libri1,white,5.0,0.4,0.35,fpr,0.3939
libri2,libri1,white,5.0,0.4,0.4,fpr,0.2857
libri2,libri1,white,5.0,0.4,0.45,fpr,0.2857
libri2,libri1,white,5.0,0.4,0.5,fpr,0.2857
libri2,libri1,white,5.0,0.4,0.55,fpr,0.2857
libri2,libri1,white,5.0,0.5,0.2,fpr,0.3939
libri2,libri1,white,5.0,0.5,0.25,fpr,0.3939
libri2,libri1,white,5.0,0.5,0.3,fpr,0.3939
libri2,libri1,white,5.0,0.5,0.35,fpr,0.3939
libri2,libri1,white,5.0,0.5,0.4,fpr,0.2857
libri2,libri1,white,5.0,0.5,0.45,fpr,0.2857
libri2,libri1,white,5.0,0.5,0.5,fpr,0.2857
libri2,libri1,white,5.0,0.5,0.55,fpr,0.0
libri2,libri1,white,5.0,0.6,0.2,fpr,0.3939
libri2,libri1,white,5.0,0.6,0.25,fpr,0.3939
libri2,libri1,white,5.0,0.6,0.3,fpr,0.3939
libri2,libri1,white,5.0,0.6,0.35,fpr,0.2857
libri2,libri1,white,5.0,0.6,0.4,fpr,0.2857
libri2,libri1,white,5.0,0.6,0.45,fpr,0.0
libri2,libri1,white,5.0,0.6,0.5,fpr,0.0
libri2,libri1,white,5.0,0.6,0.55,fpr,0.0
libri2,libri1,white,5.0,0.7,0.2,fpr,0.3939
libri2,libri1,white,5.0,0.7,0.25,fpr,0.3939
libri2,libri1,white,5.0,0.7,0.3,fpr,0.2857
libri2,libri1,white,5.0,0.7,0.35,fpr,0.0
libri2,libri1,white,5.0,0.7,0.4,fpr,0.0
libri2,libri1,white,5.0,0.7,0.45,fpr,0.0
libri2,libri1,white,5.0,0.7,0.5,fpr,0.0
libri2,libri1,white,5.0,0.7,0.55,fpr,0.0
libri2,libri1,white,5.0,0.8,0.2,fpr,0.3939
libri2,libri1,white,5.0,0.8,0.25,fpr,0.0736
libri2,libri1,white,5.0,0.8,0.3,fpr,0.0
libri2,libri1,white,5.0,0.8,0.35,fpr,0.0
libri2,libri1,white,5.0,0.8,0.4,fpr,0.0
libri2,libri1,white,5.0,0.8,0.45,fpr,0.0
libri2,libri1,white,5.0,0.8,0.5,fpr,0.0
libri2,libri1,white,5.0,0.8,0.55,fpr,0.0
libri2,libri1,white,5.0,0.9,0.2,fpr,0.1818
libri2,libri1,white,5.0,0.9,0.25,fpr,0.0
libri2,libri1,white,5.0,0.9,0.3,fpr,0.0
libri2,libri1,white,5.0,0.9,0.35,fpr,0.0
libri2,libri1,white,5.0,0.9,0.4,fpr,0.0
libri2,libri1,white,5.0,0.9,0.45,fpr,0.0
libri2,libri1,white,5.0,0.9,0.5,fpr,0.0
libri2,libri1,white,5.0,0.9,0.55,fpr,0.0
libri2,libri1,white,5.0,1.0,0.2,fpr,0.2511
libri2,libri1,white,5.0,1.0,0.25,fpr,0.0
libri2,libri1,white,5.0,1.0,0.3,fpr,0.0
libri2,libri1,white,5.0,1.0,0.35,fpr,0.0
libri2,libri1,white,5.0,1.0,0.4,fpr,0.0
libri2,libri1,white,5.0,1.0,0.45,fpr,0.0
libri2,libri1,white,5.0,1.0,0.5,fpr,0.0
libri2,libri1,white,5.0,1.0,0.55,fpr,0.0
libri2,libri1,white,10.0,0.0,0.2,fpr,0.4286
libri2,libri1,white,10.0,0.0,0.25,fpr,0.3593
libri2,libri1,white,10.0,0.0,0.3,fpr,0.3593
libri2,libri1,white,10.0,0.0,0.35,fpr,0.3593
libri2,libri1,white,10.0,0.0,0.4,fpr,0.3593
libri2,libri1,white,10.0,0.0,0.45,fpr,0.3593
libri2,libri1,white,10.0,0.0,0.5,fpr,0.3593
libri2,libri1,white,10.0,0.0,0.55,fpr,0.2511
libri2,libri1,white,10.0,0.1,0.2,fpr,0.4286
libri2,libri1,white,10.0,0.1,0.25,fpr,0.3593
libri2,libri1,white,10.0,0.1,0.3,fpr,0.3593
libri2,libri1,white,10.0,0.1,0.35,fpr,0.3593
libri2,libri1,white,10.0,0.1,0.4,fpr,0.3593
libri2,libri1,white,10.0,0.1,0.45,fpr,0.3593
libri2,libri1,white,10.0,0.1,0.5,fpr,0.2511
libri2,libri1,white,10.0,0.1,0.55,fpr,0.2511
libri2,libri1,white,10.0,0.2,0.2,fpr,0.4286
libri2,libri1,white,10.0,0.2,0.25,fpr,0.3593
libri2,libri1,white,10.0,0.2,0.3,fpr,0.3593
libri2,libri1,white,10.0,0.2,0.35,fpr,0.3593
libri2,libri1,white,10.0,0.2,0.4,fpr,0.3593
libri2,libri1,white,10.0,0.2,0.45,fpr,0.3593
libri2,libri1,white,10.0,0.2,0.5,fpr,0.2511
libri2,libri1,white,10.0,0.2,0.55,fpr,0.2511
libri2,libri1,white,10.0,0.3,0.2,fpr,0.4286
libri2,libri1,white,10.0,0.3,0.25,fpr,0.3593
libri2,libri1,white,10.0,0.3,0.3,fpr,0.3593
libri2,libri1,white,10.0,0.3,0.35,fpr,0.3593
libri2,libri1,white,10.0,0.3,0.4,fpr,0.3593
libri2,libri1,white,10.0,0.3,0.45,fpr,0.2511
libri2,libri1,white,10.0,0.3,0.5,fpr,0.2511
libri2,libri1,white,10.0,0.3,0.55,fpr,0.2511
libri2,libri1,white,10.0,0.4,0.2,fpr,0.4286
libri2,libri1,white,10.0,0.4,0.25,fpr,0.3593
libri2,libri1,white,10.0,0.4,0.3,fpr,0.3593
libri2,libri1,white,10.0,0.4,0.35,fpr,0.3593
libri2,libri1,white,10.0,0.4,0.4,fpr,0.3247
libri2,libri1,white,10.0,0.4,0.45,fpr,0.2511
libri2,libri1,white,10.0,0.4,0.5,fpr,0.2511
libri2,libri1,white,10.0,0.4,0.55,fpr,0.2511
libri2,libri1,white,10.0,0.5,0.2,fpr,0.4286
libri2,libri1,white,10.0,0.5,0.25,fpr,0.3593
libri2,libri1,white,10.0,0.5,0.3,fpr,0.3593
libri2,libri1,white,10.0,0.5,0.35,fpr,0.3593
libri2,libri1,white,10.0,0.5,0.4,fpr,0.2511
libri2,libri1,white,10.0,0.5,0.45,fpr,0.2511
libri2,libri1,white,10.0,0.5,0.5,fpr,0.2511
libri2,libri1,white,10.0,0.5,0.55,fpr,0.0
libri2,libri1,white,10.0,0.6,0.2,fpr,0.4286
libri2,libri1,white,10.0,0.6,0.25,fpr,0.3593
libri2,libri1,white,10.0,0.6,0.3,fpr,0.3593
libri2,libri1,white,10.0,0.6,0.35,fpr,0.2511
libri2,libri1,white,10.0,0.6,0.4,fpr,0.2511
libri2,libri1,white,10.0,0.6,0.45,fpr,0.0
libri2,libri1,white,10.0,0.6,0.5,fpr,0.0
libri2,libri1,white,10.0,0.6,0.55,fpr,0.0
libri2,libri1,white,10.0,0.7,0.2,fpr,0.5325
libri2,libri1,white,10.0,0.7,0.25,fpr,0.3593
libri2,libri1,white,10.0,0.7,0.3,fpr,0.3247
libri2,libri1,white,10.0,0.7,0.35,fpr,0.0
libri2,libri1,white,10.0,0.7,0.4,fpr,0.0
libri2,libri1,white,10.0,0.7,0.45,fpr,0.0
libri2,libri1,white,10.0,0.7,0.5,fpr,0.0
libri2,libri1,white,10.0,0.7,0.55,fpr,0.0
libri2,libri1,white,10.0,0.8,0.2,fpr,0.6061
libri2,libri1,white,10.0,0.8,0.25,fpr,0.1082
libri2,libri1,white,10.0,0.8,0.3,fpr,0.0
libri2,libri1,white,10.0,0.8,0.35,fpr,0.0
libri2,libri1,white,10.0,0.8,0.4,fpr,0.0
libri2,libri1,white,10.0,0.8,0.45,fpr,0.0
libri2,libri1,white,10.0,0.8,0.5,fpr,0.0
libri2,libri1,white,10.0,0.8,0.55,fpr,0.0
libri2,libri1,white,10.0,0.9,0.2,fpr,0.355
libri2,libri1,white,10.0,0.9,0.25,fpr,0.0
libri2,libri1,white,10.0,0.9,0.3,fpr,0.0
libri2,libri1,white,10.0,0.9,0.35,fpr,0.0
libri2,libri1,white,10.0,0.9,0.4,fpr,0.0
libri2,libri1,white,10.0,0.9,0.45,fpr,0.0
libri2,libri1,white,10.0,0.9,0.5,fpr,0.0
libri2,libri1,white,10.0,0.9,0.55,fpr,0.0
libri2,libri1,white,10.0,1.0,0.2,fpr,0.4156
libri2,libri1,white,10.0,1.0,0.25,fpr,0.1818
libri2,libri1,white,10.0,1.0,0.3,fpr,0.0
libri2,libri1,white,10.0,1.0,0.35,fpr,0.0
libri2,libri1,white,10.0,1.0,0.4,fpr,0.0
libri2,libri1,white,10.0,1.0,0.45,fpr,0.0
libri2,libri1,white,10.0,1.0,0.5,fpr,0.0
libri2,libri1,white,10.0,1.0,0.55,fpr,0.0
libri2,libri1,white,15.0,0.0,0.2,fpr,0.4372
libri2,libri1,white,15.0,0.0,0.25,fpr,0.4372
libri2,libri1,white,15.0,0.0,0.3,fpr,0.4372
libri2,libri1,white,15.0,0.0,0.35,fpr,0.4372
libri2,libri1,white,15.0,0.0,0.4,fpr,0.4372
libri2,libri1,white,15.0,0.0,0.45,fpr,0.4372
libri2,libri1,white,15.0,0.0,0.5,fpr,0.4372
libri2,libri1,white,15.0,0.0,0.55,fpr,0.2597
libri2,libri1,white,15.0,0.1,0.2,fpr,0.4372
libri2,libri1,white,15.0,0.1,0.25,fpr,0.4372
libri2,libri1,white,15.0,0.1,0.3,fpr,0.4372
libri2,libri1,white,15.0,0.1,0.35,fpr,0.4372
libri2,libri1,white,15.0,0.1,0.4,fpr,0.4372
libri2,libri1,white,15.0,0.1,0.45,fpr,0.4372
libri2,libri1,white,15.0,0.1,0.5,fpr,0.4372
libri2,libri1,white,15.0,0.1,0.55,fpr,0.2597
libri2,libri1,white,15.0,0.2,0.2,fpr,0.4372
libri2,libri1,white,15.0,0.2,0.25,fpr,0.4372
libri2,libri1,white,15.0,0.2,0.3,fpr,0.4372
libri2,libri1,white,15.0,0.2,0.35,fpr,0.4372
libri2,libri1,white,15.0,0.2,0.4,fpr,0.4372
libri2,libri1,white,15.0,0.2,0.45,fpr,0.4372
libri2,libri1,white,15.0,0.2,0.5,fpr,0.2597
libri2,libri1,white,15.0,0.2,0.55,fpr,0.2597
libri2,libri1,white,15.0,0.3,0.2,fpr,0.4372
libri2,libri1,white,15.0,0.3,0.25,fpr,0.4372
libri2,libri1,white,15.0,0.3,0.3,fpr,0.4372
libri2,libri1,white,15.0,0.3,0.35,fpr,0.4372
libri2,libri1,white,15.0,0.3,0.4,fpr,0.4372
libri2,libri1,white,15.0,0.3,0.45,fpr,0.4372
libri2,libri1,white,15.0,0.3,0.5,fpr,0.2597
libri2,libri1,white,15.0,0.3,0.55,fpr,0.2597
libri2,libri1,white,15.0,0.4,0.2,fpr,0.4372
libri2,libri1,white,15.0,0.4,0.25,fpr,0.4372
libri2,libri1,white,15.0,0.4,0.3,fpr,0.4372
libri2,libri1,white,15.0,0.4,0.35,fpr,0.4372
libri2,libri1,white,15.0,0.4,0.4,fpr,0.4372
libri2,libri1,white,15.0,0.4,0.45,fpr,0.2597
libri2,libri1,white,15.0,0.4,0.5,fpr,0.2597
libri2,libri1,white,15.0,0.4,0.55,fpr,0.2597
libri2,libri1,white,15.0,0.5,0.2,fpr,0.4372
libri2,libri1,white,15.0,0.5,0.25,fpr,0.4372
libri2,libri1,white,15.0,0.5,0.3,fpr,0.4372
libri2,libri1,white,15.0,0.5,0.35,fpr,0.4372
libri2,libri1,white,15.0,0.5,0.4,fpr,0.368
libri2,libri1,white,15.0,0.5,0.45,fpr,0.2597
libri2,libri1,white,15.0,0.5,0.5,fpr,0.2597
libri2,libri1,white,15.0,0.5,0.55,fpr,0.0
libri2,libri1,white,15.0,0.6,0.2,fpr,0.4372
libri2,libri1,white,15.0,0.6,0.25,fpr,0.4372
libri2,libri1,white,15.0,0.6,0.3,fpr,0.4372
libri2,libri1,white,15.0,0.6,0.35,fpr,0.4372
libri2,libri1,white,15.0,0.6,0.4,fpr,0.2597
libri2,libri1,white,15.0,0.6,0.45,fpr,0.0
libri2,libri1,white,15.0,0.6,0.5,fpr,0.0
libri2,libri1,white,15.0,0.6,0.55,fpr,0.0
libri2,libri1,white,15.0,0.7,0.2,fpr,0.5108
libri2,libri1,white,15.0,0.7,0.25,fpr,0.4372
libri2,libri1,white,15.0,0.7,0.3,fpr,0.4372
libri2,libri1,white,15.0,0.7,0.35,fpr,0.1082
libri2,libri1,white,15.0,0.7,0.4,fpr,0.0
libri2,libri1,white,15.0,0.7,0.45,fpr,0.0
libri2,libri1,white,15.0,0.7,0.5,fpr,0.0
libri2,libri1,white,15.0,0.7,0.55,fpr,0.0
libri2,libri1,white,15.0,0.8,0.2,fpr,0.7013
libri2,libri1,white,15.0,0.8,0.25,fpr,0.1775
libri2,libri1,white,15.0,0.8,0.3,fpr,0.1775
libri2,libri1,white,15.0,0.8,0.35,fpr,0.0736
libri2,libri1,white,15.0,0.8,0.4,fpr,0.0
libri2,libri1,white,15.0,0.8,0.45,fpr,0.0
libri2,libri1,white,15.0,0.8,0.5,fpr,0.0
libri2,libri1,white,15.0,0.8,0.55,fpr,0.0
libri2,libri1,white,15.0,0.9,0.2,fpr,0.5065
libri2,libri1,white,15.0,0.9,0.25,fpr,0.2511
libri2,libri1,white,15.0,0.9,0.3,fpr,0.0736
libri2,libri1,white,15.0,0.9,0.35,fpr,0.0
libri2,libri1,white,15.0,0.9,0.4,fpr,0.0
libri2,libri1,white,15.0,0.9,0.45,fpr,0.0
libri2,libri1,white,15.0,0.9,0.5,fpr,0.0
libri2,libri1,white,15.0,0.9,0.55,fpr,0.0
libri2,libri1,white,15.0,1.0,0.2,fpr,0.6797
libri2,libri1,white,15.0,1.0,0.25,fpr,0.303
libri2,libri1,white,15.0,1.0,0.3,fpr,0.0736
libri2,libri1,white,15.0,1.0,0.35,fpr,0.0
libri2,libri1,white,15.0,1.0,0.4,fpr,0.0
libri2,libri1,white,15.0,1.0,0.45,fpr,0.0
libri2,libri1,white,15.0,1.0,0.5,fpr,0.0
libri2,libri1,white,15.0,1.0,0.55,fpr,0.0
libri2,libri1,white,20.0,0.0,0.2,fpr,0.4329
libri2,libri1,white,20.0,0.0,0.25,fpr,0.4329
libri2,libri1,white,20.0,0.0,0.3,fpr,0.4329
libri2,libri1,white,20.0,0.0,0.35,fpr,0.4329
libri2,libri1,white,20.0,0.0,0.4,fpr,0.4329
libri2,libri1,white,20.0,0.0,0.45,fpr,0.4329
libri2,libri1,white,20.0,0.0,0.5,fpr,0.4329
libri2,libri1,white,20.0,0.0,0.55,fpr,0.2554
libri2,libri1,white,20.0,0.1,0.2,fpr,0.4329
libri2,libri1,white,20.0,0.1,0.25,fpr,0.4329
libri2,libri1,white,20.0,0.1,0.3,fpr,0.4329
libri2,libri1,white,20.0,0.1,0.35,fpr,0.4329
libri2,libri1,white,20.0,0.1,0.4,fpr,0.4329
libri2,libri1,white,20.0,0.1,0.45,fpr,0.4329
libri2,libri1,white,20.0,0.1,0.5,fpr,0.3636
libri2,libri1,white,20.0,0.1,0.55,fpr,0.2554
libri2,libri1,white,20.0,0.2,0.2,fpr,0.4329
libri2,libri1,white,20.0,0.2,0.25,fpr,0.4329
libri2,libri1,white,20.0,0.2,0.3,fpr,0.4329
libri2,libri1,white,20.0,0.2,0.35,fpr,0.4329
libri2,libri1,white,20.0,0.2,0.4,fpr,0.4329
libri2,libri1,white,20.0,0.2,0.45,fpr,0.4329
libri2,libri1,white,20.0,0.2,0.5,fpr,0.2554
libri2,libri1,white,20.0,0.2,0.55,fpr,0.2554
libri2,libri1,white,20.0,0.3,0.2,fpr,0.4329
libri2,libri1,white,20.0,0.3,0.25,fpr,0.4329
libri2,libri1,white,20.0,0.3,0.3,fpr,0.4329
libri2,libri1,white,20.0,0.3,0.35,fpr,0.4329
libri2,libri1,white,20.0,0.3,0.4,fpr,0.4329
libri2,libri1,white,20.0,0.3,0.45,fpr,0.2554
libri2,libri1,white,20.0,0.3,0.5,fpr,0.2554
libri2,libri1,white,20.0,0.3,0.55,fpr,0.2554
libri2,libri1,white,20.0,0.4,0.2,fpr,0.4329
libri2,libri1,white,20.0,0.4,0.25,fpr,0.4329
libri2,libri1,white,20.0,0.4,0.3,fpr,0.4329
libri2,libri1,white,20.0,0.4,0.35,fpr,0.4329
libri2,libri1,white,20.0,0.4,0.4,fpr,0.3636
libri2,libri1,white,20.0,0.4,0.45,fpr,0.2554
libri2,libri1,white,20.0,0.4,0.5,fpr,0.2554
libri2,libri1,white,20.0,0.4,0.55,fpr,0.2554
libri2,libri1,white,20.0,0.5,0.2,fpr,0.4329
libri2,libri1,white,20.0,0.5,0.25,fpr,0.4329
libri2,libri1,white,20.0,0.5,0.3,fpr,0.4329
libri2,libri1,white,20.0,0.5,0.35,fpr,0.3636
libri2,libri1,white,20.0,0.5,0.4,fpr,0.2554
libri2,libri1,white,20.0,0.5,0.45,fpr,0.2554
libri2,libri1,white,20.0,0.5,0.5,fpr,0.2554
libri2,libri1,white,20.0,0.5,0.55,fpr,0.0
libri2,libri1,white,20.0,0.6,0.2,fpr,0.5065
libri2,libri1,white,20.0,0.6,0.25,fpr,0.4329
libri2,libri1,white,20.0,0.6,0.3,fpr,0.4329
libri2,libri1,white,20.0,0.6,0.35,fpr,0.329
libri2,libri1,white,20.0,0.6,0.4,fpr,0.2554
libri2,libri1,white,20.0,0.6,0.45,fpr,0.0
libri2,libri1,white,20.0,0.6,0.5,fpr,0.0
libri2,libri1,white,20.0,0.6,0.55,fpr,0.0
libri2,libri1,white,20.0,0.7,0.2,fpr,0.5758
libri2,libri1,white,20.0,0.7,0.25,fpr,0.4329
libri2,libri1,white,20.0,0.7,0.3,fpr,0.3636
libri2,libri1,white,20.0,0.7,0.35,fpr,0.0
libri2,libri1,white,20.0,0.7,0.4,fpr,0.0
libri2,libri1,white,20.0,0.7,0.45,fpr,0.0
libri2,libri1,white,20.0,0.7,0.5,fpr,0.0
libri2,libri1,white,20.0,0.7,0.55,fpr,0.0
libri2,libri1,white,20.0,0.8,0.2,fpr,0.632
libri2,libri1,white,20.0,0.8,0.25,fpr,0.1818
libri2,libri1,white,20.0,0.8,0.3,fpr,0.0
libri2,libri1,white,20.0,0.8,0.35,fpr,0.0
libri2,libri1,white,20.0,0.8,0.4,fpr,0.0
libri2,libri1,white,20.0,0.8,0.45,fpr,0.0
libri2,libri1,white,20.0,0.8,0.5,fpr,0.0
libri2,libri1,white,20.0,0.8,0.55,fpr,0.0
libri2,libri1,white,20.0,0.9,0.2,fpr,0.3074
libri2,libri1,white,20.0,0.9,0.25,fpr,0.2511
libri2,libri1,white,20.0,0.9,0.3,fpr,0.0
libri2,libri1,white,20.0,0.9,0.35,fpr,0.0
libri2,libri1,white,20.0,0.9,0.4,fpr,0.0
libri2,libri1,white,20.0,0.9,0.45,fpr,0.0
libri2,libri1,white,20.0,0.9,0.5,fpr,0.0
libri2,libri1,white,20.0,0.9,0.55,fpr,0.0
libri2,libri1,white,20.0,1.0,0.2,fpr,0.4113
libri2,libri1,white,20.0,1.0,0.25,fpr,0.1645
libri2,libri1,white,20.0,1.0,0.3,fpr,0.0736
libri2,libri1,white,20.0,1.0,0.35,fpr,0.0
libri2,libri1,white,20.0,1.0,0.4,fpr,0.0
libri2,libri1,white,20.0,1.0,0.45,fpr,0.0
libri2,libri1,white,20.0,1.0,0.5,fpr,0.0
libri2,libri1,white,20.0,1.0,0.55,fpr,0.0
libri2,libri1,pink,-5.0,0.0,0.2,fpr,0.5108
libri2,libri1,pink,-5.0,0.0,0.25,fpr,0.4762
libri2,libri1,pink,-5.0,0.0,0.3,fpr,0.4762
libri2,libri1,pink,-5.0,0.0,0.35,fpr,0.4762
libri2,libri1,pink,-5.0,0.0,0.4,fpr,0.4459
libri2,libri1,pink,-5.0,0.0,0.45,fpr,0.3723
libri2,libri1,pink,-5.0,0.0,0.5,fpr,0.2987
libri2,libri1,pink,-5.0,0.0,0.55,fpr,0.2987
libri2,libri1,pink,-5.0,0.1,0.2,fpr,0.5108
libri2,libri1,pink,-5.0,0.1,0.25,fpr,0.4762
libri2,libri1,pink,-5.0,0.1,0.3,fpr,0.4762
libri2,libri1,pink,-5.0,0.1,0.35,fpr,0.4762
libri2,libri1,pink,-5.0,0.1,0.4,fpr,0.4459
libri2,libri1,pink,-5.0,0.1,0.45,fpr,0.2987
libri2,libri1,pink,-5.0,0.1,0.5,fpr,0.2987
libri2,libri1,pink,-5.0,0.1,0.55,fpr,0.2987
libri2,libri1,pink,-5.0,0.2,0.2,fpr,0.5108
libri2,libri1,pink,-5.0,0.2,0.25,fpr,0.4762
libri2,libri1,pink,-5.0,0.2,0.3,fpr,0.4762
libri2,libri1,pink,-5.0,0.2,0.35,fpr,0.4459
libri2,libri1,pink,-5.0,0.2,0.4,fpr,0.2987
libri2,libri1,pink,-5.0,0.2,0.45,fpr,0.2987
libri2,libri1,pink,-5.0,0.2,0.5,fpr,0.2987
libri2,libri1,pink,-5.0,0.2,0.55,fpr,0.2987
libri2,libri1,pink,-5.0,0.3,0.2,fpr,0.4762
libri2,libri1,pink,-5.0,0.3,0.25,fpr,0.4762
libri2,libri1,pink,-5.0,0.3,0.3,fpr,0.4762
libri2,libri1,pink,-5.0,0.3,0.35,fpr,0.4459
libri2,libri1,pink,-5.0,0.3,0.4,fpr,0.2987
libri2,libri1,pink,-5.0,0.3,0.45,fpr,0.2987
libri2,libri1,pink,-5.0,0.3,0.5,fpr,0.2987
libri2,libri1,pink,-5.0,0.3,0.55,fpr,0.2987
libri2,libri1,pink,-5.0,0.4,0.2,fpr,0.4762
libri2,libri1,pink,-5.0,0.4,0.25,fpr,0.4762
libri2,libri1,pink,-5.0,0.4,0.3,fpr,0.4459
libri2,libri1,pink,-5.0,0.4,0.35,fpr,0.2987
libri2,libri1,pink,-5.0,0.4,0.4,fpr,0.2987
libri2,libri1,pink,-5.0,0.4,0.45,fpr,0.2987
libri2,libri1,pink,-5.0,0.4,0.5,fpr,0.2987
libri2,libri1,pink,-5.0,0.4,0.55,fpr,0.2987
libri2,libri1,pink,-5.0,0.5,0.2,fpr,0.4762
libri2,libri1,pink,-5.0,0.5,0.25,fpr,0.4762
libri2,libri1,pink,-5.0,0.5,0.3,fpr,0.3723
libri2,libri1,pink,-5.0,0.5,0.35,fpr,0.2987
libri2,libri1,pink,-5.0,0.5,0.4,fpr,0.2987
libri2,libri1,pink,-5.0,0.5,0.45,fpr,0.2987
libri2,libri1,pink,-5.0,0.5,0.5,fpr,0.2987
libri2,libri1,pink,-5.0,0.5,0.55,fpr,0.0
libri2,libri1,pink,-5.0,0.6,0.2,fpr,0.4762
libri2,libri1,pink,-5.0,0.6,0.25,fpr,0.4459
libri2,libri1,pink,-5.0,0.6,0.3,fpr,0.2987
libri2,libri1,pink,-5.0,0.6,0.35,fpr,0.2987
libri2,libri1,pink,-5.0,0.6,0.4,fpr,0.2987
libri2,libri1,pink,-5.0,0.6,0.45,fpr,0.0
libri2,libri1,pink,-5.0,0.6,0.5,fpr,0.0
libri2,libri1,pink,-5.0,0.6,0.55,fpr,0.0
libri2,libri1,pink,-5.0,0.7,0.2,fpr,0.4762
libri2,libri1,pink,-5.0,0.7,0.25,fpr,0.2987
libri2,libri1,pink,-5.0,0.7,0.3,fpr,0.2987
libri2,libri1,pink,-5.0,0.7,0.35,fpr,0.0
libri2,libri1,pink,-5.0,0.7,0.4,fpr,0.0
libri2,libri1,pink,-5.0,0.7,0.45,fpr,0.0
libri2,libri1,pink,-5.0,0.7,0.5,fpr,0.0
libri2,libri1,pink,-5.0,0.7,0.55,fpr,0.0
libri2,libri1,pink,-5.0,0.8,0.2,fpr,0.4069
libri2,libri1,pink,-5.0,0.8,0.25,fpr,0.0
libri2,libri1,pink,-5.0,0.8,0.3,fpr,0.0
libri2,libri1,pink,-5.0,0.8,0.35,fpr,0.0
libri2,libri1,pink,-5.0,0.8,0.4,fpr,0.0
libri2,libri1,pink,-5.0,0.8,0.45,fpr,0.0
libri2,libri1,pink,-5.0,0.8,0.5,fpr,0.0
libri2,libri1,pink,-5.0,0.8,0.55,fpr,0.0
libri2,libri1,pink,-5.0,0.9,0.2,fpr,0.0736
libri2,libri1,pink,-5.0,0.9,0.25,fpr,0.0
libri2,libri1,pink,-5.0,0.9,0.3,fpr,0.0
libri2,libri1,pink,-5.0,0.9,0.35,fpr,0.0
libri2,libri1,pink,-5.0,0.9,0.4,fpr,0.0
libri2,libri1,pink,-5.0,0.9,0.45,fpr,0.0
libri2,libri1,pink,-5.0,0.9,0.5,fpr,0.0
libri2,libri1,pink,-5.0,0.9,0.55,fpr,0.0
libri2,libri1,pink,-5.0,1.0,0.2,fpr,0.1472
libri2,libri1,pink,-5.0,1.0,0.25,fpr,0.0
libri2,libri1,pink,-5.0,1.0,0.3,fpr,0.0
libri2,libri1,pink,-5.0,1.0,0.35,fpr,0.0
libri2,libri1,pink,-5.0,1.0,0.4,fpr,0.0
libri2,libri1,pink,-5.0,1.0,0.45,fpr,0.0
libri2,libri1,pink,-5.0,1.0,0.5,fpr,0.0
libri2,libri1,pink,-5.0,1.0,0.55,fpr,0.0
libri2,libri1,pink,0.0,0.0,0.2,fpr,0.4805
libri2,libri1,pink,0.0,0.0,0.25,fpr,0.4805
libri2,libri1,pink,0.0,0.0,0.3,fpr,0.4805
libri2,libri1,pink,0.0,0.0,0.35,fpr,0.4805
libri2,libri1,pink,0.0,0.0,0.4,fpr,0.3766
libri2,libri1,pink,0.0,0.0,0.45,fpr,0.3766
libri2,libri1,pink,0.0,0.0,0.5,fpr,0.3766
libri2,libri1,pink,0.0,0.0,0.55,fpr,0.303
libri2,libri1,pink,0.0,0.1,0.2,fpr,0.4805
libri2,libri1,pink,0.0,0.1,0.25,fpr,0.4805
libri2,libri1,pink,0.0,0.1,0.3,fpr,0.4805
libri2,libri1,pink,0.0,0.1,0.35,fpr,0.4805
libri2,libri1,pink,0.0,0.1,0.4,fpr,0.3766
libri2,libri1,pink,0.0,0.1,0.45,fpr,0.3766
libri2,libri1,pink,0.0,0.1,0.5,fpr,0.303
libri2,libri1,pink,0.0,0.1,0.55,fpr,0.303
libri2,libri1,pink,0.0,0.2,0.2,fpr,0.4805
libri2,libri1,pink,0.0,0.2,0.25,fpr,0.4805
libri2,libri1,pink,0.0,0.2,0.3,fpr,0.4805
libri2,libri1,pink,0.0,0.2,0.35,fpr,0.3766
libri2,libri1,pink,0.0,0.2,0.4,fpr,0.3766
libri2,libri1,pink,0.0,0.2,0.45,fpr,0.3766
libri2,libri1,pink,0.0,0.2,0.5,fpr,0.303
libri2,libri1,pink,0.0,0.2,0.55,fpr,0.303
libri2,libri1,pink,0.0,0.3,0.2,fpr,0.4805
libri2,libri1,pink,0.0,0.3,0.25,fpr,0.4805
libri2,libri1,pink,0.0,0.3,0.3,fpr,0.4502
libri2,libri1,pink,0.0,0.3,0.35,fpr,0.3766
libri2,libri1,pink,0.0,0.3,0.4,fpr,0.3766
libri2,libri1,pink,0.0,0.3,0.45,fpr,0.303
libri2,libri1,pink,0.0,0.3,0.5,fpr,0.303
libri2,libri1,pink,0.0,0.3,0.55,fpr,0.303
libri2,libri1,pink,0.0,0.4,0.2,fpr,0.4805
libri2,libri1,pink,0.0,0.4,0.25,fpr,0.4805
libri2,libri1,pink,0.0,0.4,0.3,fpr,0.3766
libri2,libri1,pink,0.0,0.4,0.35,fpr,0.3766
libri2,libri1,pink,0.0,0.4,0.4,fpr,0.303
libri2,libri1,pink,0.0,0.4,0.45,fpr,0.303
libri2,libri1,pink,0.0,0.4,0.5,fpr,0.303
libri2,libri1,pink,0.0,0.4,0.55,fpr,0.303
libri2,libri1,pink,0.0,0.5,0.2,fpr,0.4805
libri2,libri1,pink,0.0,0.5,0.25,fpr,0.4502
libri2,libri1,pink,0.0,0.5,0.3,fpr,0.3766
libri2,libri1,pink,0.0,0.5,0.35,fpr,0.303
libri2,libri1,pink,0.0,0.5,0.4,fpr,0.303
libri2,libri1,pink,0.0,0.5,0.45,fpr,0.303
libri2,libri1,pink,0.0,0.5,0.5,fpr,0.303
libri2,libri1,pink,0.0,0.5,0.55,fpr,0.0
libri2,libri1,pink,0.0,0.6,0.2,fpr,0.4805
libri2,libri1,pink,0.0,0.6,0.25,fpr,0.3766
libri2,libri1,pink,0.0,0.6,0.3,fpr,0.303
libri2,libri1,pink,0.0,0.6,0.35,fpr,0.303
libri2,libri1,pink,0.0,0.6,0.4,fpr,0.303
libri2,libri1,pink,0.0,0.6,0.45,fpr,0.0
libri2,libri1,pink,0.0,0.6,0.5,fpr,0.0
libri2,libri1,pink,0.0,0.6,0.55,fpr,0.0
libri2,libri1,pink,0.0,0.7,0.2,fpr,0.4502
libri2,libri1,pink,0.0,0.7,0.25,fpr,0.303
libri2,libri1,pink,0.0,0.7,0.3,fpr,0.303
libri2,libri1,pink,0.0,0.7,0.35,fpr,0.0
libri2,libri1,pink,0.0,0.7,0.4,fpr,0.0
libri2,libri1,pink,0.0,0.7,0.45,fpr,0.0
libri2,libri1,pink,0.0,0.7,0.5,fpr,0.0
libri2,libri1,pink,0.0,0.7,0.55,fpr,0.0
libri2,libri1,pink,0.0,0.8,0.2,fpr,0.4113
libri2,libri1,pink,0.0,0.8,0.25,fpr,0.0
libri2,libri1,pink,0.0,0.8,0.3,fpr,0.0
libri2,libri1,pink,0.0,0.8,0.35,fpr,0.0
libri2,libri1,pink,0.0,0.8,0.4,fpr,0.0
libri2,libri1,pink,0.0,0.8,0.45,fpr,0.0
libri2,libri1,pink,0.0,0.8,0.5,fpr,0.0
libri2,libri1,pink,0.0,0.8,0.55,fpr,0.0
libri2,libri1,pink,0.0,0.9,0.2,fpr,0.1775
libri2,libri1,pink,0.0,0.9,0.25,fpr,0.0
libri2,libri1,pink,0.0,0.9,0.3,fpr,0.0
libri2,libri1,pink,0.0,0.9,0.35,fpr,0.0
libri2,libri1,pink,0.0,0.9,0.4,fpr,0.0
libri2,libri1,pink,0.0,0.9,0.45,fpr,0.0
libri2,libri1,pink,0.0,0.9,0.5,fpr,0.0
libri2,libri1,pink,0.0,0.9,0.55,fpr,0.0
libri2,libri1,pink,0.0,1.0,0.2,fpr,0.2468
libri2,libri1,pink,0.0,1.0,0.25,fpr,0.0
libri2,libri1,pink,0.0,1.0,0.3,fpr,0.0
libri2,libri1,pink,0.0,1.0,0.35,fpr,0.0
libri2,libri1,pink,0.0,1.0,0.4,fpr,0.0
libri2,libri1,pink,0.0,1.0,0.45,fpr,0.0
libri2,libri1,pink,0.0,1.0,0.5,fpr,0.0
libri2,libri1,pink,0.0,1.0,0.55,fpr,0.0
libri2,libri1,pink,5.0,0.0,0.2,fpr,0.3896
libri2,libri1,pink,5.0,0.0,0.25,fpr,0.3896
libri2,libri1,pink,5.0,0.0,0.3,fpr,0.3896
libri2,libri1,pink,5.0,0.0,0.35,fpr,0.3896
libri2,libri1,pink,5.0,0.0,0.4,fpr,0.3896
libri2,libri1,pink,5.0,0.0,0.45,fpr,0.3896
libri2,libri1,pink,5.0,0.0,0.5,fpr,0.3896
libri2,libri1,pink,5.0,0.0,0.55,fpr,0.2814
libri2,libri1,pink,5.0,0.1,0.2,fpr,0.4242
libri2,libri1,pink,5.0,0.1,0.25,fpr,0.3896
libri2,libri1,pink,5.0,0.1,0.3,fpr,0.3896
libri2,libri1,pink,5.0,0.1,0.35,fpr,0.3896
libri2,libri1,pink,5.0,0.1,0.4,fpr,0.3896
libri2,libri1,pink,5.0,0.1,0.45,fpr,0.3896
libri2,libri1,pink,5.0,0.1,0.5,fpr,0.2814
libri2,libri1,pink,5.0,0.1,0.55,fpr,0.2814
libri2,libri1,pink,5.0,0.2,0.2,fpr,0.4242
libri2,libri1,pink,5.0,0.2,0.25,fpr,0.3896
libri2,libri1,pink,5.0,0.2,0.3,fpr,0.3896
libri2,libri1,pink,5.0,0.2,0.35,fpr,0.3896
libri2,libri1,pink,5.0,0.2,0.4,fpr,0.3896
libri2,libri1,pink,5.0,0.2,0.45,fpr,0.3896
libri2,libri1,pink,5.0,0.2,0.5,fpr,0.2814
libri2,libri1,pink,5.0,0.2,0.55,fpr,0.2814
libri2,libri1,pink,5.0,0.3,0.2,fpr,0.4242
libri2,libri1,pink,5.0,0.3,0.25,fpr,0.3896
libri2,libri1,pink,5.0,0.3,0.3,fpr,0.3896
libri2,libri1,pink,5.0,0.3,0.35,fpr,0.3896
libri2,libri1,pink,5.0,0.3,0.4,fpr,0.3896
libri2,libri1,pink,5.0,0.3,0.45,fpr,0.2814
libri2,libri1,pink,5.0,0.3,0.5,fpr,0.2814
libri2,libri1,pink,5.0,0.3,0.55,fpr,0.2814
libri2,libri1,pink,5.0,0.4,0.2,fpr,0.4242
libri2,libri1,pink,5.0,0.4,0.25,fpr,0.3896
libri2,libri1,pink,5.0,0.4,0.3,fpr,0.3896
libri2,libri1,pink,5.0,0.4,0.35,fpr,0.3896
libri2,libri1,pink,5.0,0.4,0.4,fpr,0.2814
libri2,libri1,pink,5.0,0.4,0.45,fpr,0.2814
libri2,libri1,pink,5.0,0.4,0.5,fpr,0.2814
libri2,libri1,pink,5.0,0.4,0.55,fpr,0.2814
libri2,libri1,pink,5.0,0.5,0.2,fpr,0.4242
libri2,libri1,pink,5.0,0.5,0.25,fpr,0.3896
libri2,libri1,pink,5.0,0.5,0.3,fpr,0.3896
libri2,libri1,pink,5.0,0.5,0.35,fpr,0.355
libri2,libri1,pink,5.0,0.5,0.4,fpr,0.2814
libri2,libri1,pink,5.0,0.5,0.45,fpr,0.2814
libri2,libri1,pink,5.0,0.5,0.5,fpr,0.2814
libri2,libri1,pink,5.0,0.5,0.55,fpr,0.0
libri2,libri1,pink,5.0,0.6,0.2,fpr,0.4545
libri2,libri1,pink,5.0,0.6,0.25,fpr,0.3896
libri2,libri1,pink,5.0,0.6,0.3,fpr,0.355
libri2,libri1,pink,5.0,0.6,0.35,fpr,0.2814
libri2,libri1,pink,5.0,0.6,0.4,fpr,0.2814
libri2,libri1,pink,5.0,0.6,0.45,fpr,0.0
libri2,libri1,pink,5.0,0.6,0.5,fpr,0.0
libri2,libri1,pink,5.0,0.6,0.55,fpr,0.0
libri2,libri1,pink,5.0,0.7,0.2,fpr,0.4892
libri2,libri1,pink,5.0,0.7,0.25,fpr,0.3896
libri2,libri1,pink,5.0,0.7,0.3,fpr,0.2814
libri2,libri1,pink,5.0,0.7,0.35,fpr,0.0
libri2,libri1,pink,5.0,0.7,0.4,fpr,0.0
libri2,libri1,pink,5.0,0.7,0.45,fpr,0.0
libri2,libri1,pink,5.0,0.7,0.5,fpr,0.0
libri2,libri1,pink,5.0,0.7,0.55,fpr,0.0
libri2,libri1,pink,5.0,0.8,0.2,fpr,0.4892
libri2,libri1,pink,5.0,0.8,0.25,fpr,0.1385
libri2,libri1,pink,5.0,0.8,0.3,fpr,0.0
libri2,libri1,pink,5.0,0.8,0.35,fpr,0.0
libri2,libri1,pink,5.0,0.8,0.4,fpr,0.0
libri2,libri1,pink,5.0,0.8,0.45,fpr,0.0
libri2,libri1,pink,5.0,0.8,0.5,fpr,0.0
libri2,libri1,pink,5.0,0.8,0.55,fpr,0.0
libri2,libri1,pink,5.0,0.9,0.2,fpr,0.2771
libri2,libri1,pink,5.0,0.9,0.25,fpr,0.0649
libri2,libri1,pink,5.0,0.9,0.3,fpr,0.0
libri2,libri1,pink,5.0,0.9,0.35,fpr,0.0
libri2,libri1,pink,5.0,0.9,0.4,fpr,0.0
libri2,libri1,pink,5.0,0.9,0.45,fpr,0.0
libri2,libri1,pink,5.0,0.9,0.5,fpr,0.0
libri2,libri1,pink,5.0,0.9,0.55,fpr,0.0
libri2,libri1,pink,5.0,1.0,0.2,fpr,0.2468
libri2,libri1,pink,5.0,1.0,0.25,fpr,0.0649
libri2,libri1,pink,5.0,1.0,0.3,fpr,0.0649
libri2,libri1,pink,5.0,1.0,0.35,fpr,0.0
libri2,libri1,pink,5.0,1.0,0.4,fpr,0.0
libri2,libri1,pink,5.0,1.0,0.45,fpr,0.0
libri2,libri1,pink,5.0,1.0,0.5,fpr,0.0
libri2,libri1,pink,5.0,1.0,0.55,fpr,0.0
libri2,libri1,pink,10.0,0.0,0.2,fpr,0.3636
libri2,libri1,pink,10.0,0.0,0.25,fpr,0.3636
libri2,libri1,pink,10.0,0.0,0.3,fpr,0.3636
libri2,libri1,pink,10.0,0.0,0.35,fpr,0.3636
libri2,libri1,pink,10.0,0.0,0.4,fpr,0.3636
libri2,libri1,pink,10.0,0.0,0.45,fpr,0.3636
libri2,libri1,pink,10.0,0.0,0.5,fpr,0.3636
libri2,libri1,pink,10.0,0.0,0.55,fpr,0.2554
libri2,libri1,pink,10.0,0.1,0.2,fpr,0.4329
libri2,libri1,pink,10.0,0.1,0.25,fpr,0.3636
libri2,libri1,pink,10.0,0.1,0.3,fpr,0.3636
libri2,libri1,pink,10.0,0.1,0.35,fpr,0.3636
libri2,libri1,pink,10.0,0.1,0.4,fpr,0.3636
libri2,libri1,pink,10.0,0.1,0.45,fpr,0.3636
libri2,libri1,pink,10.0,0.1,0.5,fpr,0.2554
libri2,libri1,pink,10.0,0.1,0.55,fpr,0.2554
libri2,libri1,pink,10.0,0.2,0.2,fpr,0.4329
libri2,libri1,pink,10.0,0.2,0.25,fpr,0.3636
libri2,libri1,pink,10.0,0.2,0.3,fpr,0.3636
libri2,libri1,pink,10.0,0.2,0.35,fpr,0.3636
libri2,libri1,pink,10.0,0.2,0.4,fpr,0.3636
libri2,libri1,pink,10.0,0.2,0.45,fpr,0.3636
libri2,libri1,pink,10.0,0.2,0.5,fpr,0.2554
libri2,libri1,pink,10.0,0.2,0.55,fpr,0.2554
libri2,libri1,pink,10.0,0.3,0.2,fpr,0.4329
libri2,libri1,pink,10.0,0.3,0.25,fpr,0.3636
libri2,libri1,pink,10.0,0.3,0.3,fpr,0.3636
libri2,libri1,pink,10.0,0.3,0.35,fpr,0.3636
libri2,libri1,pink,10.0,0.3,0.4,fpr,0.3636
libri2,libri1,pink,10.0,0.3,0.45,fpr,0.2554
libri2,libri1,pink,10.0,0.3,0.5,fpr,0.2554
libri2,libri1,pink,10.0,0.3,0.55,fpr,0.2554
libri2,libri1,pink,10.0,0.4,0.2,fpr,0.4329
libri2,libri1,pink,10.0,0.4,0.25,fpr,0.3636
libri2,libri1,pink,10.0,0.4,0.3,fpr,0.3636
libri2,libri1,pink,10.0,0.4,0.35,fpr,0.3636
libri2,libri1,pink,10.0,0.4,0.4,fpr,0.2554
libri2,libri1,pink,10.0,0.4,0.45,fpr,0.2554
libri2,libri1,pink,10.0,0.4,0.5,fpr,0.2554
libri2,libri1,pink,10.0,0.4,0.55,fpr,0.2554
libri2,libri1,pink,10.0,0.5,0.2,fpr,0.4329
libri2,libri1,pink,10.0,0.5,0.25,fpr,0.3636
libri2,libri1,pink,10.0,0.5,0.3,fpr,0.3636
libri2,libri1,pink,10.0,0.5,0.35,fpr,0.329
libri2,libri1,pink,10.0,0.5,0.4,fpr,0.2554
libri2,libri1,pink,10.0,0.5,0.45,fpr,0.2554
libri2,libri1,pink,10.0,0.5,0.5,fpr,0.2554
libri2,libri1,pink,10.0,0.5,0.55,fpr,0.0
libri2,libri1,pink,10.0,0.6,0.2,fpr,0.4329
libri2,libri1,pink,10.0,0.6,0.25,fpr,0.3636
libri2,libri1,pink,10.0,0.6,0.3,fpr,0.3636
libri2,libri1,pink,10.0,0.6,0.35,fpr,0.2554
libri2,libri1,pink,10.0,0.6,0.4,fpr,0.2554
libri2,libri1,pink,10.0,0.6,0.45,fpr,0.0
libri2,libri1,pink,10.0,0.6,0.5,fpr,0.0
libri2,libri1,pink,10.0,0.6,0.55,fpr,0.0
libri2,libri1,pink,10.0,0.7,0.2,fpr,0.6147
libri2,libri1,pink,10.0,0.7,0.25,fpr,0.3636
libri2,libri1,pink,10.0,0.7,0.3,fpr,0.2554
libri2,libri1,pink,10.0,0.7,0.35,fpr,0.0
libri2,libri1,pink,10.0,0.7,0.4,fpr,0.0
libri2,libri1,pink,10.0,0.7,0.45,fpr,0.0
libri2,libri1,pink,10.0,0.7,0.5,fpr,0.0
libri2,libri1,pink,10.0,0.7,0.55,fpr,0.0
libri2,libri1,pink,10.0,0.8,0.2,fpr,0.645
libri2,libri1,pink,10.0,0.8,0.25,fpr,0.0736
libri2,libri1,pink,10.0,0.8,0.3,fpr,0.0
libri2,libri1,pink,10.0,0.8,0.35,fpr,0.0
libri2,libri1,pink,10.0,0.8,0.4,fpr,0.0
libri2,libri1,pink,10.0,0.8,0.45,fpr,0.0
libri2,libri1,pink,10.0,0.8,0.5,fpr,0.0
libri2,libri1,pink,10.0,0.8,0.55,fpr,0.0
libri2,libri1,pink,10.0,0.9,0.2,fpr,0.4762
libri2,libri1,pink,10.0,0.9,0.25,fpr,0.0736
libri2,libri1,pink,10.0,0.9,0.3,fpr,0.0
libri2,libri1,pink,10.0,0.9,0.35,fpr,0.0
libri2,libri1,pink,10.0,0.9,0.4,fpr,0.0
libri2,libri1,pink,10.0,0.9,0.45,fpr,0.0
libri2,libri1,pink,10.0,0.9,0.5,fpr,0.0
libri2,libri1,pink,10.0,0.9,0.55,fpr,0.0
libri2,libri1,pink,10.0,1.0,0.2,fpr,0.4069
libri2,libri1,pink,10.0,1.0,0.25,fpr,0.1818
libri2,libri1,pink,10.0,1.0,0.3,fpr,0.0
libri2,libri1,pink,10.0,1.0,0.35,fpr,0.0
libri2,libri1,pink,10.0,1.0,0.4,fpr,0.0
libri2,libri1,pink,10.0,1.0,0.45,fpr,0.0
libri2,libri1,pink,10.0,1.0,0.5,fpr,0.0
libri2,libri1,pink,10.0,1.0,0.55,fpr,0.0
libri2,libri1,pink,15.0,0.0,0.2,fpr,0.4156
libri2,libri1,pink,15.0,0.0,0.25,fpr,0.381
libri2,libri1,pink,15.0,0.0,0.3,fpr,0.381
libri2,libri1,pink,15.0,0.0,0.35,fpr,0.381
libri2,libri1,pink,15.0,0.0,0.4,fpr,0.381
libri2,libri1,pink,15.0,0.0,0.45,fpr,0.381
libri2,libri1,pink,15.0,0.0,0.5,fpr,0.381
libri2,libri1,pink,15.0,0.0,0.55,fpr,0.2727
libri2,libri1,pink,15.0,0.1,0.2,fpr,0.381
libri2,libri1,pink,15.0,0.1,0.25,fpr,0.381
libri2,libri1,pink,15.0,0.1,0.3,fpr,0.381
libri2,libri1,pink,15.0,0.1,0.35,fpr,0.381
libri2,libri1,pink,15.0,0.1,0.4,fpr,0.381
libri2,libri1,pink,15.0,0.1,0.45,fpr,0.381
libri2,libri1,pink,15.0,0.1,0.5,fpr,0.2727
libri2,libri1,pink,15.0,0.1,0.55,fpr,0.2727
libri2,libri1,pink,15.0,0.2,0.2,fpr,0.381
libri2,libri1,pink,15.0,0.2,0.25,fpr,0.381
libri2,libri1,pink,15.0,0.2,0.3,fpr,0.381
libri2,libri1,pink,15.0,0.2,0.35,fpr,0.381
libri2,libri1,pink,15.0,0.2,0.4,fpr,0.381
libri2,libri1,pink,15.0,0.2,0.45,fpr,0.381
libri2,libri1,pink,15.0,0.2,0.5,fpr,0.2727
libri2,libri1,pink,15.0,0.2,0.55,fpr,0.2727
libri2,libri1,pink,15.0,0.3,0.2,fpr,0.381
libri2,libri1,pink,15.0,0.3,0.25,fpr,0.381
libri2,libri1,pink,15.0,0.3,0.3,fpr,0.381
libri2,libri1,pink,15.0,0.3,0.35,fpr,0.381
libri2,libri1,pink,15.0,0.3,0.4,fpr,0.381
libri2,libri1,pink,15.0,0.3,0.45,fpr,0.2727
libri2,libri1,pink,15.0,0.3,0.5,fpr,0.2727
libri2,libri1,pink,15.0,0.3,0.55,fpr,0.2727
libri2,libri1,pink,15.0,0.4,0.2,fpr,0.381
libri2,libri1,pink,15.0,0.4,0.25,fpr,0.381
libri2,libri1,pink,15.0,0.4,0.3,fpr,0.381
libri2,libri1,pink,15.0,0.4,0.35,fpr,0.381
libri2,libri1,pink,15.0,0.4,0.4,fpr,0.2727
libri2,libri1,pink,15.0,0.4,0.45,fpr,0.2727
libri2,libri1,pink,15.0,0.4,0.5,fpr,0.2727
libri2,libri1,pink,15.0,0.4,0.55,fpr,0.2727
libri2,libri1,pink,15.0,0.5,0.2,fpr,0.381
libri2,libri1,pink,15.0,0.5,0.25,fpr,0.381
libri2,libri1,pink,15.0,0.5,0.3,fpr,0.381
libri2,libri1,pink,15.0,0.5,0.35,fpr,0.3463
libri2,libri1,pink,15.0,0.5,0.4,fpr,0.2727
libri2,libri1,pink,15.0,0.5,0.45,fpr,0.2727
libri2,libri1,pink,15.0,0.5,0.5,fpr,0.2727
libri2,libri1,pink,15.0,0.5,0.55,fpr,0.0
libri2,libri1,pink,15.0,0.6,0.2,fpr,0.381
libri2,libri1,pink,15.0,0.6,0.25,fpr,0.381
libri2,libri1,pink,15.0,0.6,0.3,fpr,0.3463
libri2,libri1,pink,15.0,0.6,0.35,fpr,0.2727
libri2,libri1,pink,15.0,0.6,0.4,fpr,0.2727
libri2,libri1,pink,15.0,0.6,0.45,fpr,0.0
libri2,libri1,pink,15.0,0.6,0.5,fpr,0.0
libri2,libri1,pink,15.0,0.6,0.55,fpr,0.0
libri2,libri1,pink,15.0,0.7,0.2,fpr,0.4545
libri2,libri1,pink,15.0,0.7,0.25,fpr,0.381
libri2,libri1,pink,15.0,0.7,0.3,fpr,0.2727
libri2,libri1,pink,15.0,0.7,0.35,fpr,0.0
libri2,libri1,pink,15.0,0.7,0.4,fpr,0.0
libri2,libri1,pink,15.0,0.7,0.45,fpr,0.0
libri2,libri1,pink,15.0,0.7,0.5,fpr,0.0
libri2,libri1,pink,15.0,0.7,0.55,fpr,0.0
libri2,libri1,pink,15.0,0.8,0.2,fpr,0.4935
libri2,libri1,pink,15.0,0.8,0.25,fpr,0.0736
libri2,libri1,pink,15.0,0.8,0.3,fpr,0.0
libri2,libri1,pink,15.0,0.8,0.35,fpr,0.0
libri2,libri1,pink,15.0,0.8,0.4,fpr,0.0
libri2,libri1,pink,15.0,0.8,0.45,fpr,0.0
libri2,libri1,pink,15.0,0.8,0.5,fpr,0.0
libri2,libri1,pink,15.0,0.8,0.55,fpr,0.0
libri2,libri1,pink,15.0,0.9,0.2,fpr,0.29
libri2,libri1,pink,15.0,0.9,0.25,fpr,0.0736
libri2,libri1,pink,15.0,0.9,0.3,fpr,0.0
libri2,libri1,pink,15.0,0.9,0.35,fpr,0.0
libri2,libri1,pink,15.0,0.9,0.4,fpr,0.0
libri2,libri1,pink,15.0,0.9,0.45,fpr,0.0
libri2,libri1,pink,15.0,0.9,0.5,fpr,0.0
libri2,libri1,pink,15.0,0.9,0.55,fpr,0.0
libri2,libri1,pink,15.0,1.0,0.2,fpr,0.2165
libri2,libri1,pink,15.0,1.0,0.25,fpr,0.1126
libri2,libri1,pink,15.0,1.0,0.3,fpr,0.0
libri2,libri1,pink,15.0,1.0,0.35,fpr,0.0
libri2,libri1,pink,15.0,1.0,0.4,fpr,0.0
libri2,libri1,pink,15.0,1.0,0.45,fpr,0.0
libri2,libri1,pink,15.0,1.0,0.5,fpr,0.0
libri2,libri1,pink,15.0,1.0,0.55,fpr,0.0
libri2,libri1,pink,20.0,0.0,0.2,fpr,0.4329
libri2,libri1,pink,20.0,0.0,0.25,fpr,0.4329
libri2,libri1,pink,20.0,0.0,0.3,fpr,0.4329
libri2,libri1,pink,20.0,0.0,0.35,fpr,0.4329
libri2,libri1,pink,20.0,0.0,0.4,fpr,0.4329
libri2,libri1,pink,20.0,0.0,0.45,fpr,0.4329
libri2,libri1,pink,20.0,0.0,0.5,fpr,0.4329
libri2,libri1,pink,20.0,0.0,0.55,fpr,0.2554
libri2,libri1,pink,20.0,0.1,0.2,fpr,0.4329
libri2,libri1,pink,20.0,0.1,0.25,fpr,0.4329
libri2,libri1,pink,20.0,0.1,0.3,fpr,0.4329
libri2,libri1,pink,20.0,0.1,0.35,fpr,0.4329
libri2,libri1,pink,20.0,0.1,0.4,fpr,0.4329
libri2,libri1,pink,20.0,0.1,0.45,fpr,0.4329
libri2,libri1,pink,20.0,0.1,0.5,fpr,0.2554
libri2,libri1,pink,20.0,0.1,0.55,fpr,0.2554
libri2,libri1,pink,20.0,0.2,0.2,fpr,0.4329
libri2,libri1,pink,20.0,0.2,0.25,fpr,0.4329
libri2,libri1,pink,20.0,0.2,0.3,fpr,0.4329
libri2,libri1,pink,20.0,0.2,0.35,fpr,0.4329
libri2,libri1,pink,20.0,0.2,0.4,fpr,0.4329
libri2,libri1,pink,20.0,0.2,0.45,fpr,0.4329
libri2,libri1,pink,20.0,0.2,0.5,fpr,0.2554
libri2,libri1,pink,20.0,0.2,0.55,fpr,0.2554
libri2,libri1,pink,20.0,0.3,0.2,fpr,0.4329
libri2,libri1,pink,20.0,0.3,0.25,fpr,0.4329
libri2,libri1,pink,20.0,0.3,0.3,fpr,0.4329
libri2,libri1,pink,20.0,0.3,0.35,fpr,0.4329
libri2,libri1,pink,20.0,0.3,0.4,fpr,0.4329
libri2,libri1,pink,20.0,0.3,0.45,fpr,0.2554
libri2,libri1,pink,20.0,0.3,0.5,fpr,0.2554
libri2,libri1,pink,20.0,0.3,0.55,fpr,0.2554
libri2,libri1,pink,20.0,0.4,0.2,fpr,0.4329
libri2,libri1,pink,20.0,0.4,0.25,fpr,0.4329
libri2,libri1,pink,20.0,0.4,0.3,fpr,0.4329
libri2,libri1,pink,20.0,0.4,0.35,fpr,0.4329
libri2,libri1,pink,20.0,0.4,0.4,fpr,0.2554
libri2,libri1,pink,20.0,0.4,0.45,fpr,0.2554
libri2,libri1,pink,20.0,0.4,0.5,fpr,0.2554
libri2,libri1,pink,20.0,0.4,0.55,fpr,0.2554
libri2,libri1,pink,20.0,0.5,0.2,fpr,0.4329
libri2,libri1,pink,20.0,0.5,0.25,fpr,0.4329
libri2,libri1,pink,20.0,0.5,0.3,fpr,0.4329
libri2,libri1,pink,20.0,0.5,0.35,fpr,0.3636
libri2,libri1,pink,20.0,0.5,0.4,fpr,0.2554
libri2,libri1,pink,20.0,0.5,0.45,fpr,0.2554
libri2,libri1,pink,20.0,0.5,0.5,fpr,0.2554
libri2,libri1,pink,20.0,0.5,0.55,fpr,0.0
libri2,libri1,pink,20.0,0.6,0.2,fpr,0.4329
libri2,libri1,pink,20.0,0.6,0.25,fpr,0.4329
libri2,libri1,pink,20.0,0.6,0.3,fpr,0.4329
libri2,libri1,pink,20.0,0.6,0.35,fpr,0.2554
libri2,libri1,pink,20.0,0.6,0.4,fpr,0.2554
libri2,libri1,pink,20.0,0.6,0.45,fpr,0.0
libri2,libri1,pink,20.0,0.6,0.5,fpr,0.0
libri2,libri1,pink,20.0,0.6,0.55,fpr,0.0
libri2,libri1,pink,20.0,0.7,0.2,fpr,0.4892
libri2,libri1,pink,20.0,0.7,0.25,fpr,0.4329
libri2,libri1,pink,20.0,0.7,0.3,fpr,0.2554
libri2,libri1,pink,20.0,0.7,0.35,fpr,0.0
libri2,libri1,pink,20.0,0.7,0.4,fpr,0.0
libri2,libri1,pink,20.0,0.7,0.45,fpr,0.0
libri2,libri1,pink,20.0,0.7,0.5,fpr,0.0
libri2,libri1,pink,20.0,0.7,0.55,fpr,0.0
libri2,libri1,pink,20.0,0.8,0.2,fpr,0.632
libri2,libri1,pink,20.0,0.8,0.25,fpr,0.1082
libri2,libri1,pink,20.0,0.8,0.3,fpr,0.0
libri2,libri1,pink,20.0,0.8,0.35,fpr,0.0
libri2,libri1,pink,20.0,0.8,0.4,fpr,0.0
libri2,libri1,pink,20.0,0.8,0.45,fpr,0.0
libri2,libri1,pink,20.0,0.8,0.5,fpr,0.0
libri2,libri1,pink,20.0,0.8,0.55,fpr,0.0
libri2,libri1,pink,20.0,0.9,0.2,fpr,0.3074
libri2,libri1,pink,20.0,0.9,0.25,fpr,0.0563
libri2,libri1,pink,20.0,0.9,0.3,fpr,0.0
libri2,libri1,pink,20.0,0.9,0.35,fpr,0.0
libri2,libri1,pink,20.0,0.9,0.4,fpr,0.0
libri2,libri1,pink,20.0,0.9,0.45,fpr,0.0
libri2,libri1,pink,20.0,0.9,0.5,fpr,0.0
libri2,libri1,pink,20.0,0.9,0.55,fpr,0.0
libri2,libri1,pink,20.0,1.0,0.2,fpr,0.2684
libri2,libri1,pink,20.0,1.0,0.25,fpr,0.1299
libri2,libri1,pink,20.0,1.0,0.3,fpr,0.0
libri2,libri1,pink,20.0,1.0,0.35,fpr,0.0
libri2,libri1,pink,20.0,1.0,0.4,fpr,0.0
libri2,libri1,pink,20.0,1.0,0.45,fpr,0.0
libri2,libri1,pink,20.0,1.0,0.5,fpr,0.0
libri2,libri1,pink,20.0,1.0,0.55,fpr,0.0
libri2,libri2,white,-5.0,0.0,0.2,tpr,1.0
libri2,libri2,white,-5.0,0.0,0.25,tpr,1.0
libri2,libri2,white,-5.0,0.0,0.3,tpr,1.0
libri2,libri2,white,-5.0,0.0,0.35,tpr,1.0
libri2,libri2,white,-5.0,0.0,0.4,tpr,1.0
libri2,libri2,white,-5.0,0.0,0.45,tpr,1.0
libri2,libri2,white,-5.0,0.0,0.5,tpr,1.0
libri2,libri2,white,-5.0,0.0,0.55,tpr,1.0
libri2,libri2,white,-5.0,0.1,0.2,tpr,1.0
libri2,libri2,white,-5.0,0.1,0.25,tpr,1.0
libri2,libri2,white,-5.0,0.1,0.3,tpr,1.0
libri2,libri2,white,-5.0,0.1,0.35,tpr,1.0
libri2,libri2,white,-5.0,0.1,0.4,tpr,1.0
libri2,libri2,white,-5.0,0.1,0.45,tpr,1.0
libri2,libri2,white,-5.0,0.1,0.5,tpr,1.0
libri2,libri2,white,-5.0,0.1,0.55,tpr,1.0
libri2,libri2,white,-5.0,0.2,0.2,tpr,1.0
libri2,libri2,white,-5.0,0.2,0.25,tpr,1.0
libri2,libri2,white,-5.0,0.2,0.3,tpr,1.0
libri2,libri2,white,-5.0,0.2,0.35,tpr,1.0
libri2,libri2,white,-5.0,0.2,0.4,tpr,1.0
libri2,libri2,white,-5.0,0.2,0.45,tpr,1.0
libri2,libri2,white,-5.0,0.2,0.5,tpr,1.0
libri2,libri2,white,-5.0,0.2,0.55,tpr,1.0
libri2,libri2,white,-5.0,0.3,0.2,tpr,1.0
libri2,libri2,white,-5.0,0.3,0.25,tpr,1.0
libri2,libri2,white,-5.0,0.3,0.3,tpr,1.0
libri2,libri2,white,-5.0,0.3,0.35,tpr,1.0
libri2,libri2,white,-5.0,0.3,0.4,tpr,1.0
libri2,libri2,white,-5.0,0.3,0.45,tpr,1.0
libri2,libri2,white,-5.0,0.3,0.5,tpr,1.0
libri2,libri2,white,-5.0,0.3,0.55,tpr,1.0
libri2,libri2,white,-5.0,0.4,0.2,tpr,1.0
libri2,libri2,white,-5.0,0.4,0.25,tpr,1.0
libri2,libri2,white,-5.0,0.4,0.3,tpr,1.0
libri2,libri2,white,-5.0,0.4,0.35,tpr,1.0
libri2,libri2,white,-5.0,0.4,0.4,tpr,1.0
libri2,libri2,white,-5.0,0.4,0.45,tpr,1.0
libri2,libri2,white,-5.0,0.4,0.5,tpr,1.0
libri2,libri2,white,-5.0,0.4,0.55,tpr,0.9732
libri2,libri2,white,-5.0,0.5,0.2,tpr,1.0
libri2,libri2,white,-5.0,0.5,0.25,tpr,1.0
libri2,libri2,white,-5.0,0.5,0.3,tpr,1.0
libri2,libri2,white,-5.0,0.5,0.35,tpr,1.0
libri2,libri2,white,-5.0,0.5,0.4,tpr,1.0
libri2,libri2,white,-5.0,0.5,0.45,tpr,1.0
libri2,libri2,white,-5.0,0.5,0.5,tpr,0.9732
libri2,libri2,white,-5.0,0.5,0.55,tpr,0.8276
libri2,libri2,white,-5.0,0.6,0.2,tpr,1.0
libri2,libri2,white,-5.0,0.6,0.25,tpr,1.0
libri2,libri2,white,-5.0,0.6,0.3,tpr,1.0
libri2,libri2,white,-5.0,0.6,0.35,tpr,1.0
libri2,libri2,white,-5.0,0.6,0.4,tpr,1.0
libri2,libri2,white,-5.0,0.6,0.45,tpr,0.8812
libri2,libri2,white,-5.0,0.6,0.5,tpr,0.682
libri2,libri2,white,-5.0,0.6,0.55,tpr,0.2222
libri2,libri2,white,-5.0,0.7,0.2,tpr,1.0
libri2,libri2,white,-5.0,0.7,0.25,tpr,1.0
libri2,libri2,white,-5.0,0.7,0.3,tpr,1.0
libri2,libri2,white,-5.0,0.7,0.35,tpr,0.8812
libri2,libri2,white,-5.0,0.7,0.4,tpr,0.8812
libri2,libri2,white,-5.0,0.7,0.45,tpr,0.5977
libri2,libri2,white,-5.0,0.7,0.5,tpr,0.0651
libri2,libri2,white,-5.0,0.7,0.55,tpr,0.0
libri2,libri2,white,-5.0,0.8,0.2,tpr,1.0
libri2,libri2,white,-5.0,0.8,0.25,tpr,0.8812
libri2,libri2,white,-5.0,0.8,0.3,tpr,0.8812
libri2,libri2,white,-5.0,0.8,0.35,tpr,0.8812
libri2,libri2,white,-5.0,0.8,0.4,tpr,0.3487
libri2,libri2,white,-5.0,0.8,0.45,tpr,0.0651
libri2,libri2,white,-5.0,0.8,0.5,tpr,0.0
libri2,libri2,white,-5.0,0.8,0.55,tpr,0.0
libri2,libri2,white,-5.0,0.9,0.2,tpr,0.8812
libri2,libri2,white,-5.0,0.9,0.25,tpr,0.8812
libri2,libri2,white,-5.0,0.9,0.3,tpr,0.7778
libri2,libri2,white,-5.0,0.9,0.35,tpr,0.2222
libri2,libri2,white,-5.0,0.9,0.4,tpr,0.0
libri2,libri2,white,-5.0,0.9,0.45,tpr,0.0
libri2,libri2,white,-5.0,0.9,0.5,tpr,0.0
libri2,libri2,white,-5.0,0.9,0.55,tpr,0.0
libri2,libri2,white,-5.0,1.0,0.2,tpr,0.8812
libri2,libri2,white,-5.0,1.0,0.25,tpr,0.5632
libri2,libri2,white,-5.0,1.0,0.3,tpr,0.2222
libri2,libri2,white,-5.0,1.0,0.35,tpr,0.0651
libri2,libri2,white,-5.0,1.0,0.4,tpr,0.0
libri2,libri2,white,-5.0,1.0,0.45,tpr,0.0
libri2,libri2,white,-5.0,1.0,0.5,tpr,0.0
libri2,libri2,white,-5.0,1.0,0.55,tpr,0.0
libri2,libri2,white,0.0,0.0,0.2,tpr,1.0
libri2,libri2,white,0.0,0.0,0.25,tpr,1.0
libri2,libri2,white,0.0,0.0,0.3,tpr,1.0
libri2,libri2,white,0.0,0.0,0.35,tpr,1.0
libri2,libri2,white,0.0,0.0,0.4,tpr,1.0
libri2,libri2,white,0.0,0.0,0.45,tpr,1.0
libri2,libri2,white,0.0,0.0,0.5,tpr,1.0
libri2,libri2,white,0.0,0.0,0.55,tpr,1.0
libri2,libri2,white,0.0,0.1,0.2,tpr,1.0
libri2,libri2,white,0.0,0.1,0.25,tpr,1.0
libri2,libri2,white,0.0,0.1,0.3,tpr,1.0
libri2,libri2,white,0.0,0.1,0.35,tpr,1.0
libri2,libri2,white,0.0,0.1,0.4,tpr,1.0
libri2,libri2,white,0.0,0.1,0.45,tpr,1.0
libri2,libri2,white,0.0,0.1,0.5,tpr,1.0
libri2,libri2,white,0.0,0.1,0.55,tpr,0.9732
libri2,libri2,white,0.0,0.2,0.2,tpr,1.0
libri2,libri2,white,0.0,0.2,0.25,tpr,1.0
libri2,libri2,white,0.0,0.2,0.3,tpr,1.0
libri2,libri2,white,0.0,0.2,0.35,tpr,1.0
libri2,libri2,white,0.0,0.2,0.4,tpr,1.0
libri2,libri2,white,0.0,0.2,0.45,tpr,1.0
libri2,libri2,white,0.0,0.2,0.5,tpr,1.0
libri2,libri2,white,0.0,0.2,0.55,tpr,0.9732
libri2,libri2,white,0.0,0.3,0.2,tpr,1.0
libri2,libri2,white,0.0,0.3,0.25,tpr,1.0
libri2,libri2,white,0.0,0.3,0.3,tpr,1.0
libri2,libri2,white,0.0,0.3,0.35,tpr,1.0
libri2,libri2,white,0.0,0.3,0.4,tpr,1.0
libri2,libri2,white,0.0,0.3,0.45,tpr,1.0
libri2,libri2,white,0.0,0.3,0.5,tpr,0.9732
libri2,libri2,white,0.0,0.3,0.55,tpr,0.9732
libri2,libri2,white,0.0,0.4,0.2,tpr,1.0
libri2,libri2,white,0.0,0.4,0.25,tpr,1.0
libri2,libri2,white,0.0,0.4,0.3,tpr,1.0
libri2,libri2,white,0.0,0.4,0.35,tpr,1.0
libri2,libri2,white,0.0,0.4,0.4,tpr,1.0
libri2,libri2,white,0.0,0.4,0.45,tpr,1.0
libri2,libri2,white,0.0,0.4,0.5,tpr,0.9732
libri2,libri2,white,0.0,0.4,0.55,tpr,0.9732
libri2,libri2,white,0.0,0.5,0.2,tpr,1.0
libri2,libri2,white,0.0,0.5,0.25,tpr,1.0
libri2,libri2,white,0.0,0.5,0.3,tpr,1.0
libri2,libri2,white,0.0,0.5,0.35,tpr,1.0
libri2,libri2,white,0.0,0.5,0.4,tpr,1.0
libri2,libri2,white,0.0,0.5,0.45,tpr,1.0
libri2,libri2,white,0.0,0.5,0.5,tpr,0.9732
libri2,libri2,white,0.0,0.5,0.55,tpr,0.8544
libri2,libri2,white,0.0,0.6,0.2,tpr,1.0
libri2,libri2,white,0.0,0.6,0.25,tpr,1.0
libri2,libri2,white,0.0,0.6,0.3,tpr,1.0
libri2,libri2,white,0.0,0.6,0.35,tpr,1.0
libri2,libri2,white,0.0,0.6,0.4,tpr,1.0
libri2,libri2,white,0.0,0.6,0.45,tpr,0.8544
libri2,libri2,white,0.0,0.6,0.5,tpr,0.8544
libri2,libri2,white,0.0,0.6,0.55,tpr,0.6705
libri2,libri2,white,0.0,0.7,0.2,tpr,1.0
libri2,libri2,white,0.0,0.7,0.25,tpr,1.0
libri2,libri2,white,0.0,0.7,0.3,tpr,1.0
libri2,libri2,white,0.0,0.7,0.35,tpr,0.8812
libri2,libri2,white,0.0,0.7,0.4,tpr,0.8812
libri2,libri2,white,0.0,0.7,0.45,tpr,0.8544
libri2,libri2,white,0.0,0.7,0.5,tpr,0.5517
libri2,libri2,white,0.0,0.7,0.55,tpr,0.1571
libri2,libri2,white,0.0,0.8,0.2,tpr,1.0
libri2,libri2,white,0.0,0.8,0.25,tpr,0.8812
libri2,libri2,white,0.0,0.8,0.3,tpr,0.8812
libri2,libri2,white,0.0,0.8,0.35,tpr,0.8812
libri2,libri2,white,0.0,0.8,0.4,tpr,0.8812
libri2,libri2,white,0.0,0.8,0.45,tpr,0.5517
libri2,libri2,white,0.0,0.8,0.5,tpr,0.1877
libri2,libri2,white,0.0,0.8,0.55,tpr,0.0651
libri2,libri2,white,0.0,0.9,0.2,tpr,0.8812
libri2,libri2,white,0.0,0.9,0.25,tpr,0.8812
libri2,libri2,white,0.0,0.9,0.3,tpr,0.8812
libri2,libri2,white,0.0,0.9,0.35,tpr,0.7356
libri2,libri2,white,0.0,0.9,0.4,tpr,0.4981
libri2,libri2,white,0.0,0.9,0.45,tpr,0.2529
libri2,libri2,white,0.0,0.9,0.5,tpr,0.0651
libri2,libri2,white,0.0,0.9,0.55,tpr,0.0
libri2,libri2,white,0.0,1.0,0.2,tpr,0.8812
libri2,libri2,white,0.0,1.0,0.25,tpr,0.8812
libri2,libri2,white,0.0,1.0,0.3,tpr,0.7356
libri2,libri2,white,0.0,1.0,0.35,tpr,0.4674
libri2,libri2,white,0.0,1.0,0.4,tpr,0.2529
libri2,libri2,white,0.0,1.0,0.45,tpr,0.0
libri2,libri2,white,0.0,1.0,0.5,tpr,0.0
libri2,libri2,white,0.0,1.0,0.55,tpr,0.0
libri2,libri2,white,5.0,0.0,0.2,tpr,1.0
libri2,libri2,white,5.0,0.0,0.25,tpr,1.0
libri2,libri2,white,5.0,0.0,0.3,tpr,1.0
libri2,libri2,white,5.0,0.0,0.35,tpr,1.0
libri2,libri2,white,5.0,0.0,0.4,tpr,1.0
libri2,libri2,white,5.0,0.0,0.45,tpr,1.0
libri2,libri2,white,5.0,0.0,0.5,tpr,1.0
libri2,libri2,white,5.0,0.0,0.55,tpr,0.9732
libri2,libri2,white,5.0,0.1,0.2,tpr,1.0
libri2,libri2,white,5.0,0.1,0.25,tpr,1.0
libri2,libri2,white,5.0,0.1,0.3,tpr,1.0
libri2,libri2,white,5.0,0.1,0.35,tpr,1.0
libri2,libri2,white,5.0,0.1,0.4,tpr,1.0
libri2,libri2,white,5.0,0.1,0.45,tpr,1.0
libri2,libri2,white,5.0,0.1,0.5,tpr,1.0
libri2,libri2,white,5.0,0.1,0.55,tpr,0.9732
libri2,libri2,white,5.0,0.2,0.2,tpr,1.0
libri2,libri2,white,5.0,0.2,0.25,tpr,1.0
libri2,libri2,white,5.0,0.2,0.3,tpr,1.0
libri2,libri2,white,5.0,0.2,0.35,tpr,1.0
libri2,libri2,white,5.0,0.2,0.4,tpr,1.0
libri2,libri2,white,5.0,0.2,0.45,tpr,1.0
libri2,libri2,white,5.0,0.2,0.5,tpr,1.0
libri2,libri2,white,5.0,0.2,0.55,tpr,0.9732
libri2,libri2,white,5.0,0.3,0.2,tpr,1.0
libri2,libri2,white,5.0,0.3,0.25,tpr,1.0
libri2,libri2,white,5.0,0.3,0.3,tpr,1.0
libri2,libri2,white,5.0,0.3,0.35,tpr,1.0
libri2,libri2,white,5.0,0.3,0.4,tpr,1.0
libri2,libri2,white,5.0,0.3,0.45,tpr,1.0
libri2,libri2,white,5.0,0.3,0.5,tpr,1.0
libri2,libri2,white,5.0,0.3,0.55,tpr,0.9732
libri2,libri2,white,5.0,0.4,0.2,tpr,1.0
libri2,libri2,white,5.0,0.4,0.25,tpr,1.0
libri2,libri2,white,5.0,0.4,0.3,tpr,1.0
libri2,libri2,white,5.0,0.4,0.35,tpr,1.0
libri2,libri2,white,5.0,0.4,0.4,tpr,1.0
libri2,libri2,white,5.0,0.4,0.45,tpr,1.0
libri2,libri2,white,5.0,0.4,0.5,tpr,0.9732
libri2,libri2,white,5.0,0.4,0.55,tpr,0.9732
libri2,libri2,white,5.0,0.5,0.2,tpr,1.0
libri2,libri2,white,5.0,0.5,0.25,tpr,1.0
libri2,libri2,white,5.0,0.5,0.3,tpr,1.0
libri2,libri2,white,5.0,0.5,0.35,tpr,1.0
libri2,libri2,white,5.0,0.5,0.4,tpr,1.0
libri2,libri2,white,5.0,0.5,0.45,tpr,1.0
libri2,libri2,white,5.0,0.5,0.5,tpr,0.9732
libri2,libri2,white,5.0,0.5,0.55,tpr,0.7625
libri2,libri2,white,5.0,0.6,0.2,tpr,1.0
libri2,libri2,white,5.0,0.6,0.25,tpr,1.0
libri2,libri2,white,5.0,0.6,0.3,tpr,1.0
libri2,libri2,white,5.0,0.6,0.35,tpr,1.0
libri2,libri2,white,5.0,0.6,0.4,tpr,1.0
libri2,libri2,white,5.0,0.6,0.45,tpr,0.8812
libri2,libri2,white,5.0,0.6,0.5,tpr,0.8544
libri2,libri2,white,5.0,0.6,0.55,tpr,0.7318
libri2,libri2,white,5.0,0.7,0.2,tpr,1.0
libri2,libri2,white,5.0,0.7,0.25,tpr,1.0
libri2,libri2,white,5.0,0.7,0.3,tpr,1.0
libri2,libri2,white,5.0,0.7,0.35,tpr,0.8812
libri2,libri2,white,5.0,0.7,0.4,tpr,0.8812
libri2,libri2,white,5.0,0.7,0.45,tpr,0.8544
libri2,libri2,white,5.0,0.7,0.5,tpr,0.6705
libri2,libri2,white,5.0,0.7,0.55,tpr,0.4943
libri2,libri2,white,5.0,0.8,0.2,tpr,1.0
libri2,libri2,white,5.0,0.8,0.25,tpr,0.8812
libri2,libri2,white,5.0,0.8,0.3,tpr,0.8812
libri2,libri2,white,5.0,0.8,0.35,tpr,0.8812
libri2,libri2,white,5.0,0.8,0.4,tpr,0.8812
libri2,libri2,white,5.0,0.8,0.45,tpr,0.7663
libri2,libri2,white,5.0,0.8,0.5,tpr,0.5479
libri2,libri2,white,5.0,0.8,0.55,tpr,0.3372
libri2,libri2,white,5.0,0.9,0.2,tpr,0.8812
libri2,libri2,white,5.0,0.9,0.25,tpr,0.8812
libri2,libri2,white,5.0,0.9,0.3,tpr,0.8812
libri2,libri2,white,5.0,0.9,0.35,tpr,0.8812
libri2,libri2,white,5.0,0.9,0.4,tpr,0.7931
libri2,libri2,white,5.0,0.9,0.45,tpr,0.5785
libri2,libri2,white,5.0,0.9,0.5,tpr,0.3065
libri2,libri2,white,5.0,0.9,0.55,tpr,0.0651
libri2,libri2,white,5.0,1.0,0.2,tpr,0.8812
libri2,libri2,white,5.0,1.0,0.25,tpr,0.8812
libri2,libri2,white,5.0,1.0,0.3,tpr,0.8812
libri2,libri2,white,5.0,1.0,0.35,tpr,0.7931
libri2,libri2,white,5.0,1.0,0.4,tpr,0.6437
libri2,libri2,white,5.0,1.0,0.45,tpr,0.364
libri2,libri2,white,5.0,1.0,0.5,tpr,0.1801
libri2,libri2,white,5.0,1.0,0.55,tpr,0.0
libri2,libri2,white,10.0,0.0,0.2,tpr,1.0
libri2,libri2,white,10.0,0.0,0.25,tpr,1.0
libri2,libri2,white,10.0,0.0,0.3,tpr,1.0
libri2,libri2,white,10.0,0.0,0.35,tpr,1.0
libri2,libri2,white,10.0,0.0,0.4,tpr,1.0
libri2,libri2,white,10.0,0.0,0.45,tpr,1.0
libri2,libri2,white,10.0,0.0,0.5,tpr,1.0
libri2,libri2,white,10.0,0.0,0.55,tpr,0.9732
libri2,libri2,white,10.0,0.1,0.2,tpr,1.0
libri2,libri2,white,10.0,0.1,0.25,tpr,1.0
libri2,libri2,white,10.0,0.1,0.3,tpr,1.0
libri2,libri2,white,10.0,0.1,0.35,tpr,1.0
libri2,libri2,white,10.0,0.1,0.4,tpr,1.0
libri2,libri2,white,10.0,0.1,0.45,tpr,1.0
libri2,libri2,white,10.0,0.1,0.5,tpr,1.0
libri2,libri2,white,10.0,0.1,0.55,tpr,0.9732
libri2,libri2,white,10.0,0.2,0.2,tpr,1.0
libri2,libri2,white,10.0,0.2,0.25,tpr,1.0
libri2,libri2,white,10.0,0.2,0.3,tpr,1.0
libri2,libri2,white,10.0,0.2,0.35,tpr,1.0
libri2,libri2,white,10.0,0.2,0.4,tpr,1.0
libri2,libri2,white,10.0,0.2,0.45,tpr,1.0
libri2,libri2,white,10.0,0.2,0.5,tpr,1.0
libri2,libri2,white,10.0,0.2,0.55,tpr,0.9732
libri2,libri2,white,10.0,0.3,0.2,tpr,1.0
libri2,libri2,white,10.0,0.3,0.25,tpr,1.0
libri2,libri2,white,10.0,0.3,0.3,tpr,1.0
libri2,libri2,white,10.0,0.3,0.35,tpr,1.0
libri2,libri2,white,10.0,0.3,0.4,tpr,1.0
libri2,libri2,white,10.0,0.3,0.45,tpr,1.0
libri2,libri2,white,10.0,0.3,0.5,tpr,1.0
libri2,libri2,white,10.0,0.3,0.55,tpr,0.9732
libri2,libri2,white,10.0,0.4,0.2,tpr,1.0
libri2,libri2,white,10.0,0.4,0.25,tpr,1.0
libri2,libri2,white,10.0,0.4,0.3,tpr,1.0
libri2,libri2,white,10.0,0.4,0.35,tpr,1.0
libri2,libri2,white,10.0,0.4,0.4,tpr,1.0
libri2,libri2,white,10.0,0.4,0.45,tpr,1.0
libri2,libri2,white,10.0,0.4,0.5,tpr,1.0
libri2,libri2,white,10.0,0.4,0.55,tpr,0.9732
libri2,libri2,white,10.0,0.5,0.2,tpr,1.0
libri2,libri2,white,10.0,0.5,0.25,tpr,1.0
libri2,libri2,white,10.0,0.5,0.3,tpr,1.0
libri2,libri2,white,10.0,0.5,0.35,tpr,1.0
libri2,libri2,white,10.0,0.5,0.4,tpr,1.0
libri2,libri2,white,10.0,0.5,0.45,tpr,1.0
libri2,libri2,white,10.0,0.5,0.5,tpr,1.0
libri2,libri2,white,10.0,0.5,0.55,tpr,0.8276
libri2,libri2,white,10.0,0.6,0.2,tpr,1.0
libri2,libri2,white,10.0,0.6,0.25,tpr,1.0
libri2,libri2,white,10.0,0.6,0.3,tpr,1.0
libri2,libri2,white,10.0,0.6,0.35,tpr,1.0
libri2,libri2,white,10.0,0.6,0.4,tpr,1.0
libri2,libri2,white,10.0,0.6,0.45,tpr,0.8812
libri2,libri2,white,10.0,0.6,0.5,tpr,0.8812
libri2,libri2,white,10.0,0.6,0.55,tpr,0.6552
libri2,libri2,white,10.0,0.7,0.2,tpr,1.0
libri2,libri2,white,10.0,0.7,0.25,tpr,1.0
libri2,libri2,white,10.0,0.7,0.3,tpr,1.0
libri2,libri2,white,10.0,0.7,0.35,tpr,0.8812
libri2,libri2,white,10.0,0.7,0.4,tpr,0.8812
libri2,libri2,white,10.0,0.7,0.45,tpr,0.8812
libri2,libri2,white,10.0,0.7,0.5,tpr,0.7969
libri2,libri2,white,10.0,0.7,0.55,tpr,0.4981
libri2,libri2,white,10.0,0.8,0.2,tpr,1.0
libri2,libri2,white,10.0,0.8,0.25,tpr,0.8812
libri2,libri2,white,10.0,0.8,0.3,tpr,0.8812
libri2,libri2,white,10.0,0.8,0.35,tpr,0.8812
libri2,libri2,white,10.0,0.8,0.4,tpr,0.8812
libri2,libri2,white,10.0,0.8,0.45,tpr,0.8544
libri2,libri2,white,10.0,0.8,0.5,tpr,0.6513
libri2,libri2,white,10.0,0.8,0.55,tpr,0.3448
libri2,libri2,white,10.0,0.9,0.2,tpr,0.8812
libri2,libri2,white,10.0,0.9,0.25,tpr,0.8812
libri2,libri2,white,10.0,0.9,0.3,tpr,0.8812
libri2,libri2,white,10.0,0.9,0.35,tpr,0.8812
libri2,libri2,white,10.0,0.9,0.4,tpr,0.8238
libri2,libri2,white,10.0,0.9,0.45,tpr,0.6743
libri2,libri2,white,10.0,0.9,0.5,tpr,0.4713
libri2,libri2,white,10.0,0.9,0.55,tpr,0.0958
libri2,libri2,white,10.0,1.0,0.2,tpr,0.8812
libri2,libri2,white,10.0,1.0,0.25,tpr,0.8812
libri2,libri2,white,10.0,1.0,0.3,tpr,0.8812
libri2,libri2,white,10.0,1.0,0.35,tpr,0.8238
libri2,libri2,white,10.0,1.0,0.4,tpr,0.7625
libri2,libri2,white,10.0,1.0,0.45,tpr,0.5326
libri2,libri2,white,10.0,1.0,0.5,tpr,0.2261
libri2,libri2,white,10.0,1.0,0.55,tpr,0.0
libri2,libri2,white,15.0,0.0,0.2,tpr,1.0
libri2,libri2,white,15.0,0.0,0.25,tpr,1.0
libri2,libri2,white,15.0,0.0,0.3,tpr,1.0
libri2,libri2,white,15.0,0.0,0.35,tpr,1.0
libri2,libri2,white,15.0,0.0,0.4,tpr,1.0
libri2,libri2,white,15.0,0.0,0.45,tpr,1.0
libri2,libri2,white,15.0,0.0,0.5,tpr,1.0
libri2,libri2,white,15.0,0.0,0.55,tpr,0.9732
libri2,libri2,white,15.0,0.1,0.2,tpr,1.0
libri2,libri2,white,15.0,0.1,0.25,tpr,1.0
libri2,libri2,white,15.0,0.1,0.3,tpr,1.0
libri2,libri2,white,15.0,0.1,0.35,tpr,1.0
libri2,libri2,white,15.0,0.1,0.4,tpr,1.0
libri2,libri2,white,15.0,0.1,0.45,tpr,1.0
libri2,libri2,white,15.0,0.1,0.5,tpr,1.0
libri2,libri2,white,15.0,0.1,0.55,tpr,0.9732
libri2,libri2,white,15.0,0.2,0.2,tpr,1.0
libri2,libri2,white,15.0,0.2,0.25,tpr,1.0
libri2,libri2,white,15.0,0.2,0.3,tpr,1.0
libri2,libri2,white,15.0,0.2,0.35,tpr,1.0
libri2,libri2,white,15.0,0.2,0.4,tpr,1.0
libri2,libri2,white,15.0,0.2,0.45,tpr,1.0
libri2,libri2,white,15.0,0.2,0.5,tpr,1.0
libri2,libri2,white,15.0,0.2,0.55,tpr,0.9732
libri2,libri2,white,15.0,0.3,0.2,tpr,1.0
libri2,libri2,white,15.0,0.3,0.25,tpr,1.0
libri2,libri2,white,15.0,0.3,0.3,tpr,1.0
libri2,libri2,white,15.0,0.3,0.35,tpr,1.0
libri2,libri2,white,15.0,0.3,0.4,tpr,1.0
libri2,libri2,white,15.0,0.3,0.45,tpr,1.0
libri2,libri2,white,15.0,0.3,0.5,tpr,1.0
libri2,libri2,white,15.0,0.3,0.55,tpr,0.9732
libri2,libri2,white,15.0,0.4,0.2,tpr,1.0
libri2,libri2,white,15.0,0.4,0.25,tpr,1.0
libri2,libri2,white,15.0,0.4,0.3,tpr,1.0
libri2,libri2,white,15.0,0.4,0.35,tpr,1.0
libri2,libri2,white,15.0,0.4,0.4,tpr,1.0
libri2,libri2,white,15.0,0.4,0.45,tpr,1.0
libri2,libri2,white,15.0,0.4,0.5,tpr,1.0
libri2,libri2,white,15.0,0.4,0.55,tpr,0.9732
libri2,libri2,white,15.0,0.5,0.2,tpr,1.0
libri2,libri2,white,15.0,0.5,0.25,tpr,1.0
libri2,libri2,white,15.0,0.5,0.3,tpr,1.0
libri2,libri2,white,15.0,0.5,0.35,tpr,1.0
libri2,libri2,white,15.0,0.5,0.4,tpr,1.0
libri2,libri2,white,15.0,0.5,0.45,tpr,1.0
libri2,libri2,white,15.0,0.5,0.5,tpr,1.0
libri2,libri2,white,15.0,0.5,0.55,tpr,0.8544
libri2,libri2,white,15.0,0.6,0.2,tpr,1.0
libri2,libri2,white,15.0,0.6,0.25,tpr,1.0
libri2,libri2,white,15.0,0.6,0.3,tpr,1.0
libri2,libri2,white,15.0,0.6,0.35,tpr,1.0
libri2,libri2,white,15.0,0.6,0.4,tpr,1.0
libri2,libri2,white,15.0,0.6,0.45,tpr,0.8812
libri2,libri2,white,15.0,0.6,0.5,tpr,0.8812
libri2,libri2,white,15.0,0.6,0.55,tpr,0.8276
libri2,libri2,white,15.0,0.7,0.2,tpr,1.0
libri2,libri2,white,15.0,0.7,0.25,tpr,1.0
libri2,libri2,white,15.0,0.7,0.3,tpr,1.0
libri2,libri2,white,15.0,0.7,0.35,tpr,0.8812
libri2,libri2,white,15.0,0.7,0.4,tpr,0.8812
libri2,libri2,white,15.0,0.7,0.45,tpr,0.8812
libri2,libri2,white,15.0,0.7,0.5,tpr,0.8812
libri2,libri2,white,15.0,0.7,0.55,tpr,0.7395
libri2,libri2,white,15.0,0.8,0.2,tpr,1.0
libri2,libri2,white,15.0,0.8,0.25,tpr,0.8812
libri2,libri2,white,15.0,0.8,0.3,tpr,0.8812
libri2,libri2,white,15.0,0.8,0.35,tpr,0.8812
libri2,libri2,white,15.0,0.8,0.4,tpr,0.8812
libri2,libri2,white,15.0,0.8,0.45,tpr,0.8812
libri2,libri2,white,15.0,0.8,0.5,tpr,0.8544
libri2,libri2,white,15.0,0.8,0.55,tpr,0.5824
libri2,libri2,white,15.0,0.9,0.2,tpr,0.8812
libri2,libri2,white,15.0,0.9,0.25,tpr,0.8812
libri2,libri2,white,15.0,0.9,0.3,tpr,0.8812
libri2,libri2,white,15.0,0.9,0.35,tpr,0.8812
libri2,libri2,white,15.0,0.9,0.4,tpr,0.8812
libri2,libri2,white,15.0,0.9,0.45,tpr,0.8812
libri2,libri2,white,15.0,0.9,0.5,tpr,0.705
libri2,libri2,white,15.0,0.9,0.55,tpr,0.3103
libri2,libri2,white,15.0,1.0,0.2,tpr,0.8812
libri2,libri2,white,15.0,1.0,0.25,tpr,0.8812
libri2,libri2,white,15.0,1.0,0.3,tpr,0.8812
libri2,libri2,white,15.0,1.0,0.35,tpr,0.8812
libri2,libri2,white,15.0,1.0,0.4,tpr,0.8812
libri2,libri2,white,15.0,1.0,0.45,tpr,0.705
libri2,libri2,white,15.0,1.0,0.5,tpr,0.4636
libri2,libri2,white,15.0,1.0,0.55,tpr,0.1188
libri2,libri2,white,20.0,0.0,0.2,tpr,1.0
libri2,libri2,white,20.0,0.0,0.25,tpr,1.0
libri2,libri2,white,20.0,0.0,0.3,tpr,1.0
libri2,libri2,white,20.0,0.0,0.35,tpr,1.0
libri2,libri2,white,20.0,0.0,0.4,tpr,1.0
libri2,libri2,white,20.0,0.0,0.45,tpr,1.0
libri2,libri2,white,20.0,0.0,0.5,tpr,1.0
libri2,libri2,white,20.0,0.0,0.55,tpr,0.9732
libri2,libri2,white,20.0,0.1,0.2,tpr,1.0
libri2,libri2,white,20.0,0.1,0.25,tpr,1.0
libri2,libri2,white,20.0,0.1,0.3,tpr,1.0
libri2,libri2,white,20.0,0.1,0.35,tpr,1.0
libri2,libri2,white,20.0,0.1,0.4,tpr,1.0
libri2,libri2,white,20.0,0.1,0.45,tpr,1.0
libri2,libri2,white,20.0,0.1,0.5,tpr,1.0
libri2,libri2,white,20.0,0.1,0.55,tpr,1.0
libri2,libri2,white,20.0,0.2,0.2,tpr,1.0
libri2,libri2,white,20.0,0.2,0.25,tpr,1.0
libri2,libri2,white,20.0,0.2,0.3,tpr,1.0
libri2,libri2,white,20.0,0.2,0.35,tpr,1.0
libri2,libri2,white,20.0,0.2,0.4,tpr,1.0
libri2,libri2,white,20.0,0.2,0.45,tpr,1.0
libri2,libri2,white,20.0,0.2,0.5,tpr,1.0
libri2,libri2,white,20.0,0.2,0.55,tpr,1.0
libri2,libri2,white,20.0,0.3,0.2,tpr,1.0
libri2,libri2,white,20.0,0.3,0.25,tpr,1.0
libri2,libri2,white,20.0,0.3,0.3,tpr,1.0
libri2,libri2,white,20.0,0.3,0.35,tpr,1.0
libri2,libri2,white,20.0,0.3,0.4,tpr,1.0
libri2,libri2,white,20.0,0.3,0.45,tpr,1.0
libri2,libri2,white,20.0,0.3,0.5,tpr,1.0
libri2,libri2,white,20.0,0.3,0.55,tpr,1.0
libri2,libri2,white,20.0,0.4,0.2,tpr,1.0
libri2,libri2,white,20.0,0.4,0.25,tpr,1.0
libri2,libri2,white,20.0,0.4,0.3,tpr,1.0
libri2,libri2,white,20.0,0.4,0.35,tpr,1.0
libri2,libri2,white,20.0,0.4,0.4,tpr,1.0
libri2,libri2,white,20.0,0.4,0.45,tpr,1.0
libri2,libri2,white,20.0,0.4,0.5,tpr,1.0
libri2,libri2,white,20.0,0.4,0.55,tpr,1.0
libri2,libri2,white,20.0,0.5,0.2,tpr,1.0
libri2,libri2,white,20.0,0.5,0.25,tpr,1.0
libri2,libri2,white,20.0,0.5,0.3,tpr,1.0
libri2,libri2,white,20.0,0.5,0.35,tpr,1.0
libri2,libri2,white,20.0,0.5,0.4,tpr,1.0
libri2,libri2,white,20.0,0.5,0.45,tpr,1.0
libri2,libri2,white,20.0,0.5,0.5,tpr,1.0
libri2,libri2,white,20.0,0.5,0.55,tpr,0.8812
libri2,libri2,white,20.0,0.6,0.2,tpr,1.0
libri2,libri2,white,20.0,0.6,0.25,tpr,1.0
libri2,libri2,white,20.0,0.6,0.3,tpr,1.0
libri2,libri2,white,20.0,0.6,0.35,tpr,1.0
libri2,libri2,white,20.0,0.6,0.4,tpr,1.0
libri2,libri2,white,20.0,0.6,0.45,tpr,0.8812
libri2,libri2,white,20.0,0.6,0.5,tpr,0.8812
libri2,libri2,white,20.0,0.6,0.55,tpr,0.8812
libri2,libri2,white,20.0,0.7,0.2,tpr,1.0
libri2,libri2,white,20.0,0.7,0.25,tpr,1.0
libri2,libri2,white,20.0,0.7,0.3,tpr,1.0
libri2,libri2,white,20.0,0.7,0.35,tpr,0.8812
libri2,libri2,white,20.0,0.7,0.4,tpr,0.8812
libri2,libri2,white,20.0,0.7,0.45,tpr,0.8812
libri2,libri2,white,20.0,0.7,0.5,tpr,0.8812
libri2,libri2,white,20.0,0.7,0.55,tpr,0.8812
libri2,libri2,white,20.0,0.8,0.2,tpr,1.0
libri2,libri2,white,20.0,0.8,0.25,tpr,0.8812
libri2,libri2,white,20.0,0.8,0.3,tpr,0.8812
libri2,libri2,white,20.0,0.8,0.35,tpr,0.8812
libri2,libri2,white,20.0,0.8,0.4,tpr,0.8812
libri2,libri2,white,20.0,0.8,0.45,tpr,0.8812
libri2,libri2,white,20.0,0.8,0.5,tpr,0.8812
libri2,libri2,white,20.0,0.8,0.55,tpr,0.8276
libri2,libri2,white,20.0,0.9,0.2,tpr,0.8812
libri2,libri2,white,20.0,0.9,0.25,tpr,0.8812
libri2,libri2,white,20.0,0.9,0.3,tpr,0.8812
libri2,libri2,white,20.0,0.9,0.35,tpr,0.8812
libri2,libri2,white,20.0,0.9,0.4,tpr,0.8812
libri2,libri2,white,20.0,0.9,0.45,tpr,0.8812
libri2,libri2,white,20.0,0.9,0.5,tpr,0.8544
libri2,libri2,white,20.0,0.9,0.55,tpr,0.5517
libri2,libri2,white,20.0,1.0,0.2,tpr,0.8812
libri2,libri2,white,20.0,1.0,0.25,tpr,0.8812
libri2,libri2,white,20.0,1.0,0.3,tpr,0.8812
libri2,libri2,white,20.0,1.0,0.35,tpr,0.8812
libri2,libri2,white,20.0,1.0,0.4,tpr,0.8812
libri2,libri2,white,20.0,1.0,0.45,tpr,0.8544
libri2,libri2,white,20.0,1.0,0.5,tpr,0.7088
libri2,libri2,white,20.0,1.0,0.55,tpr,0.41
libri2,libri2,pink,-5.0,0.0,0.2,tpr,1.0
libri2,libri2,pink,-5.0,0.0,0.25,tpr,1.0
libri2,libri2,pink,-5.0,0.0,0.3,tpr,1.0
libri2,libri2,pink,-5.0,0.0,0.35,tpr,1.0
libri2,libri2,pink,-5.0,0.0,0.4,tpr,1.0
libri2,libri2,pink,-5.0,0.0,0.45,tpr,1.0
libri2,libri2,pink,-5.0,0.0,0.5,tpr,1.0
libri2,libri2,pink,-5.0,0.0,0.55,tpr,1.0
libri2,libri2,pink,-5.0,0.1,0.2,tpr,1.0
libri2,libri2,pink,-5.0,0.1,0.25,tpr,1.0
libri2,libri2,pink,-5.0,0.1,0.3,tpr,1.0
libri2,libri2,pink,-5.0,0.1,0.35,tpr,1.0
libri2,libri2,pink,-5.0,0.1,0.4,tpr,1.0
libri2,libri2,pink,-5.0,0.1,0.45,tpr,1.0
libri2,libri2,pink,-5.0,0.1,0.5,tpr,1.0
libri2,libri2,pink,-5.0,0.1,0.55,tpr,0.9808
libri2,libri2,pink,-5.0,0.2,0.2,tpr,1.0
libri2,libri2,pink,-5.0,0.2,0.25,tpr,1.0
libri2,libri2,pink,-5.0,0.2,0.3,tpr,1.0
libri2,libri2,pink,-5.0,0.2,0.35,tpr,1.0
libri2,libri2,pink,-5.0,0.2,0.4,tpr,1.0
libri2,libri2,pink,-5.0,0.2,0.45,tpr,1.0
libri2,libri2,pink,-5.0,0.2,0.5,tpr,0.9808
libri2,libri2,pink,-5.0,0.2,0.55,tpr,0.9808
libri2,libri2,pink,-5.0,0.3,0.2,tpr,1.0
libri2,libri2,pink,-5.0,0.3,0.25,tpr,1.0
libri2,libri2,pink,-5.0,0.3,0.3,tpr,1.0
libri2,libri2,pink,-5.0,0.3,0.35,tpr,1.0
libri2,libri2,pink,-5.0,0.3,0.4,tpr,1.0
libri2,libri2,pink,-5.0,0.3,0.45,tpr,1.0
libri2,libri2,pink,-5.0,0.3,0.5,tpr,0.9808
libri2,libri2,pink,-5.0,0.3,0.55,tpr,0.9502
libri2,libri2,pink,-5.0,0.4,0.2,tpr,1.0
libri2,libri2,pink,-5.0,0.4,0.25,tpr,1.0
libri2,libri2,pink,-5.0,0.4,0.3,tpr,1.0
libri2,libri2,pink,-5.0,0.4,0.35,tpr,1.0
libri2,libri2,pink,-5.0,0.4,0.4,tpr,1.0
libri2,libri2,pink,-5.0,0.4,0.45,tpr,0.9808
libri2,libri2,pink,-5.0,0.4,0.5,tpr,0.9502
libri2,libri2,pink,-5.0,0.4,0.55,tpr,0.9502
libri2,libri2,pink,-5.0,0.5,0.2,tpr,1.0
libri2,libri2,pink,-5.0,0.5,0.25,tpr,1.0
libri2,libri2,pink,-5.0,0.5,0.3,tpr,1.0
libri2,libri2,pink,-5.0,0.5,0.35,tpr,1.0
libri2,libri2,pink,-5.0,0.5,0.4,tpr,0.9808
libri2,libri2,pink,-5.0,0.5,0.45,tpr,0.9502
libri2,libri2,pink,-5.0,0.5,0.5,tpr,0.9502
libri2,libri2,pink,-5.0,0.5,0.55,tpr,0.8314
libri2,libri2,pink,-5.0,0.6,0.2,tpr,1.0
libri2,libri2,pink,-5.0,0.6,0.25,tpr,1.0
libri2,libri2,pink,-5.0,0.6,0.3,tpr,1.0
libri2,libri2,pink,-5.0,0.6,0.35,tpr,0.9808
libri2,libri2,pink,-5.0,0.6,0.4,tpr,0.9502
libri2,libri2,pink,-5.0,0.6,0.45,tpr,0.8314
libri2,libri2,pink,-5.0,0.6,0.5,tpr,0.8046
libri2,libri2,pink,-5.0,0.6,0.55,tpr,0.6322
libri2,libri2,pink,-5.0,0.7,0.2,tpr,1.0
libri2,libri2,pink,-5.0,0.7,0.25,tpr,1.0
libri2,libri2,pink,-5.0,0.7,0.3,tpr,1.0
libri2,libri2,pink,-5.0,0.7,0.35,tpr,0.8314
libri2,libri2,pink,-5.0,0.7,0.4,tpr,0.8314
libri2,libri2,pink,-5.0,0.7,0.45,tpr,0.8046
libri2,libri2,pink,-5.0,0.7,0.5,tpr,0.4713
libri2,libri2,pink,-5.0,0.7,0.55,tpr,0.0
libri2,libri2,pink,-5.0,0.8,0.2,tpr,1.0
libri2,libri2,pink,-5.0,0.8,0.25,tpr,0.8812
libri2,libri2,pink,-5.0,0.8,0.3,tpr,0.8314
libri2,libri2,pink,-5.0,0.8,0.35,tpr,0.8314
libri2,libri2,pink,-5.0,0.8,0.4,tpr,0.8046
libri2,libri2,pink,-5.0,0.8,0.45,tpr,0.318
libri2,libri2,pink,-5.0,0.8,0.5,tpr,0.0
libri2,libri2,pink,-5.0,0.8,0.55,tpr,0.0
libri2,libri2,pink,-5.0,0.9,0.2,tpr,0.8812
libri2,libri2,pink,-5.0,0.9,0.25,tpr,0.8314
libri2,libri2,pink,-5.0,0.9,0.3,tpr,0.8314
libri2,libri2,pink,-5.0,0.9,0.35,tpr,0.6858
libri2,libri2,pink,-5.0,0.9,0.4,tpr,0.2529
libri2,libri2,pink,-5.0,0.9,0.45,tpr,0.0
libri2,libri2,pink,-5.0,0.9,0.5,tpr,0.0
libri2,libri2,pink,-5.0,0.9,0.55,tpr,0.0
libri2,libri2,pink,-5.0,1.0,0.2,tpr,0.8314
libri2,libri2,pink,-5.0,1.0,0.25,tpr,0.8314
libri2,libri2,pink,-5.0,1.0,0.3,tpr,0.6245
libri2,libri2,pink,-5.0,1.0,0.35,tpr,0.2222
libri2,libri2,pink,-5.0,1.0,0.4,tpr,0.0
libri2,libri2,pink,-5.0,1.0,0.45,tpr,0.0
libri2,libri2,pink,-5.0,1.0,0.5,tpr,0.0
libri2,libri2,pink,-5.0,1.0,0.55,tpr,0.0
libri2,libri2,pink,0.0,0.0,0.2,tpr,1.0
libri2,libri2,pink,0.0,0.0,0.25,tpr,1.0
libri2,libri2,pink,0.0,0.0,0.3,tpr,1.0
libri2,libri2,pink,0.0,0.0,0.35,tpr,1.0
libri2,libri2,pink,0.0,0.0,0.4,tpr,1.0
libri2,libri2,pink,0.0,0.0,0.45,tpr,1.0
libri2,libri2,pink,0.0,0.0,0.5,tpr,1.0
libri2,libri2,pink,0.0,0.0,0.55,tpr,1.0
libri2,libri2,pink,0.0,0.1,0.2,tpr,1.0
libri2,libri2,pink,0.0,0.1,0.25,tpr,1.0
libri2,libri2,pink,0.0,0.1,0.3,tpr,1.0
libri2,libri2,pink,0.0,0.1,0.35,tpr,1.0
libri2,libri2,pink,0.0,0.1,0.4,tpr,1.0
libri2,libri2,pink,0.0,0.1,0.45,tpr,1.0
libri2,libri2,pink,0.0,0.1,0.5,tpr,1.0
libri2,libri2,pink,0.0,0.1,0.55,tpr,1.0
libri2,libri2,pink,0.0,0.2,0.2,tpr,1.0
libri2,libri2,pink,0.0,0.2,0.25,tpr,1.0
libri2,libri2,pink,0.0,0.2,0.3,tpr,1.0
libri2,libri2,pink,0.0,0.2,0.35,tpr,1.0
libri2,libri2,pink,0.0,0.2,0.4,tpr,1.0
libri2,libri2,pink,0.0,0.2,0.45,tpr,1.0
libri2,libri2,pink,0.0,0.2,0.5,tpr,1.0
libri2,libri2,pink,0.0,0.2,0.55,tpr,1.0
libri2,libri2,pink,0.0,0.3,0.2,tpr,1.0
libri2,libri2,pink,0.0,0.3,0.25,tpr,1.0
libri2,libri2,pink,0.0,0.3,0.3,tpr,1.0
libri2,libri2,pink,0.0,0.3,0.35,tpr,1.0
libri2,libri2,pink,0.0,0.3,0.4,tpr,1.0
libri2,libri2,pink,0.0,0.3,0.45,tpr,1.0
libri2,libri2,pink,0.0,0.3,0.5,tpr,1.0
libri2,libri2,pink,0.0,0.3,0.55,tpr,1.0
libri2,libri2,pink,0.0,0.4,0.2,tpr,1.0
libri2,libri2,pink,0.0,0.4,0.25,tpr,1.0
libri2,libri2,pink,0.0,0.4,0.3,tpr,1.0
libri2,libri2,pink,0.0,0.4,0.35,tpr,1.0
libri2,libri2,pink,0.0,0.4,0.4,tpr,1.0
libri2,libri2,pink,0.0,0.4,0.45,tpr,1.0
libri2,libri2,pink,0.0,0.4,0.5,tpr,1.0
libri2,libri2,pink,0.0,0.4,0.55,tpr,1.0
libri2,libri2,pink,0.0,0.5,0.2,tpr,1.0
libri2,libri2,pink,0.0,0.5,0.25,tpr,1.0
libri2,libri2,pink,0.0,0.5,0.3,tpr,1.0
libri2,libri2,pink,0.0,0.5,0.35,tpr,1.0
libri2,libri2,pink,0.0,0.5,0.4,tpr,1.0
libri2,libri2,pink,0.0,0.5,0.45,tpr,1.0
libri2,libri2,pink,0.0,0.5,0.5,tpr,1.0
libri2,libri2,pink,0.0,0.5,0.55,tpr,0.8812
libri2,libri2,pink,0.0,0.6,0.2,tpr,1.0
libri2,libri2,pink,0.0,0.6,0.25,tpr,1.0
libri2,libri2,pink,0.0,0.6,0.3,tpr,1.0
libri2,libri2,pink,0.0,0.6,0.35,tpr,1.0
libri2,libri2,pink,0.0,0.6,0.4,tpr,1.0
libri2,libri2,pink,0.0,0.6,0.45,tpr,0.8812
libri2,libri2,pink,0.0,0.6,0.5,tpr,0.8544
libri2,libri2,pink,0.0,0.6,0.55,tpr,0.7356
libri2,libri2,pink,0.0,0.7,0.2,tpr,1.0
libri2,libri2,pink,0.0,0.7,0.25,tpr,1.0
libri2,libri2,pink,0.0,0.7,0.3,tpr,1.0
libri2,libri2,pink,0.0,0.7,0.35,tpr,0.8812
libri2,libri2,pink,0.0,0.7,0.4,tpr,0.8812
libri2,libri2,pink,0.0,0.7,0.45,tpr,0.8238
libri2,libri2,pink,0.0,0.7,0.5,tpr,0.705
libri2,libri2,pink,0.0,0.7,0.55,tpr,0.3103
libri2,libri2,pink,0.0,0.8,0.2,tpr,1.0
libri2,libri2,pink,0.0,0.8,0.25,tpr,0.8812
libri2,libri2,pink,0.0,0.8,0.3,tpr,0.8812
libri2,libri2,pink,0.0,0.8,0.35,tpr,0.8812
libri2,libri2,pink,0.0,0.8,0.4,tpr,0.7625
libri2,libri2,pink,0.0,0.8,0.45,tpr,0.6743
libri2,libri2,pink,0.0,0.8,0.5,tpr,0.341
libri2,libri2,pink,0.0,0.8,0.55,tpr,0.0881
libri2,libri2,pink,0.0,0.9,0.2,tpr,0.8812
libri2,libri2,pink,0.0,0.9,0.25,tpr,0.8812
libri2,libri2,pink,0.0,0.9,0.3,tpr,0.8544
libri2,libri2,pink,0.0,0.9,0.35,tpr,0.7931
libri2,libri2,pink,0.0,0.9,0.4,tpr,0.705
libri2,libri2,pink,0.0,0.9,0.45,tpr,0.3755
libri2,libri2,pink,0.0,0.9,0.5,tpr,0.0881
libri2,libri2,pink,0.0,0.9,0.55,tpr,0.0
libri2,libri2,pink,0.0,1.0,0.2,tpr,0.8812
libri2,libri2,pink,0.0,1.0,0.25,tpr,0.7931
libri2,libri2,pink,0.0,1.0,0.3,tpr,0.7931
libri2,libri2,pink,0.0,1.0,0.35,tpr,0.705
libri2,libri2,pink,0.0,1.0,0.4,tpr,0.249
libri2,libri2,pink,0.0,1.0,0.45,tpr,0.0881
libri2,libri2,pink,0.0,1.0,0.5,tpr,0.0
libri2,libri2,pink,0.0,1.0,0.55,tpr,0.0
libri2,libri2,pink,5.0,0.0,0.2,tpr,1.0
libri2,libri2,pink,5.0,0.0,0.25,tpr,1.0
libri2,libri2,pink,5.0,0.0,0.3,tpr,1.0
libri2,libri2,pink,5.0,0.0,0.35,tpr,1.0
libri2,libri2,pink,5.0,0.0,0.4,tpr,1.0
libri2,libri2,pink,5.0,0.0,0.45,tpr,1.0
libri2,libri2,pink,5.0,0.0,0.5,tpr,1.0
libri2,libri2,pink,5.0,0.0,0.55,tpr,0.9732
libri2,libri2,pink,5.0,0.1,0.2,tpr,1.0
libri2,libri2,pink,5.0,0.1,0.25,tpr,1.0
libri2,libri2,pink,5.0,0.1,0.3,tpr,1.0
libri2,libri2,pink,5.0,0.1,0.35,tpr,1.0
libri2,libri2,pink,5.0,0.1,0.4,tpr,1.0
libri2,libri2,pink,5.0,0.1,0.45,tpr,1.0
libri2,libri2,pink,5.0,0.1,0.5,tpr,1.0
libri2,libri2,pink,5.0,0.1,0.55,tpr,0.9732
libri2,libri2,pink,5.0,0.2,0.2,tpr,1.0
libri2,libri2,pink,5.0,0.2,0.25,tpr,1.0
libri2,libri2,pink,5.0,0.2,0.3,tpr,1.0
libri2,libri2,pink,5.0,0.2,0.35,tpr,1.0
libri2,libri2,pink,5.0,0.2,0.4,tpr,1.0
libri2,libri2,pink,5.0,0.2,0.45,tpr,1.0
libri2,libri2,pink,5.0,0.2,0.5,tpr,1.0
libri2,libri2,pink,5.0,0.2,0.55,tpr,0.9732
libri2,libri2,pink,5.0,0.3,0.2,tpr,1.0
libri2,libri2,pink,5.0,0.3,0.25,tpr,1.0
libri2,libri2,pink,5.0,0.3,0.3,tpr,1.0
libri2,libri2,pink,5.0,0.3,0.35,tpr,1.0
libri2,libri2,pink,5.0,0.3,0.4,tpr,1.0
libri2,libri2,pink,5.0,0.3,0.45,tpr,1.0
libri2,libri2,pink,5.0,0.3,0.5,tpr,1.0
libri2,libri2,pink,5.0,0.3,0.55,tpr,0.9732
libri2,libri2,pink,5.0,0.4,0.2,tpr,1.0
libri2,libri2,pink,5.0,0.4,0.25,tpr,1.0
libri2,libri2,pink,5.0,0.4,0.3,tpr,1.0
libri2,libri2,pink,5.0,0.4,0.35,tpr,1.0
libri2,libri2,pink,5.0,0.4,0.4,tpr,1.0
libri2,libri2,pink,5.0,0.4,0.45,tpr,1.0
libri2,libri2,pink,5.0,0.4,0.5,tpr,1.0
libri2,libri2,pink,5.0,0.4,0.55,tpr,0.9732
libri2,libri2,pink,5.0,0.5,0.2,tpr,1.0
libri2,libri2,pink,5.0,0.5,0.25,tpr,1.0
libri2,libri2,pink,5.0,0.5,0.3,tpr,1.0
libri2,libri2,pink,5.0,0.5,0.35,tpr,1.0
libri2,libri2,pink,5.0,0.5,0.4,tpr,1.0
libri2,libri2,pink,5.0,0.5,0.45,tpr,1.0
libri2,libri2,pink,5.0,0.5,0.5,tpr,1.0
libri2,libri2,pink,5.0,0.5,0.55,tpr,0.7931
libri2,libri2,pink,5.0,0.6,0.2,tpr,1.0
libri2,libri2,pink,5.0,0.6,0.25,tpr,1.0
libri2,libri2,pink,5.0,0.6,0.3,tpr,1.0
libri2,libri2,pink,5.0,0.6,0.35,tpr,1.0
libri2,libri2,pink,5.0,0.6,0.4,tpr,1.0
libri2,libri2,pink,5.0,0.6,0.45,tpr,0.8812
libri2,libri2,pink,5.0,0.6,0.5,tpr,0.8812
libri2,libri2,pink,5.0,0.6,0.55,tpr,0.7318
libri2,libri2,pink,5.0,0.7,0.2,tpr,1.0
libri2,libri2,pink,5.0,0.7,0.25,tpr,1.0
libri2,libri2,pink,5.0,0.7,0.3,tpr,1.0
libri2,libri2,pink,5.0,0.7,0.35,tpr,0.8812
libri2,libri2,pink,5.0,0.7,0.4,tpr,0.8812
libri2,libri2,pink,5.0,0.7,0.45,tpr,0.8812
libri2,libri2,pink,5.0,0.7,0.5,tpr,0.8238
libri2,libri2,pink,5.0,0.7,0.55,tpr,0.6782
libri2,libri2,pink,5.0,0.8,0.2,tpr,1.0
libri2,libri2,pink,5.0,0.8,0.25,tpr,0.8812
libri2,libri2,pink,5.0,0.8,0.3,tpr,0.8812
libri2,libri2,pink,5.0,0.8,0.35,tpr,0.8812
libri2,libri2,pink,5.0,0.8,0.4,tpr,0.8812
libri2,libri2,pink,5.0,0.8,0.45,tpr,0.8812
libri2,libri2,pink,5.0,0.8,0.5,tpr,0.7395
libri2,libri2,pink,5.0,0.8,0.55,tpr,0.4904
libri2,libri2,pink,5.0,0.9,0.2,tpr,0.8812
libri2,libri2,pink,5.0,0.9,0.25,tpr,0.8812
libri2,libri2,pink,5.0,0.9,0.3,tpr,0.8812
libri2,libri2,pink,5.0,0.9,0.35,tpr,0.8812
libri2,libri2,pink,5.0,0.9,0.4,tpr,0.8812
libri2,libri2,pink,5.0,0.9,0.45,tpr,0.7395
libri2,libri2,pink,5.0,0.9,0.5,tpr,0.5556
libri2,libri2,pink,5.0,0.9,0.55,tpr,0.1916
libri2,libri2,pink,5.0,1.0,0.2,tpr,0.8812
libri2,libri2,pink,5.0,1.0,0.25,tpr,0.8812
libri2,libri2,pink,5.0,1.0,0.3,tpr,0.8812
libri2,libri2,pink,5.0,1.0,0.35,tpr,0.8544
libri2,libri2,pink,5.0,1.0,0.4,tpr,0.7969
libri2,libri2,pink,5.0,1.0,0.45,tpr,0.5364
libri2,libri2,pink,5.0,1.0,0.5,tpr,0.3218
libri2,libri2,pink,5.0,1.0,0.55,tpr,0.1609
libri2,libri2,pink,10.0,0.0,0.2,tpr,1.0
libri2,libri2,pink,10.0,0.0,0.25,tpr,1.0
libri2,libri2,pink,10.0,0.0,0.3,tpr,1.0
libri2,libri2,pink,10.0,0.0,0.35,tpr,1.0
libri2,libri2,pink,10.0,0.0,0.4,tpr,1.0
libri2,libri2,pink,10.0,0.0,0.45,tpr,1.0
libri2,libri2,pink,10.0,0.0,0.5,tpr,1.0
libri2,libri2,pink,10.0,0.0,0.55,tpr,0.9732
libri2,libri2,pink,10.0,0.1,0.2,tpr,1.0
libri2,libri2,pink,10.0,0.1,0.25,tpr,1.0
libri2,libri2,pink,10.0,0.1,0.3,tpr,1.0
libri2,libri2,pink,10.0,0.1,0.35,tpr,1.0
libri2,libri2,pink,10.0,0.1,0.4,tpr,1.0
libri2,libri2,pink,10.0,0.1,0.45,tpr,1.0
libri2,libri2,pink,10.0,0.1,0.5,tpr,1.0
libri2,libri2,pink,10.0,0.1,0.55,tpr,1.0
libri2,libri2,pink,10.0,0.2,0.2,tpr,1.0
libri2,libri2,pink,10.0,0.2,0.25,tpr,1.0
libri2,libri2,pink,10.0,0.2,0.3,tpr,1.0
libri2,libri2,pink,10.0,0.2,0.35,tpr,1.0
libri2,libri2,pink,10.0,0.2,0.4,tpr,1.0
libri2,libri2,pink,10.0,0.2,0.45,tpr,1.0
libri2,libri2,pink,10.0,0.2,0.5,tpr,1.0
libri2,libri2,pink,10.0,0.2,0.55,tpr,1.0
libri2,libri2,pink,10.0,0.3,0.2,tpr,1.0
libri2,libri2,pink,10.0,0.3,0.25,tpr,1.0
libri2,libri2,pink,10.0,0.3,0.3,tpr,1.0
libri2,libri2,pink,10.0,0.3,0.35,tpr,1.0
libri2,libri2,pink,10.0,0.3,0.4,tpr,1.0
libri2,libri2,pink,10.0,0.3,0.45,tpr,1.0
libri2,libri2,pink,10.0,0.3,0.5,tpr,1.0
libri2,libri2,pink,10.0,0.3,0.55,tpr,1.0
libri2,libri2,pink,10.0,0.4,0.2,tpr,1.0
libri2,libri2,pink,10.0,0.4,0.25,tpr,1.0
libri2,libri2,pink,10.0,0.4,0.3,tpr,1.0
libri2,libri2,pink,10.0,0.4,0.35,tpr,1.0
libri2,libri2,pink,10.0,0.4,0.4,tpr,1.0
libri2,libri2,pink,10.0,0.4,0.45,tpr,1.0
libri2,libri2,pink,10.0,0.4,0.5,tpr,1.0
libri2,libri2,pink,10.0,0.4,0.55,tpr,1.0
libri2,libri2,pink,10.0,0.5,0.2,tpr,1.0
libri2,libri2,pink,10.0,0.5,0.25,tpr,1.0
libri2,libri2,pink,10.0,0.5,0.3,tpr,1.0
libri2,libri2,pink,10.0,0.5,0.35,tpr,1.0
libri2,libri2,pink,10.0,0.5,0.4,tpr,1.0
libri2,libri2,pink,10.0,0.5,0.45,tpr,1.0
libri2,libri2,pink,10.0,0.5,0.5,tpr,1.0
libri2,libri2,pink,10.0,0.5,0.55,tpr,0.8812
libri2,libri2,pink,10.0,0.6,0.2,tpr,1.0
libri2,libri2,pink,10.0,0.6,0.25,tpr,1.0
libri2,libri2,pink,10.0,0.6,0.3,tpr,1.0
libri2,libri2,pink,10.0,0.6,0.35,tpr,1.0
libri2,libri2,pink,10.0,0.6,0.4,tpr,1.0
libri2,libri2,pink,10.0,0.6,0.45,tpr,0.8812
libri2,libri2,pink,10.0,0.6,0.5,tpr,0.8812
libri2,libri2,pink,10.0,0.6,0.55,tpr,0.8544
libri2,libri2,pink,10.0,0.7,0.2,tpr,1.0
libri2,libri2,pink,10.0,0.7,0.25,tpr,1.0
libri2,libri2,pink,10.0,0.7,0.3,tpr,1.0
libri2,libri2,pink,10.0,0.7,0.35,tpr,0.8812
libri2,libri2,pink,10.0,0.7,0.4,tpr,0.8812
libri2,libri2,pink,10.0,0.7,0.45,tpr,0.8812
libri2,libri2,pink,10.0,0.7,0.5,tpr,0.8812
libri2,libri2,pink,10.0,0.7,0.55,tpr,0.8008
libri2,libri2,pink,10.0,0.8,0.2,tpr,1.0
libri2,libri2,pink,10.0,0.8,0.25,tpr,0.8812
libri2,libri2,pink,10.0,0.8,0.3,tpr,0.8812
libri2,libri2,pink,10.0,0.8,0.35,tpr,0.8812
libri2,libri2,pink,10.0,0.8,0.4,tpr,0.8812
libri2,libri2,pink,10.0,0.8,0.45,tpr,0.8812
libri2,libri2,pink,10.0,0.8,0.5,tpr,0.8276
libri2,libri2,pink,10.0,0.8,0.55,tpr,0.682
libri2,libri2,pink,10.0,0.9,0.2,tpr,0.8812
libri2,libri2,pink,10.0,0.9,0.25,tpr,0.8812
libri2,libri2,pink,10.0,0.9,0.3,tpr,0.8812
libri2,libri2,pink,10.0,0.9,0.35,tpr,0.8812
libri2,libri2,pink,10.0,0.9,0.4,tpr,0.8812
libri2,libri2,pink,10.0,0.9,0.45,tpr,0.8544
libri2,libri2,pink,10.0,0.9,0.5,tpr,0.7126
libri2,libri2,pink,10.0,0.9,0.55,tpr,0.5057
libri2,libri2,pink,10.0,1.0,0.2,tpr,0.8812
libri2,libri2,pink,10.0,1.0,0.25,tpr,0.8812
libri2,libri2,pink,10.0,1.0,0.3,tpr,0.8812
libri2,libri2,pink,10.0,1.0,0.35,tpr,0.8812
libri2,libri2,pink,10.0,1.0,0.4,tpr,0.8544
libri2,libri2,pink,10.0,1.0,0.45,tpr,0.7701
libri2,libri2,pink,10.0,1.0,0.5,tpr,0.5594
libri2,libri2,pink,10.0,1.0,0.55,tpr,0.1303
libri2,libri2,pink,15.0,0.0,0.2,tpr,1.0
libri2,libri2,pink,15.0,0.0,0.25,tpr,1.0
libri2,libri2,pink,15.0,0.0,0.3,tpr,1.0
libri2,libri2,pink,15.0,0.0,0.35,tpr,1.0
libri2,libri2,pink,15.0,0.0,0.4,tpr,1.0
libri2,libri2,pink,15.0,0.0,0.45,tpr,1.0
libri2,libri2,pink,15.0,0.0,0.5,tpr,1.0
libri2,libri2,pink,15.0,0.0,0.55,tpr,0.9732
libri2,libri2,pink,15.0,0.1,0.2,tpr,1.0
libri2,libri2,pink,15.0,0.1,0.25,tpr,1.0
libri2,libri2,pink,15.0,0.1,0.3,tpr,1.0
libri2,libri2,pink,15.0,0.1,0.35,tpr,1.0
libri2,libri2,pink,15.0,0.1,0.4,tpr,1.0
libri2,libri2,pink,15.0,0.1,0.45,tpr,1.0
libri2,libri2,pink,15.0,0.1,0.5,tpr,1.0
libri2,libri2,pink,15.0,0.1,0.55,tpr,1.0
libri2,libri2,pink,15.0,0.2,0.2,tpr,1.0
libri2,libri2,pink,15.0,0.2,0.25,tpr,1.0
libri2,libri2,pink,15.0,0.2,0.3,tpr,1.0
libri2,libri2,pink,15.0,0.2,0.35,tpr,1.0
libri2,libri2,pink,15.0,0.2,0.4,tpr,1.0
libri2,libri2,pink,15.0,0.2,0.45,tpr,1.0
libri2,libri2,pink,15.0,0.2,0.5,tpr,1.0
libri2,libri2,pink,15.0,0.2,0.55,tpr,1.0
libri2,libri2,pink,15.0,0.3,0.2,tpr,1.0
libri2,libri2,pink,15.0,0.3,0.25,tpr,1.0
libri2,libri2,pink,15.0,0.3,0.3,tpr,1.0
libri2,libri2,pink,15.0,0.3,0.35,tpr,1.0
libri2,libri2,pink,15.0,0.3,0.4,tpr,1.0
libri2,libri2,pink,15.0,0.3,0.45,tpr,1.0
libri2,libri2,pink,15.0,0.3,0.5,tpr,1.0
libri2,libri2,pink,15.0,0.3,0.55,tpr,1.0
libri2,libri2,pink,15.0,0.4,0.2,tpr,1.0
libri2,libri2,pink,15.0,0.4,0.25,tpr,1.0
libri2,libri2,pink,15.0,0.4,0.3,tpr,1.0
libri2,libri2,pink,15.0,0.4,0.35,tpr,1.0
libri2,libri2,pink,15.0,0.4,0.4,tpr,1.0
libri2,libri2,pink,15.0,0.4,0.45,tpr,1.0
libri2,libri2,pink,15.0,0.4,0.5,tpr,1.0
libri2,libri2,pink,15.0,0.4,0.55,tpr,1.0
libri2,libri2,pink,15.0,0.5,0.2,tpr,1.0
libri2,libri2,pink,15.0,0.5,0.25,tpr,1.0
libri2,libri2,pink,15.0,0.5,0.3,tpr,1.0
libri2,libri2,pink,15.0,0.5,0.35,tpr,1.0
libri2,libri2,pink,15.0,0.5,0.4,tpr,1.0
libri2,libri2,pink,15.0,0.5,0.45,tpr,1.0
libri2,libri2,pink,15.0,0.5,0.5,tpr,1.0
libri2,libri2,pink,15.0,0.5,0.55,tpr,0.8812
libri2,libri2,pink,15.0,0.6,0.2,tpr,1.0
libri2,libri2,pink,15.0,0.6,0.25,tpr,1.0
libri2,libri2,pink,15.0,0.6,0.3,tpr,1.0
libri2,libri2,pink,15.0,0.6,0.35,tpr,1.0
libri2,libri2,pink,15.0,0.6,0.4,tpr,1.0
libri2,libri2,pink,15.0,0.6,0.45,tpr,0.8812
libri2,libri2,pink,15.0,0.6,0.5,tpr,0.8812
libri2,libri2,pink,15.0,0.6,0.55,tpr,0.8812
libri2,libri2,pink,15.0,0.7,0.2,tpr,1.0
libri2,libri2,pink,15.0,0.7,0.25,tpr,1.0
libri2,libri2,pink,15.0,0.7,0.3,tpr,1.0
libri2,libri2,pink,15.0,0.7,0.35,tpr,0.8812
libri2,libri2,pink,15.0,0.7,0.4,tpr,0.8812
libri2,libri2,pink,15.0,0.7,0.45,tpr,0.8812
libri2,libri2,pink,15.0,0.7,0.5,tpr,0.8812
libri2,libri2,pink,15.0,0.7,0.55,tpr,0.8812
libri2,libri2,pink,15.0,0.8,0.2,tpr,1.0
libri2,libri2,pink,15.0,0.8,0.25,tpr,0.8812
libri2,libri2,pink,15.0,0.8,0.3,tpr,0.8812
libri2,libri2,pink,15.0,0.8,0.35,tpr,0.8812
libri2,libri2,pink,15.0,0.8,0.4,tpr,0.8812
libri2,libri2,pink,15.0,0.8,0.45,tpr,0.8812
libri2,libri2,pink,15.0,0.8,0.5,tpr,0.8812
libri2,libri2,pink,15.0,0.8,0.55,tpr,0.7663
libri2,libri2,pink,15.0,0.9,0.2,tpr,0.8812
libri2,libri2,pink,15.0,0.9,0.25,tpr,0.8812
libri2,libri2,pink,15.0,0.9,0.3,tpr,0.8812
libri2,libri2,pink,15.0,0.9,0.35,tpr,0.8812
libri2,libri2,pink,15.0,0.9,0.4,tpr,0.8812
libri2,libri2,pink,15.0,0.9,0.45,tpr,0.8544
libri2,libri2,pink,15.0,0.9,0.5,tpr,0.8238
libri2,libri2,pink,15.0,0.9,0.55,tpr,0.5556
libri2,libri2,pink,15.0,1.0,0.2,tpr,0.8812
libri2,libri2,pink,15.0,1.0,0.25,tpr,0.8812
libri2,libri2,pink,15.0,1.0,0.3,tpr,0.8812
libri2,libri2,pink,15.0,1.0,0.35,tpr,0.8812
libri2,libri2,pink,15.0,1.0,0.4,tpr,0.8544
libri2,libri2,pink,15.0,1.0,0.45,tpr,0.8238
libri2,libri2,pink,15.0,1.0,0.5,tpr,0.6475
libri2,libri2,pink,15.0,1.0,0.55,tpr,0.4674
libri2,libri2,pink,20.0,0.0,0.2,tpr,1.0
libri2,libri2,pink,20.0,0.0,0.25,tpr,1.0
libri2,libri2,pink,20.0,0.0,0.3,tpr,1.0
libri2,libri2,pink,20.0,0.0,0.35,tpr,1.0
libri2,libri2,pink,20.0,0.0,0.4,tpr,1.0
libri2,libri2,pink,20.0,0.0,0.45,tpr,1.0
libri2,libri2,pink,20.0,0.0,0.5,tpr,1.0
libri2,libri2,pink,20.0,0.0,0.55,tpr,0.9732
libri2,libri2,pink,20.0,0.1,0.2,tpr,1.0
libri2,libri2,pink,20.0,0.1,0.25,tpr,1.0
libri2,libri2,pink,20.0,0.1,0.3,tpr,1.0
libri2,libri2,pink,20.0,0.1,0.35,tpr,1.0
libri2,libri2,pink,20.0,0.1,0.4,tpr,1.0
libri2,libri2,pink,20.0,0.1,0.45,tpr,1.0
libri2,libri2,pink,20.0,0.1,0.5,tpr,1.0
libri2,libri2,pink,20.0,0.1,0.55,tpr,1.0
libri2,libri2,pink,20.0,0.2,0.2,tpr,1.0
libri2,libri2,pink,20.0,0.2,0.25,tpr,1.0
libri2,libri2,pink,20.0,0.2,0.3,tpr,1.0
libri2,libri2,pink,20.0,0.2,0.35,tpr,1.0
libri2,libri2,pink,20.0,0.2,0.4,tpr,1.0
libri2,libri2,pink,20.0,0.2,0.45,tpr,1.0
libri2,libri2,pink,20.0,0.2,0.5,tpr,1.0
libri2,libri2,pink,20.0,0.2,0.55,tpr,1.0
libri2,libri2,pink,20.0,0.3,0.2,tpr,1.0
libri2,libri2,pink,20.0,0.3,0.25,tpr,1.0
libri2,libri2,pink,20.0,0.3,0.3,tpr,1.0
libri2,libri2,pink,20.0,0.3,0.35,tpr,1.0
libri2,libri2,pink,20.0,0.3,0.4,tpr,1.0
libri2,libri2,pink,20.0,0.3,0.45,tpr,1.0
libri2,libri2,pink,20.0,0.3,0.5,tpr,1.0
libri2,libri2,pink,20.0,0.3,0.55,tpr,1.0
libri2,libri2,pink,20.0,0.4,0.2,tpr,1.0
libri2,libri2,pink,20.0,0.4,0.25,tpr,1.0
libri2,libri2,pink,20.0,0.4,0.3,tpr,1.0
libri2,libri2,pink,20.0,0.4,0.35,tpr,1.0
libri2,libri2,pink,20.0,0.4,0.4,tpr,1.0
libri2,libri2,pink,20.0,0.4,0.45,tpr,1.0
libri2,libri2,pink,20.0,0.4,0.5,tpr,1.0
libri2,libri2,pink,20.0,0.4,0.55,tpr,1.0
libri2,libri2,pink,20.0,0.5,0.2,tpr,1.0
libri2,libri2,pink,20.0,0.5,0.25,tpr,1.0
libri2,libri2,pink,20.0,0.5,0.3,tpr,1.0
libri2,libri2,pink,20.0,0.5,0.35,tpr,1.0
libri2,libri2,pink,20.0,0.5,0.4,tpr,1.0
libri2,libri2,pink,20.0,0.5,0.45,tpr,1.0
libri2,libri2,pink,20.0,0.5,0.5,tpr,1.0
libri2,libri2,pink,20.0,0.5,0.55,tpr,0.8812
libri2,libri2,pink,20.0,0.6,0.2,tpr,1.0
libri2,libri2,pink,20.0,0.6,0.25,tpr,1.0
libri2,libri2,pink,20.0,0.6,0.3,tpr,1.0
libri2,libri2,pink,20.0,0.6,0.35,tpr,1.0
libri2,libri2,pink,20.0,0.6,0.4,tpr,1.0
libri2,libri2,pink,20.0,0.6,0.45,tpr,0.8812
libri2,libri2,pink,20.0,0.6,0.5,tpr,0.8812
libri2,libri2,pink,20.0,0.6,0.55,tpr,0.8812
libri2,libri2,pink,20.0,0.7,0.2,tpr,1.0
libri2,libri2,pink,20.0,0.7,0.25,tpr,1.0
libri2,libri2,pink,20.0,0.7,0.3,tpr,1.0
libri2,libri2,pink,20.0,0.7,0.35,tpr,0.8812
libri2,libri2,pink,20.0,0.7,0.4,tpr,0.8812
libri2,libri2,pink,20.0,0.7,0.45,tpr,0.8812
libri2,libri2,pink,20.0,0.7,0.5,tpr,0.8812
libri2,libri2,pink,20.0,0.7,0.55,tpr,0.8544
libri2,libri2,pink,20.0,0.8,0.2,tpr,1.0
libri2,libri2,pink,20.0,0.8,0.25,tpr,0.8812
libri2,libri2,pink,20.0,0.8,0.3,tpr,0.8812
libri2,libri2,pink,20.0,0.8,0.35,tpr,0.8812
libri2,libri2,pink,20.0,0.8,0.4,tpr,0.8812
libri2,libri2,pink,20.0,0.8,0.45,tpr,0.8812
libri2,libri2,pink,20.0,0.8,0.5,tpr,0.8812
libri2,libri2,pink,20.0,0.8,0.55,tpr,0.8544
libri2,libri2,pink,20.0,0.9,0.2,tpr,0.8812
libri2,libri2,pink,20.0,0.9,0.25,tpr,0.8812
libri2,libri2,pink,20.0,0.9,0.3,tpr,0.8812
libri2,libri2,pink,20.0,0.9,0.35,tpr,0.8812
libri2,libri2,pink,20.0,0.9,0.4,tpr,0.8812
libri2,libri2,pink,20.0,0.9,0.45,tpr,0.8812
libri2,libri2,pink,20.0,0.9,0.5,tpr,0.8812
libri2,libri2,pink,20.0,0.9,0.55,tpr,0.7969
libri2,libri2,pink,20.0,1.0,0.2,tpr,0.8812
libri2,libri2,pink,20.0,1.0,0.25,tpr,0.8812
libri2,libri2,pink,20.0,1.0,0.3,tpr,0.8812
libri2,libri2,pink,20.0,1.0,0.35,tpr,0.8812
libri2,libri2,pink,20.0,1.0,0.4,tpr,0.8812
libri2,libri2,pink,20.0,1.0,0.45,tpr,0.8812
libri2,libri2,pink,20.0,1.0,0.5,tpr,0.7969
libri2,libri2,pink,20.0,1.0,0.55,tpr,0.59
libri2,libri3,white,-5.0,0.0,0.2,fpr,0.7512
libri2,libri3,white,-5.0,0.0,0.25,fpr,0.7512
libri2,libri3,white,-5.0,0.0,0.3,fpr,0.7143
libri2,libri3,white,-5.0,0.0,0.35,fpr,0.6774
libri2,libri3,white,-5.0,0.0,0.4,fpr,0.5668
libri2,libri3,white,-5.0,0.0,0.45,fpr,0.4562
libri2,libri3,white,-5.0,0.0,0.5,fpr,0.4562
libri2,libri3,white,-5.0,0.0,0.55,fpr,0.4562
libri2,libri3,white,-5.0,0.1,0.2,fpr,0.7512
libri2,libri3,white,-5.0,0.1,0.25,fpr,0.7143
libri2,libri3,white,-5.0,0.1,0.3,fpr,0.7143
libri2,libri3,white,-5.0,0.1,0.35,fpr,0.6452
libri2,libri3,white,-5.0,0.1,0.4,fpr,0.5668
libri2,libri3,white,-5.0,0.1,0.45,fpr,0.4562
libri2,libri3,white,-5.0,0.1,0.5,fpr,0.4562
libri2,libri3,white,-5.0,0.1,0.55,fpr,0.4562
libri2,libri3,white,-5.0,0.2,0.2,fpr,0.7512
libri2,libri3,white,-5.0,0.2,0.25,fpr,0.7143
libri2,libri3,white,-5.0,0.2,0.3,fpr,0.7143
libri2,libri3,white,-5.0,0.2,0.35,fpr,0.5668
libri2,libri3,white,-5.0,0.2,0.4,fpr,0.4562
libri2,libri3,white,-5.0,0.2,0.45,fpr,0.4562
libri2,libri3,white,-5.0,0.2,0.5,fpr,0.4562
libri2,libri3,white,-5.0,0.2,0.55,fpr,0.3825
libri2,libri3,white,-5.0,0.3,0.2,fpr,0.7512
libri2,libri3,white,-5.0,0.3,0.25,fpr,0.7143
libri2,libri3,white,-5.0,0.3,0.3,fpr,0.7143
libri2,libri3,white,-5.0,0.3,0.35,fpr,0.4931
libri2,libri3,white,-5.0,0.3,0.4,fpr,0.4562
libri2,libri3,white,-5.0,0.3,0.45,fpr,0.4562
libri2,libri3,white,-5.0,0.3,0.5,fpr,0.3825
libri2,libri3,white,-5.0,0.3,0.55,fpr,0.3041
libri2,libri3,white,-5.0,0.4,0.2,fpr,0.7512
libri2,libri3,white,-5.0,0.4,0.25,fpr,0.7143
libri2,libri3,white,-5.0,0.4,0.3,fpr,0.7143
libri2,libri3,white,-5.0,0.4,0.35,fpr,0.4931
libri2,libri3,white,-5.0,0.4,0.4,fpr,0.4562
libri2,libri3,white,-5.0,0.4,0.45,fpr,0.3825
libri2,libri3,white,-5.0,0.4,0.5,fpr,0.3041
libri2,libri3,white,-5.0,0.4,0.55,fpr,0.2673
libri2,libri3,white,-5.0,0.5,0.2,fpr,0.7512
libri2,libri3,white,-5.0,0.5,0.25,fpr,0.7143
libri2,libri3,white,-5.0,0.5,0.3,fpr,0.6452
libri2,libri3,white,-5.0,0.5,0.35,fpr,0.4562
libri2,libri3,white,-5.0,0.5,0.4,fpr,0.3825
libri2,libri3,white,-5.0,0.5,0.45,fpr,0.3041
libri2,libri3,white,-5.0,0.5,0.5,fpr,0.1982
libri2,libri3,white,-5.0,0.5,0.55,fpr,0.0
libri2,libri3,white,-5.0,0.6,0.2,fpr,0.7512
libri2,libri3,white,-5.0,0.6,0.25,fpr,0.7143
libri2,libri3,white,-5.0,0.6,0.3,fpr,0.4931
libri2,libri3,white,-5.0,0.6,0.35,fpr,0.3825
libri2,libri3,white,-5.0,0.6,0.4,fpr,0.3041
libri2,libri3,white,-5.0,0.6,0.45,fpr,0.0
libri2,libri3,white,-5.0,0.6,0.5,fpr,0.0
libri2,libri3,white,-5.0,0.6,0.55,fpr,0.0
libri2,libri3,white,-5.0,0.7,0.2,fpr,0.788
libri2,libri3,white,-5.0,0.7,0.25,fpr,0.6452
libri2,libri3,white,-5.0,0.7,0.3,fpr,0.3825
libri2,libri3,white,-5.0,0.7,0.35,fpr,0.0
libri2,libri3,white,-5.0,0.7,0.4,fpr,0.0
libri2,libri3,white,-5.0,0.7,0.45,fpr,0.0
libri2,libri3,white,-5.0,0.7,0.5,fpr,0.0
libri2,libri3,white,-5.0,0.7,0.55,fpr,0.0
libri2,libri3,white,-5.0,0.8,0.2,fpr,0.7512
libri2,libri3,white,-5.0,0.8,0.25,fpr,0.3733
libri2,libri3,white,-5.0,0.8,0.3,fpr,0.0
libri2,libri3,white,-5.0,0.8,0.35,fpr,0.0
libri2,libri3,white,-5.0,0.8,0.4,fpr,0.0
libri2,libri3,white,-5.0,0.8,0.45,fpr,0.0
libri2,libri3,white,-5.0,0.8,0.5,fpr,0.0
libri2,libri3,white,-5.0,0.8,0.55,fpr,0.0
libri2,libri3,white,-5.0,0.9,0.2,fpr,0.4516
libri2,libri3,white,-5.0,0.9,0.25,fpr,0.2304
libri2,libri3,white,-5.0,0.9,0.3,fpr,0.0
libri2,libri3,white,-5.0,0.9,0.35,fpr,0.0
libri2,libri3,white,-5.0,0.9,0.4,fpr,0.0
libri2,libri3,white,-5.0,0.9,0.45,fpr,0.0
libri2,libri3,white,-5.0,0.9,0.5,fpr,0.0
libri2,libri3,white,-5.0,0.9,0.55,fpr,0.0
libri2,libri3,white,-5.0,1.0,0.2,fpr,0.4931
libri2,libri3,white,-5.0,1.0,0.25,fpr,0.1152
libri2,libri3,white,-5.0,1.0,0.3,fpr,0.0
libri2,libri3,white,-5.0,1.0,0.35,fpr,0.0
libri2,libri3,white,-5.0,1.0,0.4,fpr,0.0
libri2,libri3,white,-5.0,1.0,0.45,fpr,0.0
libri2,libri3,white,-5.0,1.0,0.5,fpr,0.0
libri2,libri3,white,-5.0,1.0,0.55,fpr,0.0
libri2,libri3,white,0.0,0.0,0.2,fpr,0.788
libri2,libri3,white,0.0,0.0,0.25,fpr,0.788
libri2,libri3,white,0.0,0.0,0.3,fpr,0.7512
libri2,libri3,white,0.0,0.0,0.35,fpr,0.7143
libri2,libri3,white,0.0,0.0,0.4,fpr,0.6406
libri2,libri3,white,0.0,0.0,0.45,fpr,0.4931
libri2,libri3,white,0.0,0.0,0.5,fpr,0.4194
libri2,libri3,white,0.0,0.0,0.55,fpr,0.4194
libri2,libri3,white,0.0,0.1,0.2,fpr,0.788
libri2,libri3,white,0.0,0.1,0.25,fpr,0.788
libri2,libri3,white,0.0,0.1,0.3,fpr,0.7512
libri2,libri3,white,0.0,0.1,0.35,fpr,0.7143
libri2,libri3,white,0.0,0.1,0.4,fpr,0.5668
libri2,libri3,white,0.0,0.1,0.45,fpr,0.4194
libri2,libri3,white,0.0,0.1,0.5,fpr,0.4194
libri2,libri3,white,0.0,0.1,0.55,fpr,0.4194
libri2,libri3,white,0.0,0.2,0.2,fpr,0.788
libri2,libri3,white,0.0,0.2,0.25,fpr,0.788
libri2,libri3,white,0.0,0.2,0.3,fpr,0.7512
libri2,libri3,white,0.0,0.2,0.35,fpr,0.6774
libri2,libri3,white,0.0,0.2,0.4,fpr,0.4931
libri2,libri3,white,0.0,0.2,0.45,fpr,0.4194
libri2,libri3,white,0.0,0.2,0.5,fpr,0.4194
libri2,libri3,white,0.0,0.2,0.55,fpr,0.4194
libri2,libri3,white,0.0,0.3,0.2,fpr,0.788
libri2,libri3,white,0.0,0.3,0.25,fpr,0.788
libri2,libri3,white,0.0,0.3,0.3,fpr,0.7143
libri2,libri3,white,0.0,0.3,0.35,fpr,0.6452
libri2,libri3,white,0.0,0.3,0.4,fpr,0.4194
libri2,libri3,white,0.0,0.3,0.45,fpr,0.4194
libri2,libri3,white,0.0,0.3,0.5,fpr,0.4194
libri2,libri3,white,0.0,0.3,0.55,fpr,0.3041
libri2,libri3,white,0.0,0.4,0.2,fpr,0.788
libri2,libri3,white,0.0,0.4,0.25,fpr,0.788
libri2,libri3,white,0.0,0.4,0.3,fpr,0.7143
libri2,libri3,white,0.0,0.4,0.35,fpr,0.6452
libri2,libri3,white,0.0,0.4,0.4,fpr,0.4194
libri2,libri3,white,0.0,0.4,0.45,fpr,0.4194
libri2,libri3,white,0.0,0.4,0.5,fpr,0.3041
libri2,libri3,white,0.0,0.4,0.55,fpr,0.2673
libri2,libri3,white,0.0,0.5,0.2,fpr,0.8986
libri2,libri3,white,0.0,0.5,0.25,fpr,0.788
libri2,libri3,white,0.0,0.5,0.3,fpr,0.6774
libri2,libri3,white,0.0,0.5,0.35,fpr,0.4977
libri2,libri3,white,0.0,0.5,0.4,fpr,0.4194
libri2,libri3,white,0.0,0.5,0.45,fpr,0.3041
libri2,libri3,white,0.0,0.5,0.5,fpr,0.2673
libri2,libri3,white,0.0,0.5,0.55,fpr,0.0
libri2,libri3,white,0.0,0.6,0.2,fpr,0.9309
libri2,libri3,white,0.0,0.6,0.25,fpr,0.788
libri2,libri3,white,0.0,0.6,0.3,fpr,0.6129
libri2,libri3,white,0.0,0.6,0.35,fpr,0.4977
libri2,libri3,white,0.0,0.6,0.4,fpr,0.2673
libri2,libri3,white,0.0,0.6,0.45,fpr,0.0829
libri2,libri3,white,0.0,0.6,0.5,fpr,0.0
libri2,libri3,white,0.0,0.6,0.55,fpr,0.0
libri2,libri3,white,0.0,0.7,0.2,fpr,0.9309
libri2,libri3,white,0.0,0.7,0.25,fpr,0.788
libri2,libri3,white,0.0,0.7,0.3,fpr,0.5346
libri2,libri3,white,0.0,0.7,0.35,fpr,0.1613
libri2,libri3,white,0.0,0.7,0.4,fpr,0.0783
libri2,libri3,white,0.0,0.7,0.45,fpr,0.0
libri2,libri3,white,0.0,0.7,0.5,fpr,0.0
libri2,libri3,white,0.0,0.7,0.55,fpr,0.0
libri2,libri3,white,0.0,0.8,0.2,fpr,0.9309
libri2,libri3,white,0.0,0.8,0.25,fpr,0.6498
libri2,libri3,white,0.0,0.8,0.3,fpr,0.1982
libri2,libri3,white,0.0,0.8,0.35,fpr,0.1567
libri2,libri3,white,0.0,0.8,0.4,fpr,0.0
libri2,libri3,white,0.0,0.8,0.45,fpr,0.0
libri2,libri3,white,0.0,0.8,0.5,fpr,0.0
libri2,libri3,white,0.0,0.8,0.55,fpr,0.0
libri2,libri3,white,0.0,0.9,0.2,fpr,0.8249
libri2,libri3,white,0.0,0.9,0.25,fpr,0.424
libri2,libri3,white,0.0,0.9,0.3,fpr,0.1935
libri2,libri3,white,0.0,0.9,0.35,fpr,0.0
libri2,libri3,white,0.0,0.9,0.4,fpr,0.0
libri2,libri3,white,0.0,0.9,0.45,fpr,0.0
libri2,libri3,white,0.0,0.9,0.5,fpr,0.0
libri2,libri3,white,0.0,0.9,0.55,fpr,0.0
libri2,libri3,white,0.0,1.0,0.2,fpr,0.6452
libri2,libri3,white,0.0,1.0,0.25,fpr,0.3779
libri2,libri3,white,0.0,1.0,0.3,fpr,0.2627
libri2,libri3,white,0.0,1.0,0.35,fpr,0.0
libri2,libri3,white,0.0,1.0,0.4,fpr,0.0
libri2,libri3,white,0.0,1.0,0.45,fpr,0.0
libri2,libri3,white,0.0,1.0,0.5,fpr,0.0
libri2,libri3,white,0.0,1.0,0.55,fpr,0.0
libri2,libri3,white,5.0,0.0,0.2,fpr,0.7512
libri2,libri3,white,5.0,0.0,0.25,fpr,0.7512
libri2,libri3,white,5.0,0.0,0.3,fpr,0.7143
libri2,libri3,white,5.0,0.0,0.35,fpr,0.6037
libri2,libri3,white,5.0,0.0,0.4,fpr,0.6037
libri2,libri3,white,5.0,0.0,0.45,fpr,0.6037
libri2,libri3,white,5.0,0.0,0.5,fpr,0.6037
libri2,libri3,white,5.0,0.0,0.55,fpr,0.6037
libri2,libri3,white,5.0,0.1,0.2,fpr,0.788
libri2,libri3,white,5.0,0.1,0.25,fpr,0.7512
libri2,libri3,white,5.0,0.1,0.3,fpr,0.7143
libri2,libri3,white,5.0,0.1,0.35,fpr,0.6037
libri2,libri3,white,5.0,0.1,0.4,fpr,0.6037
libri2,libri3,white,5.0,0.1,0.45,fpr,0.6037
libri2,libri3,white,5.0,0.1,0.5,fpr,0.6037
libri2,libri3,white,5.0,0.1,0.55,fpr,0.5346
libri2,libri3,white,5.0,0.2,0.2,fpr,0.788
libri2,libri3,white,5.0,0.2,0.25,fpr,0.7512
libri2,libri3,white,5.0,0.2,0.3,fpr,0.7143
libri2,libri3,white,5.0,0.2,0.35,fpr,0.6037
libri2,libri3,white,5.0,0.2,0.4,fpr,0.6037
libri2,libri3,white,5.0,0.2,0.45,fpr,0.6037
libri2,libri3,white,5.0,0.2,0.5,fpr,0.5714
libri2,libri3,white,5.0,0.2,0.55,fpr,0.4194
libri2,libri3,white,5.0,0.3,0.2,fpr,0.788
libri2,libri3,white,5.0,0.3,0.25,fpr,0.7512
libri2,libri3,white,5.0,0.3,0.3,fpr,0.6037
libri2,libri3,white,5.0,0.3,0.35,fpr,0.6037
libri2,libri3,white,5.0,0.3,0.4,fpr,0.6037
libri2,libri3,white,5.0,0.3,0.45,fpr,0.5714
libri2,libri3,white,5.0,0.3,0.5,fpr,0.4194
libri2,libri3,white,5.0,0.3,0.55,fpr,0.3456
libri2,libri3,white,5.0,0.4,0.2,fpr,0.788
libri2,libri3,white,5.0,0.4,0.25,fpr,0.7512
libri2,libri3,white,5.0,0.4,0.3,fpr,0.6037
libri2,libri3,white,5.0,0.4,0.35,fpr,0.6037
libri2,libri3,white,5.0,0.4,0.4,fpr,0.5714
libri2,libri3,white,5.0,0.4,0.45,fpr,0.4194
libri2,libri3,white,5.0,0.4,0.5,fpr,0.3456
libri2,libri3,white,5.0,0.4,0.55,fpr,0.2673
libri2,libri3,white,5.0,0.5,0.2,fpr,0.788
libri2,libri3,white,5.0,0.5,0.25,fpr,0.7512
libri2,libri3,white,5.0,0.5,0.3,fpr,0.6037
libri2,libri3,white,5.0,0.5,0.35,fpr,0.5714
libri2,libri3,white,5.0,0.5,0.4,fpr,0.4977
libri2,libri3,white,5.0,0.5,0.45,fpr,0.3456
libri2,libri3,white,5.0,0.5,0.5,fpr,0.2673
libri2,libri3,white,5.0,0.5,0.55,fpr,0.0
libri2,libri3,white,5.0,0.6,0.2,fpr,0.788
libri2,libri3,white,5.0,0.6,0.25,fpr,0.7143
libri2,libri3,white,5.0,0.6,0.3,fpr,0.5714
libri2,libri3,white,5.0,0.6,0.35,fpr,0.4977
libri2,libri3,white,5.0,0.6,0.4,fpr,0.3456
libri2,libri3,white,5.0,0.6,0.45,fpr,0.0461
libri2,libri3,white,5.0,0.6,0.5,fpr,0.0
libri2,libri3,white,5.0,0.6,0.55,fpr,0.0
libri2,libri3,white,5.0,0.7,0.2,fpr,0.9309
libri2,libri3,white,5.0,0.7,0.25,fpr,0.5714
libri2,libri3,white,5.0,0.7,0.3,fpr,0.4977
libri2,libri3,white,5.0,0.7,0.35,fpr,0.1613
libri2,libri3,white,5.0,0.7,0.4,fpr,0.0461
libri2,libri3,white,5.0,0.7,0.45,fpr,0.0
libri2,libri3,white,5.0,0.7,0.5,fpr,0.0
libri2,libri3,white,5.0,0.7,0.55,fpr,0.0
libri2,libri3,white,5.0,0.8,0.2,fpr,0.8986
libri2,libri3,white,5.0,0.8,0.25,fpr,0.3134
libri2,libri3,white,5.0,0.8,0.3,fpr,0.1613
libri2,libri3,white,5.0,0.8,0.35,fpr,0.0461
libri2,libri3,white,5.0,0.8,0.4,fpr,0.0
libri2,libri3,white,5.0,0.8,0.45,fpr,0.0
libri2,libri3,white,5.0,0.8,0.5,fpr,0.0
libri2,libri3,white,5.0,0.8,0.55,fpr,0.0
libri2,libri3,white,5.0,0.9,0.2,fpr,0.6452
libri2,libri3,white,5.0,0.9,0.25,fpr,0.3502
libri2,libri3,white,5.0,0.9,0.3,fpr,0.0461
libri2,libri3,white,5.0,0.9,0.35,fpr,0.0
libri2,libri3,white,5.0,0.9,0.4,fpr,0.0
libri2,libri3,white,5.0,0.9,0.45,fpr,0.0
libri2,libri3,white,5.0,0.9,0.5,fpr,0.0
libri2,libri3,white,5.0,0.9,0.55,fpr,0.0
libri2,libri3,white,5.0,1.0,0.2,fpr,0.576
libri2,libri3,white,5.0,1.0,0.25,fpr,0.235
libri2,libri3,white,5.0,1.0,0.3,fpr,0.0
libri2,libri3,white,5.0,1.0,0.35,fpr,0.0
libri2,libri3,white,5.0,1.0,0.4,fpr,0.0
libri2,libri3,white,5.0,1.0,0.45,fpr,0.0
libri2,libri3,white,5.0,1.0,0.5,fpr,0.0
libri2,libri3,white,5.0,1.0,0.55,fpr,0.0
libri2,libri3,white,10.0,0.0,0.2,fpr,0.788
libri2,libri3,white,10.0,0.0,0.25,fpr,0.788
libri2,libri3,white,10.0,0.0,0.3,fpr,0.7512
libri2,libri3,white,10.0,0.0,0.35,fpr,0.7143
libri2,libri3,white,10.0,0.0,0.4,fpr,0.6774
libri2,libri3,white,10.0,0.0,0.45,fpr,0.6774
libri2,libri3,white,10.0,0.0,0.5,fpr,0.6774
libri2,libri3,white,10.0,0.0,0.55,fpr,0.6774
libri2,libri3,white,10.0,0.1,0.2,fpr,0.788
libri2,libri3,white,10.0,0.1,0.25,fpr,0.788
libri2,libri3,white,10.0,0.1,0.3,fpr,0.7512
libri2,libri3,white,10.0,0.1,0.35,fpr,0.7143
libri2,libri3,white,10.0,0.1,0.4,fpr,0.6774
libri2,libri3,white,10.0,0.1,0.45,fpr,0.6774
libri2,libri3,white,10.0,0.1,0.5,fpr,0.6774
libri2,libri3,white,10.0,0.1,0.55,fpr,0.6406
libri2,libri3,white,10.0,0.2,0.2,fpr,0.788
libri2,libri3,white,10.0,0.2,0.25,fpr,0.788
libri2,libri3,white,10.0,0.2,0.3,fpr,0.7512
libri2,libri3,white,10.0,0.2,0.35,fpr,0.6774
libri2,libri3,white,10.0,0.2,0.4,fpr,0.6774
libri2,libri3,white,10.0,0.2,0.45,fpr,0.6774
libri2,libri3,white,10.0,0.2,0.5,fpr,0.6774
libri2,libri3,white,10.0,0.2,0.55,fpr,0.4931
libri2,libri3,white,10.0,0.3,0.2,fpr,0.788
libri2,libri3,white,10.0,0.3,0.25,fpr,0.788
libri2,libri3,white,10.0,0.3,0.3,fpr,0.7512
libri2,libri3,white,10.0,0.3,0.35,fpr,0.6774
libri2,libri3,white,10.0,0.3,0.4,fpr,0.6774
libri2,libri3,white,10.0,0.3,0.45,fpr,0.6774
libri2,libri3,white,10.0,0.3,0.5,fpr,0.4931
libri2,libri3,white,10.0,0.3,0.55,fpr,0.4931
libri2,libri3,white,10.0,0.4,0.2,fpr,0.788
libri2,libri3,white,10.0,0.4,0.25,fpr,0.788
libri2,libri3,white,10.0,0.4,0.3,fpr,0.7512
libri2,libri3,white,10.0,0.4,0.35,fpr,0.6774
libri2,libri3,white,10.0,0.4,0.4,fpr,0.6774
libri2,libri3,white,10.0,0.4,0.45,fpr,0.4931
libri2,libri3,white,10.0,0.4,0.5,fpr,0.4931
libri2,libri3,white,10.0,0.4,0.55,fpr,0.4194
libri2,libri3,white,10.0,0.5,0.2,fpr,0.8249
libri2,libri3,white,10.0,0.5,0.25,fpr,0.788
libri2,libri3,white,10.0,0.5,0.3,fpr,0.7143
libri2,libri3,white,10.0,0.5,0.35,fpr,0.6774
libri2,libri3,white,10.0,0.5,0.4,fpr,0.6083
libri2,libri3,white,10.0,0.5,0.45,fpr,0.4931
libri2,libri3,white,10.0,0.5,0.5,fpr,0.4194
libri2,libri3,white,10.0,0.5,0.55,fpr,0.0783
libri2,libri3,white,10.0,0.6,0.2,fpr,1.0
libri2,libri3,white,10.0,0.6,0.25,fpr,0.788
libri2,libri3,white,10.0,0.6,0.3,fpr,0.7143
libri2,libri3,white,10.0,0.6,0.35,fpr,0.6774
libri2,libri3,white,10.0,0.6,0.4,fpr,0.4931
libri2,libri3,white,10.0,0.6,0.45,fpr,0.235
libri2,libri3,white,10.0,0.6,0.5,fpr,0.0783
libri2,libri3,white,10.0,0.6,0.55,fpr,0.0
libri2,libri3,white,10.0,0.7,0.2,fpr,1.0
libri2,libri3,white,10.0,0.7,0.25,fpr,0.8249
libri2,libri3,white,10.0,0.7,0.3,fpr,0.7143
libri2,libri3,white,10.0,0.7,0.35,fpr,0.3088
libri2,libri3,white,10.0,0.7,0.4,fpr,0.235
libri2,libri3,white,10.0,0.7,0.45,fpr,0.0783
libri2,libri3,white,10.0,0.7,0.5,fpr,0.0
libri2,libri3,white,10.0,0.7,0.55,fpr,0.0
libri2,libri3,white,10.0,0.8,0.2,fpr,1.0
libri2,libri3,white,10.0,0.8,0.25,fpr,0.788
libri2,libri3,white,10.0,0.8,0.3,fpr,0.424
libri2,libri3,white,10.0,0.8,0.35,fpr,0.1982
libri2,libri3,white,10.0,0.8,0.4,fpr,0.0783
libri2,libri3,white,10.0,0.8,0.45,fpr,0.0
libri2,libri3,white,10.0,0.8,0.5,fpr,0.0
libri2,libri3,white,10.0,0.8,0.55,fpr,0.0
libri2,libri3,white,10.0,0.9,0.2,fpr,0.8571
libri2,libri3,white,10.0,0.9,0.25,fpr,0.7143
libri2,libri3,white,10.0,0.9,0.3,fpr,0.235
libri2,libri3,white,10.0,0.9,0.35,fpr,0.0783
libri2,libri3,white,10.0,0.9,0.4,fpr,0.0
libri2,libri3,white,10.0,0.9,0.45,fpr,0.0
libri2,libri3,white,10.0,0.9,0.5,fpr,0.0
libri2,libri3,white,10.0,0.9,0.55,fpr,0.0
libri2,libri3,white,10.0,1.0,0.2,fpr,0.788
libri2,libri3,white,10.0,1.0,0.25,fpr,0.6452
libri2,libri3,white,10.0,1.0,0.3,fpr,0.1521
libri2,libri3,white,10.0,1.0,0.35,fpr,0.0
libri2,libri3,white,10.0,1.0,0.4,fpr,0.0
libri2,libri3,white,10.0,1.0,0.45,fpr,0.0
libri2,libri3,white,10.0,1.0,0.5,fpr,0.0
libri2,libri3,white,10.0,1.0,0.55,fpr,0.0
libri2,libri3,white,15.0,0.0,0.2,fpr,0.788
libri2,libri3,white,15.0,0.0,0.25,fpr,0.788
libri2,libri3,white,15.0,0.0,0.3,fpr,0.7143
libri2,libri3,white,15.0,0.0,0.35,fpr,0.7143
libri2,libri3,white,15.0,0.0,0.4,fpr,0.6774
libri2,libri3,white,15.0,0.0,0.45,fpr,0.6774
libri2,libri3,white,15.0,0.0,0.5,fpr,0.6774
libri2,libri3,white,15.0,0.0,0.55,fpr,0.6774
libri2,libri3,white,15.0,0.1,0.2,fpr,0.788
libri2,libri3,white,15.0,0.1,0.25,fpr,0.788
libri2,libri3,white,15.0,0.1,0.3,fpr,0.7143
libri2,libri3,white,15.0,0.1,0.35,fpr,0.7143
libri2,libri3,white,15.0,0.1,0.4,fpr,0.6774
libri2,libri3,white,15.0,0.1,0.45,fpr,0.6774
libri2,libri3,white,15.0,0.1,0.5,fpr,0.6774
libri2,libri3,white,15.0,0.1,0.55,fpr,0.6406
libri2,libri3,white,15.0,0.2,0.2,fpr,0.788
libri2,libri3,white,15.0,0.2,0.25,fpr,0.788
libri2,libri3,white,15.0,0.2,0.3,fpr,0.7143
libri2,libri3,white,15.0,0.2,0.35,fpr,0.6774
libri2,libri3,white,15.0,0.2,0.4,fpr,0.6774
libri2,libri3,white,15.0,0.2,0.45,fpr,0.6774
libri2,libri3,white,15.0,0.2,0.5,fpr,0.6774
libri2,libri3,white,15.0,0.2,0.55,fpr,0.4931
libri2,libri3,white,15.0,0.3,0.2,fpr,0.788
libri2,libri3,white,15.0,0.3,0.25,fpr,0.788
libri2,libri3,white,15.0,0.3,0.3,fpr,0.7143
libri2,libri3,white,15.0,0.3,0.35,fpr,0.6774
libri2,libri3,white,15.0,0.3,0.4,fpr,0.6774
libri2,libri3,white,15.0,0.3,0.45,fpr,0.6774
libri2,libri3,white,15.0,0.3,0.5,fpr,0.4931
libri2,libri3,white,15.0,0.3,0.55,fpr,0.4931
libri2,libri3,white,15.0,0.4,0.2,fpr,0.788
libri2,libri3,white,15.0,0.4,0.25,fpr,0.788
libri2,libri3,white,15.0,0.4,0.3,fpr,0.7143
libri2,libri3,white,15.0,0.4,0.35,fpr,0.6774
libri2,libri3,white,15.0,0.4,0.4,fpr,0.6774
libri2,libri3,white,15.0,0.4,0.45,fpr,0.4931
libri2,libri3,white,15.0,0.4,0.5,fpr,0.4931
libri2,libri3,white,15.0,0.4,0.55,fpr,0.3825
libri2,libri3,white,15.0,0.5,0.2,fpr,0.788
libri2,libri3,white,15.0,0.5,0.25,fpr,0.788
libri2,libri3,white,15.0,0.5,0.3,fpr,0.7143
libri2,libri3,white,15.0,0.5,0.35,fpr,0.6774
libri2,libri3,white,15.0,0.5,0.4,fpr,0.5714
libri2,libri3,white,15.0,0.5,0.45,fpr,0.4931
libri2,libri3,white,15.0,0.5,0.5,fpr,0.3825
libri2,libri3,white,15.0,0.5,0.55,fpr,0.0
libri2,libri3,white,15.0,0.6,0.2,fpr,0.788
libri2,libri3,white,15.0,0.6,0.25,fpr,0.788
libri2,libri3,white,15.0,0.6,0.3,fpr,0.6774
libri2,libri3,white,15.0,0.6,0.35,fpr,0.6774
libri2,libri3,white,15.0,0.6,0.4,fpr,0.4931
libri2,libri3,white,15.0,0.6,0.45,fpr,0.1982
libri2,libri3,white,15.0,0.6,0.5,fpr,0.0
libri2,libri3,white,15.0,0.6,0.55,fpr,0.0
libri2,libri3,white,15.0,0.7,0.2,fpr,0.9309
libri2,libri3,white,15.0,0.7,0.25,fpr,0.788
libri2,libri3,white,15.0,0.7,0.3,fpr,0.6774
libri2,libri3,white,15.0,0.7,0.35,fpr,0.3088
libri2,libri3,white,15.0,0.7,0.4,fpr,0.235
libri2,libri3,white,15.0,0.7,0.45,fpr,0.0
libri2,libri3,white,15.0,0.7,0.5,fpr,0.0
libri2,libri3,white,15.0,0.7,0.55,fpr,0.0
libri2,libri3,white,15.0,0.8,0.2,fpr,0.9677
libri2,libri3,white,15.0,0.8,0.25,fpr,0.5668
libri2,libri3,white,15.0,0.8,0.3,fpr,0.3088
libri2,libri3,white,15.0,0.8,0.35,fpr,0.1982
libri2,libri3,white,15.0,0.8,0.4,fpr,0.0
libri2,libri3,white,15.0,0.8,0.45,fpr,0.0
libri2,libri3,white,15.0,0.8,0.5,fpr,0.0
libri2,libri3,white,15.0,0.8,0.55,fpr,0.0
libri2,libri3,white,15.0,0.9,0.2,fpr,0.8571
libri2,libri3,white,15.0,0.9,0.25,fpr,0.3456
libri2,libri3,white,15.0,0.9,0.3,fpr,0.1613
libri2,libri3,white,15.0,0.9,0.35,fpr,0.0
libri2,libri3,white,15.0,0.9,0.4,fpr,0.0
libri2,libri3,white,15.0,0.9,0.45,fpr,0.0
libri2,libri3,white,15.0,0.9,0.5,fpr,0.0
libri2,libri3,white,15.0,0.9,0.55,fpr,0.0
libri2,libri3,white,15.0,1.0,0.2,fpr,0.788
libri2,libri3,white,15.0,1.0,0.25,fpr,0.5392
libri2,libri3,white,15.0,1.0,0.3,fpr,0.0
libri2,libri3,white,15.0,1.0,0.35,fpr,0.0
libri2,libri3,white,15.0,1.0,0.4,fpr,0.0
libri2,libri3,white,15.0,1.0,0.45,fpr,0.0
libri2,libri3,white,15.0,1.0,0.5,fpr,0.0
libri2,libri3,white,15.0,1.0,0.55,fpr,0.0
libri2,libri3,white,20.0,0.0,0.2,fpr,0.788
libri2,libri3,white,20.0,0.0,0.25,fpr,0.7512
libri2,libri3,white,20.0,0.0,0.3,fpr,0.7512
libri2,libri3,white,20.0,0.0,0.35,fpr,0.7512
libri2,libri3,white,20.0,0.0,0.4,fpr,0.7512
libri2,libri3,white,20.0,0.0,0.45,fpr,0.7512
libri2,libri3,white,20.0,0.0,0.5,fpr,0.7512
libri2,libri3,white,20.0,0.0,0.55,fpr,0.7143
libri2,libri3,white,20.0,0.1,0.2,fpr,0.788
libri2,libri3,white,20.0,0.1,0.25,fpr,0.7512
libri2,libri3,white,20.0,0.1,0.3,fpr,0.7512
libri2,libri3,white,20.0,0.1,0.35,fpr,0.7512
libri2,libri3,white,20.0,0.1,0.4,fpr,0.7512
libri2,libri3,white,20.0,0.1,0.45,fpr,0.7512
libri2,libri3,white,20.0,0.1,0.5,fpr,0.7143
libri2,libri3,white,20.0,0.1,0.55,fpr,0.7143
libri2,libri3,white,20.0,0.2,0.2,fpr,0.788
libri2,libri3,white,20.0,0.2,0.25,fpr,0.7512
libri2,libri3,white,20.0,0.2,0.3,fpr,0.7512
libri2,libri3,white,20.0,0.2,0.35,fpr,0.7512
libri2,libri3,white,20.0,0.2,0.4,fpr,0.7512
libri2,libri3,white,20.0,0.2,0.45,fpr,0.7512
libri2,libri3,white,20.0,0.2,0.5,fpr,0.7143
libri2,libri3,white,20.0,0.2,0.55,fpr,0.6083
libri2,libri3,white,20.0,0.3,0.2,fpr,0.788
libri2,libri3,white,20.0,0.3,0.25,fpr,0.7512
libri2,libri3,white,20.0,0.3,0.3,fpr,0.7512
libri2,libri3,white,20.0,0.3,0.35,fpr,0.7512
libri2,libri3,white,20.0,0.3,0.4,fpr,0.7512
libri2,libri3,white,20.0,0.3,0.45,fpr,0.7143
libri2,libri3,white,20.0,0.3,0.5,fpr,0.6083
libri2,libri3,white,20.0,0.3,0.55,fpr,0.6083
libri2,libri3,white,20.0,0.4,0.2,fpr,0.9309
libri2,libri3,white,20.0,0.4,0.25,fpr,0.7512
libri2,libri3,white,20.0,0.4,0.3,fpr,0.7512
libri2,libri3,white,20.0,0.4,0.35,fpr,0.7512
libri2,libri3,white,20.0,0.4,0.4,fpr,0.7512
libri2,libri3,white,20.0,0.4,0.45,fpr,0.6083
libri2,libri3,white,20.0,0.4,0.5,fpr,0.6083
libri2,libri3,white,20.0,0.4,0.55,fpr,0.4608
libri2,libri3,white,20.0,0.5,0.2,fpr,0.9309
libri2,libri3,white,20.0,0.5,0.25,fpr,0.788
libri2,libri3,white,20.0,0.5,0.3,fpr,0.7512
libri2,libri3,white,20.0,0.5,0.35,fpr,0.7512
libri2,libri3,white,20.0,0.5,0.4,fpr,0.6083
libri2,libri3,white,20.0,0.5,0.45,fpr,0.6083
libri2,libri3,white,20.0,0.5,0.5,fpr,0.4608
libri2,libri3,white,20.0,0.5,0.55,fpr,0.0
libri2,libri3,white,20.0,0.6,0.2,fpr,0.9309
libri2,libri3,white,20.0,0.6,0.25,fpr,0.788
libri2,libri3,white,20.0,0.6,0.3,fpr,0.7512
libri2,libri3,white,20.0,0.6,0.35,fpr,0.7189
libri2,libri3,white,20.0,0.6,0.4,fpr,0.6083
libri2,libri3,white,20.0,0.6,0.45,fpr,0.1567
libri2,libri3,white,20.0,0.6,0.5,fpr,0.0
libri2,libri3,white,20.0,0.6,0.55,fpr,0.0
libri2,libri3,white,20.0,0.7,0.2,fpr,0.9309
libri2,libri3,white,20.0,0.7,0.25,fpr,0.788
libri2,libri3,white,20.0,0.7,0.3,fpr,0.7189
libri2,libri3,white,20.0,0.7,0.35,fpr,0.424
libri2,libri3,white,20.0,0.7,0.4,fpr,0.1567
libri2,libri3,white,20.0,0.7,0.45,fpr,0.0
libri2,libri3,white,20.0,0.7,0.5,fpr,0.0
libri2,libri3,white,20.0,0.7,0.55,fpr,0.0
libri2,libri3,white,20.0,0.8,0.2,fpr,0.9309
libri2,libri3,white,20.0,0.8,0.25,fpr,0.7189
libri2,libri3,white,20.0,0.8,0.3,fpr,0.3456
libri2,libri3,white,20.0,0.8,0.35,fpr,0.0783
libri2,libri3,white,20.0,0.8,0.4,fpr,0.0
libri2,libri3,white,20.0,0.8,0.45,fpr,0.0
libri2,libri3,white,20.0,0.8,0.5,fpr,0.0
libri2,libri3,white,20.0,0.8,0.55,fpr,0.0
libri2,libri3,white,20.0,0.9,0.2,fpr,0.7558
libri2,libri3,white,20.0,0.9,0.25,fpr,0.5668
libri2,libri3,white,20.0,0.9,0.3,fpr,0.0783
libri2,libri3,white,20.0,0.9,0.35,fpr,0.0
libri2,libri3,white,20.0,0.9,0.4,fpr,0.0
libri2,libri3,white,20.0,0.9,0.45,fpr,0.0
libri2,libri3,white,20.0,0.9,0.5,fpr,0.0
libri2,libri3,white,20.0,0.9,0.55,fpr,0.0
libri2,libri3,white,20.0,1.0,0.2,fpr,0.5991
libri2,libri3,white,20.0,1.0,0.25,fpr,0.4931
libri2,libri3,white,20.0,1.0,0.3,fpr,0.0
libri2,libri3,white,20.0,1.0,0.35,fpr,0.0
libri2,libri3,white,20.0,1.0,0.4,fpr,0.0
libri2,libri3,white,20.0,1.0,0.45,fpr,0.0
libri2,libri3,white,20.0,1.0,0.5,fpr,0.0
libri2,libri3,white,20.0,1.0,0.55,fpr,0.0
libri2,libri3,pink,-5.0,0.0,0.2,fpr,0.6406
libri2,libri3,pink,-5.0,0.0,0.25,fpr,0.6406
libri2,libri3,pink,-5.0,0.0,0.3,fpr,0.5668
libri2,libri3,pink,-5.0,0.0,0.35,fpr,0.5668
libri2,libri3,pink,-5.0,0.0,0.4,fpr,0.5346
libri2,libri3,pink,-5.0,0.0,0.45,fpr,0.5346
libri2,libri3,pink,-5.0,0.0,0.5,fpr,0.5346
libri2,libri3,pink,-5.0,0.0,0.55,fpr,0.5346
libri2,libri3,pink,-5.0,0.1,0.2,fpr,0.6406
libri2,libri3,pink,-5.0,0.1,0.25,fpr,0.6406
libri2,libri3,pink,-5.0,0.1,0.3,fpr,0.5668
libri2,libri3,pink,-5.0,0.1,0.35,fpr,0.5668
libri2,libri3,pink,-5.0,0.1,0.4,fpr,0.5346
libri2,libri3,pink,-5.0,0.1,0.45,fpr,0.5346
libri2,libri3,pink,-5.0,0.1,0.5,fpr,0.5346
libri2,libri3,pink,-5.0,0.1,0.55,fpr,0.4977
libri2,libri3,pink,-5.0,0.2,0.2,fpr,0.6406
libri2,libri3,pink,-5.0,0.2,0.25,fpr,0.6406
libri2,libri3,pink,-5.0,0.2,0.3,fpr,0.5668
libri2,libri3,pink,-5.0,0.2,0.35,fpr,0.5346
libri2,libri3,pink,-5.0,0.2,0.4,fpr,0.5346
libri2,libri3,pink,-5.0,0.2,0.45,fpr,0.5346
libri2,libri3,pink,-5.0,0.2,0.5,fpr,0.4977
libri2,libri3,pink,-5.0,0.2,0.55,fpr,0.4608
libri2,libri3,pink,-5.0,0.3,0.2,fpr,0.6406
libri2,libri3,pink,-5.0,0.3,0.25,fpr,0.6037
libri2,libri3,pink,-5.0,0.3,0.3,fpr,0.5668
libri2,libri3,pink,-5.0,0.3,0.35,fpr,0.5346
libri2,libri3,pink,-5.0,0.3,0.4,fpr,0.5346
libri2,libri3,pink,-5.0,0.3,0.45,fpr,0.4977
libri2,libri3,pink,-5.0,0.3,0.5,fpr,0.4608
libri2,libri3,pink,-5.0,0.3,0.55,fpr,0.2673
libri2,libri3,pink,-5.0,0.4,0.2,fpr,0.6406
libri2,libri3,pink,-5.0,0.4,0.25,fpr,0.5668
libri2,libri3,pink,-5.0,0.4,0.3,fpr,0.5346
libri2,libri3,pink,-5.0,0.4,0.35,fpr,0.5346
libri2,libri3,pink,-5.0,0.4,0.4,fpr,0.4977
libri2,libri3,pink,-5.0,0.4,0.45,fpr,0.4608
libri2,libri3,pink,-5.0,0.4,0.5,fpr,0.2673
libri2,libri3,pink,-5.0,0.4,0.55,fpr,0.2304
libri2,libri3,pink,-5.0,0.5,0.2,fpr,0.6406
libri2,libri3,pink,-5.0,0.5,0.25,fpr,0.5668
libri2,libri3,pink,-5.0,0.5,0.3,fpr,0.5346
libri2,libri3,pink,-5.0,0.5,0.35,fpr,0.4977
libri2,libri3,pink,-5.0,0.5,0.4,fpr,0.4608
libri2,libri3,pink,-5.0,0.5,0.45,fpr,0.2673
libri2,libri3,pink,-5.0,0.5,0.5,fpr,0.2304
libri2,libri3,pink,-5.0,0.5,0.55,fpr,0.0
libri2,libri3,pink,-5.0,0.6,0.2,fpr,0.6037
libri2,libri3,pink,-5.0,0.6,0.25,fpr,0.5346
libri2,libri3,pink,-5.0,0.6,0.3,fpr,0.4977
libri2,libri3,pink,-5.0,0.6,0.35,fpr,0.4608
libri2,libri3,pink,-5.0,0.6,0.4,fpr,0.2304
libri2,libri3,pink,-5.0,0.6,0.45,fpr,0.0
libri2,libri3,pink,-5.0,0.6,0.5,fpr,0.0
libri2,libri3,pink,-5.0,0.6,0.55,fpr,0.0
libri2,libri3,pink,-5.0,0.7,0.2,fpr,0.894
libri2,libri3,pink,-5.0,0.7,0.25,fpr,0.5346
libri2,libri3,pink,-5.0,0.7,0.3,fpr,0.4608
libri2,libri3,pink,-5.0,0.7,0.35,fpr,0.0461
libri2,libri3,pink,-5.0,0.7,0.4,fpr,0.0
libri2,libri3,pink,-5.0,0.7,0.45,fpr,0.0
libri2,libri3,pink,-5.0,0.7,0.5,fpr,0.0
libri2,libri3,pink,-5.0,0.7,0.55,fpr,0.0
libri2,libri3,pink,-5.0,0.8,0.2,fpr,0.8249
libri2,libri3,pink,-5.0,0.8,0.25,fpr,0.1982
libri2,libri3,pink,-5.0,0.8,0.3,fpr,0.0461
libri2,libri3,pink,-5.0,0.8,0.35,fpr,0.0
libri2,libri3,pink,-5.0,0.8,0.4,fpr,0.0
libri2,libri3,pink,-5.0,0.8,0.45,fpr,0.0
libri2,libri3,pink,-5.0,0.8,0.5,fpr,0.0
libri2,libri3,pink,-5.0,0.8,0.55,fpr,0.0
libri2,libri3,pink,-5.0,0.9,0.2,fpr,0.5346
libri2,libri3,pink,-5.0,0.9,0.25,fpr,0.3364
libri2,libri3,pink,-5.0,0.9,0.3,fpr,0.0
libri2,libri3,pink,-5.0,0.9,0.35,fpr,0.0
libri2,libri3,pink,-5.0,0.9,0.4,fpr,0.0
libri2,libri3,pink,-5.0,0.9,0.45,fpr,0.0
libri2,libri3,pink,-5.0,0.9,0.5,fpr,0.0
libri2,libri3,pink,-5.0,0.9,0.55,fpr,0.0
libri2,libri3,pink,-5.0,1.0,0.2,fpr,0.4147
libri2,libri3,pink,-5.0,1.0,0.25,fpr,0.3364
libri2,libri3,pink,-5.0,1.0,0.3,fpr,0.1889
libri2,libri3,pink,-5.0,1.0,0.35,fpr,0.0
libri2,libri3,pink,-5.0,1.0,0.4,fpr,0.0
libri2,libri3,pink,-5.0,1.0,0.45,fpr,0.0
libri2,libri3,pink,-5.0,1.0,0.5,fpr,0.0
libri2,libri3,pink,-5.0,1.0,0.55,fpr,0.0
libri2,libri3,pink,0.0,0.0,0.2,fpr,0.7512
libri2,libri3,pink,0.0,0.0,0.25,fpr,0.7512
libri2,libri3,pink,0.0,0.0,0.3,fpr,0.7512
libri2,libri3,pink,0.0,0.0,0.35,fpr,0.7143
libri2,libri3,pink,0.0,0.0,0.4,fpr,0.5346
libri2,libri3,pink,0.0,0.0,0.45,fpr,0.4977
libri2,libri3,pink,0.0,0.0,0.5,fpr,0.4977
libri2,libri3,pink,0.0,0.0,0.55,fpr,0.4977
libri2,libri3,pink,0.0,0.1,0.2,fpr,0.7512
libri2,libri3,pink,0.0,0.1,0.25,fpr,0.7512
libri2,libri3,pink,0.0,0.1,0.3,fpr,0.7143
libri2,libri3,pink,0.0,0.1,0.35,fpr,0.6452
libri2,libri3,pink,0.0,0.1,0.4,fpr,0.5346
libri2,libri3,pink,0.0,0.1,0.45,fpr,0.4977
libri2,libri3,pink,0.0,0.1,0.5,fpr,0.4977
libri2,libri3,pink,0.0,0.1,0.55,fpr,0.4194
libri2,libri3,pink,0.0,0.2,0.2,fpr,0.7512
libri2,libri3,pink,0.0,0.2,0.25,fpr,0.7512
libri2,libri3,pink,0.0,0.2,0.3,fpr,0.7143
libri2,libri3,pink,0.0,0.2,0.35,fpr,0.5714
libri2,libri3,pink,0.0,0.2,0.4,fpr,0.4977
libri2,libri3,pink,0.0,0.2,0.45,fpr,0.4977
libri2,libri3,pink,0.0,0.2,0.5,fpr,0.4977
libri2,libri3,pink,0.0,0.2,0.55,fpr,0.4194
libri2,libri3,pink,0.0,0.3,0.2,fpr,0.7512
libri2,libri3,pink,0.0,0.3,0.25,fpr,0.7512
libri2,libri3,pink,0.0,0.3,0.3,fpr,0.7143
libri2,libri3,pink,0.0,0.3,0.35,fpr,0.5346
libri2,libri3,pink,0.0,0.3,0.4,fpr,0.4977
libri2,libri3,pink,0.0,0.3,0.45,fpr,0.4977
libri2,libri3,pink,0.0,0.3,0.5,fpr,0.4194
libri2,libri3,pink,0.0,0.3,0.55,fpr,0.3825
libri2,libri3,pink,0.0,0.4,0.2,fpr,0.7512
libri2,libri3,pink,0.0,0.4,0.25,fpr,0.7512
libri2,libri3,pink,0.0,0.4,0.3,fpr,0.7143
libri2,libri3,pink,0.0,0.4,0.35,fpr,0.5346
libri2,libri3,pink,0.0,0.4,0.4,fpr,0.4977
libri2,libri3,pink,0.0,0.4,0.45,fpr,0.4977
libri2,libri3,pink,0.0,0.4,0.5,fpr,0.4194
libri2,libri3,pink,0.0,0.4,0.55,fpr,0.1843
libri2,libri3,pink,0.0,0.5,0.2,fpr,0.7512
libri2,libri3,pink,0.0,0.5,0.25,fpr,0.7512
libri2,libri3,pink,0.0,0.5,0.3,fpr,0.6083
libri2,libri3,pink,0.0,0.5,0.35,fpr,0.5346
libri2,libri3,pink,0.0,0.5,0.4,fpr,0.4977
libri2,libri3,pink,0.0,0.5,0.45,fpr,0.4194
libri2,libri3,pink,0.0,0.5,0.5,fpr,0.2627
libri2,libri3,pink,0.0,0.5,0.55,fpr,0.0
libri2,libri3,pink,0.0,0.6,0.2,fpr,0.8249
libri2,libri3,pink,0.0,0.6,0.25,fpr,0.7512
libri2,libri3,pink,0.0,0.6,0.3,fpr,0.5714
libri2,libri3,pink,0.0,0.6,0.35,fpr,0.5346
libri2,libri3,pink,0.0,0.6,0.4,fpr,0.2995
libri2,libri3,pink,0.0,0.6,0.45,fpr,0.0783
libri2,libri3,pink,0.0,0.6,0.5,fpr,0.0
libri2,libri3,pink,0.0,0.6,0.55,fpr,0.0
libri2,libri3,pink,0.0,0.7,0.2,fpr,1.0
libri2,libri3,pink,0.0,0.7,0.25,fpr,0.7512
libri2,libri3,pink,0.0,0.7,0.3,fpr,0.5346
libri2,libri3,pink,0.0,0.7,0.35,fpr,0.1935
libri2,libri3,pink,0.0,0.7,0.4,fpr,0.0783
libri2,libri3,pink,0.0,0.7,0.45,fpr,0.0
libri2,libri3,pink,0.0,0.7,0.5,fpr,0.0
libri2,libri3,pink,0.0,0.7,0.55,fpr,0.0
libri2,libri3,pink,0.0,0.8,0.2,fpr,1.0
libri2,libri3,pink,0.0,0.8,0.25,fpr,0.4194
libri2,libri3,pink,0.0,0.8,0.3,fpr,0.2304
libri2,libri3,pink,0.0,0.8,0.35,fpr,0.0783
libri2,libri3,pink,0.0,0.8,0.4,fpr,0.0
libri2,libri3,pink,0.0,0.8,0.45,fpr,0.0
libri2,libri3,pink,0.0,0.8,0.5,fpr,0.0
libri2,libri3,pink,0.0,0.8,0.55,fpr,0.0
libri2,libri3,pink,0.0,0.9,0.2,fpr,0.8157
libri2,libri3,pink,0.0,0.9,0.25,fpr,0.53
libri2,libri3,pink,0.0,0.9,0.3,fpr,0.1935
libri2,libri3,pink,0.0,0.9,0.35,fpr,0.0
libri2,libri3,pink,0.0,0.9,0.4,fpr,0.0
libri2,libri3,pink,0.0,0.9,0.45,fpr,0.0
libri2,libri3,pink,0.0,0.9,0.5,fpr,0.0
libri2,libri3,pink,0.0,0.9,0.55,fpr,0.0
libri2,libri3,pink,0.0,1.0,0.2,fpr,0.7419
libri2,libri3,pink,0.0,1.0,0.25,fpr,0.5991
libri2,libri3,pink,0.0,1.0,0.3,fpr,0.0783
libri2,libri3,pink,0.0,1.0,0.35,fpr,0.0
libri2,libri3,pink,0.0,1.0,0.4,fpr,0.0
libri2,libri3,pink,0.0,1.0,0.45,fpr,0.0
libri2,libri3,pink,0.0,1.0,0.5,fpr,0.0
libri2,libri3,pink,0.0,1.0,0.55,fpr,0.0
libri2,libri3,pink,5.0,0.0,0.2,fpr,0.7143
libri2,libri3,pink,5.0,0.0,0.25,fpr,0.7143
libri2,libri3,pink,5.0,0.0,0.3,fpr,0.6406
libri2,libri3,pink,5.0,0.0,0.35,fpr,0.6406
libri2,libri3,pink,5.0,0.0,0.4,fpr,0.6037
libri2,libri3,pink,5.0,0.0,0.45,fpr,0.6037
libri2,libri3,pink,5.0,0.0,0.5,fpr,0.6037
libri2,libri3,pink,5.0,0.0,0.55,fpr,0.6037
libri2,libri3,pink,5.0,0.1,0.2,fpr,0.7143
libri2,libri3,pink,5.0,0.1,0.25,fpr,0.7143
libri2,libri3,pink,5.0,0.1,0.3,fpr,0.6406
libri2,libri3,pink,5.0,0.1,0.35,fpr,0.6037
libri2,libri3,pink,5.0,0.1,0.4,fpr,0.6037
libri2,libri3,pink,5.0,0.1,0.45,fpr,0.6037
libri2,libri3,pink,5.0,0.1,0.5,fpr,0.6037
libri2,libri3,pink,5.0,0.1,0.55,fpr,0.4977
libri2,libri3,pink,5.0,0.2,0.2,fpr,0.7143
libri2,libri3,pink,5.0,0.2,0.25,fpr,0.7143
libri2,libri3,pink,5.0,0.2,0.3,fpr,0.6406
libri2,libri3,pink,5.0,0.2,0.35,fpr,0.6037
libri2,libri3,pink,5.0,0.2,0.4,fpr,0.6037
libri2,libri3,pink,5.0,0.2,0.45,fpr,0.6037
libri2,libri3,pink,5.0,0.2,0.5,fpr,0.5668
libri2,libri3,pink,5.0,0.2,0.55,fpr,0.4194
libri2,libri3,pink,5.0,0.3,0.2,fpr,0.7143
libri2,libri3,pink,5.0,0.3,0.25,fpr,0.6406
libri2,libri3,pink,5.0,0.3,0.3,fpr,0.6406
libri2,libri3,pink,5.0,0.3,0.35,fpr,0.6037
libri2,libri3,pink,5.0,0.3,0.4,fpr,0.6037
libri2,libri3,pink,5.0,0.3,0.45,fpr,0.6037
libri2,libri3,pink,5.0,0.3,0.5,fpr,0.4194
libri2,libri3,pink,5.0,0.3,0.55,fpr,0.3825
libri2,libri3,pink,5.0,0.4,0.2,fpr,0.7143
libri2,libri3,pink,5.0,0.4,0.25,fpr,0.6406
libri2,libri3,pink,5.0,0.4,0.3,fpr,0.6406
libri2,libri3,pink,5.0,0.4,0.35,fpr,0.6037
libri2,libri3,pink,5.0,0.4,0.4,fpr,0.6037
libri2,libri3,pink,5.0,0.4,0.45,fpr,0.4194
libri2,libri3,pink,5.0,0.4,0.5,fpr,0.3825
libri2,libri3,pink,5.0,0.4,0.55,fpr,0.3041
libri2,libri3,pink,5.0,0.5,0.2,fpr,0.7143
libri2,libri3,pink,5.0,0.5,0.25,fpr,0.6406
libri2,libri3,pink,5.0,0.5,0.3,fpr,0.6406
libri2,libri3,pink,5.0,0.5,0.35,fpr,0.6037
libri2,libri3,pink,5.0,0.5,0.4,fpr,0.4194
libri2,libri3,pink,5.0,0.5,0.45,fpr,0.4194
libri2,libri3,pink,5.0,0.5,0.5,fpr,0.3041
libri2,libri3,pink,5.0,0.5,0.55,fpr,0.0
libri2,libri3,pink,5.0,0.6,0.2,fpr,0.7143
libri2,libri3,pink,5.0,0.6,0.25,fpr,0.6406
libri2,libri3,pink,5.0,0.6,0.3,fpr,0.6406
libri2,libri3,pink,5.0,0.6,0.35,fpr,0.4931
libri2,libri3,pink,5.0,0.6,0.4,fpr,0.4194
libri2,libri3,pink,5.0,0.6,0.45,fpr,0.1198
libri2,libri3,pink,5.0,0.6,0.5,fpr,0.0
libri2,libri3,pink,5.0,0.6,0.55,fpr,0.0
libri2,libri3,pink,5.0,0.7,0.2,fpr,0.7512
libri2,libri3,pink,5.0,0.7,0.25,fpr,0.6406
libri2,libri3,pink,5.0,0.7,0.3,fpr,0.4931
libri2,libri3,pink,5.0,0.7,0.35,fpr,0.235
libri2,libri3,pink,5.0,0.7,0.4,fpr,0.0461
libri2,libri3,pink,5.0,0.7,0.45,fpr,0.0
libri2,libri3,pink,5.0,0.7,0.5,fpr,0.0
libri2,libri3,pink,5.0,0.7,0.55,fpr,0.0
libri2,libri3,pink,5.0,0.8,0.2,fpr,0.7097
libri2,libri3,pink,5.0,0.8,0.25,fpr,0.424
libri2,libri3,pink,5.0,0.8,0.3,fpr,0.235
libri2,libri3,pink,5.0,0.8,0.35,fpr,0.0461
libri2,libri3,pink,5.0,0.8,0.4,fpr,0.0
libri2,libri3,pink,5.0,0.8,0.45,fpr,0.0
libri2,libri3,pink,5.0,0.8,0.5,fpr,0.0
libri2,libri3,pink,5.0,0.8,0.55,fpr,0.0
libri2,libri3,pink,5.0,0.9,0.2,fpr,0.7143
libri2,libri3,pink,5.0,0.9,0.25,fpr,0.2719
libri2,libri3,pink,5.0,0.9,0.3,fpr,0.0783
libri2,libri3,pink,5.0,0.9,0.35,fpr,0.0
libri2,libri3,pink,5.0,0.9,0.4,fpr,0.0
libri2,libri3,pink,5.0,0.9,0.45,fpr,0.0
libri2,libri3,pink,5.0,0.9,0.5,fpr,0.0
libri2,libri3,pink,5.0,0.9,0.55,fpr,0.0
libri2,libri3,pink,5.0,1.0,0.2,fpr,0.6083
libri2,libri3,pink,5.0,1.0,0.25,fpr,0.1889
libri2,libri3,pink,5.0,1.0,0.3,fpr,0.0
libri2,libri3,pink,5.0,1.0,0.35,fpr,0.0
libri2,libri3,pink,5.0,1.0,0.4,fpr,0.0
libri2,libri3,pink,5.0,1.0,0.45,fpr,0.0
libri2,libri3,pink,5.0,1.0,0.5,fpr,0.0
libri2,libri3,pink,5.0,1.0,0.55,fpr,0.0
libri2,libri3,pink,10.0,0.0,0.2,fpr,0.788
libri2,libri3,pink,10.0,0.0,0.25,fpr,0.788
libri2,libri3,pink,10.0,0.0,0.3,fpr,0.7143
libri2,libri3,pink,10.0,0.0,0.35,fpr,0.7143
libri2,libri3,pink,10.0,0.0,0.4,fpr,0.6774
libri2,libri3,pink,10.0,0.0,0.45,fpr,0.6774
libri2,libri3,pink,10.0,0.0,0.5,fpr,0.6774
libri2,libri3,pink,10.0,0.0,0.55,fpr,0.6037
libri2,libri3,pink,10.0,0.1,0.2,fpr,0.788
libri2,libri3,pink,10.0,0.1,0.25,fpr,0.788
libri2,libri3,pink,10.0,0.1,0.3,fpr,0.7143
libri2,libri3,pink,10.0,0.1,0.35,fpr,0.7143
libri2,libri3,pink,10.0,0.1,0.4,fpr,0.6774
libri2,libri3,pink,10.0,0.1,0.45,fpr,0.6774
libri2,libri3,pink,10.0,0.1,0.5,fpr,0.6774
libri2,libri3,pink,10.0,0.1,0.55,fpr,0.5668
libri2,libri3,pink,10.0,0.2,0.2,fpr,0.788
libri2,libri3,pink,10.0,0.2,0.25,fpr,0.788
libri2,libri3,pink,10.0,0.2,0.3,fpr,0.7143
libri2,libri3,pink,10.0,0.2,0.35,fpr,0.6774
libri2,libri3,pink,10.0,0.2,0.4,fpr,0.6774
libri2,libri3,pink,10.0,0.2,0.45,fpr,0.6774
libri2,libri3,pink,10.0,0.2,0.5,fpr,0.5668
libri2,libri3,pink,10.0,0.2,0.55,fpr,0.3825
libri2,libri3,pink,10.0,0.3,0.2,fpr,0.788
libri2,libri3,pink,10.0,0.3,0.25,fpr,0.788
libri2,libri3,pink,10.0,0.3,0.3,fpr,0.7143
libri2,libri3,pink,10.0,0.3,0.35,fpr,0.6774
libri2,libri3,pink,10.0,0.3,0.4,fpr,0.6774
libri2,libri3,pink,10.0,0.3,0.45,fpr,0.6037
libri2,libri3,pink,10.0,0.3,0.5,fpr,0.4194
libri2,libri3,pink,10.0,0.3,0.55,fpr,0.3825
libri2,libri3,pink,10.0,0.4,0.2,fpr,0.788
libri2,libri3,pink,10.0,0.4,0.25,fpr,0.7512
libri2,libri3,pink,10.0,0.4,0.3,fpr,0.7143
libri2,libri3,pink,10.0,0.4,0.35,fpr,0.6774
libri2,libri3,pink,10.0,0.4,0.4,fpr,0.6774
libri2,libri3,pink,10.0,0.4,0.45,fpr,0.4194
libri2,libri3,pink,10.0,0.4,0.5,fpr,0.3825
libri2,libri3,pink,10.0,0.4,0.55,fpr,0.3041
libri2,libri3,pink,10.0,0.5,0.2,fpr,0.788
libri2,libri3,pink,10.0,0.5,0.25,fpr,0.7512
libri2,libri3,pink,10.0,0.5,0.3,fpr,0.6774
libri2,libri3,pink,10.0,0.5,0.35,fpr,0.6774
libri2,libri3,pink,10.0,0.5,0.4,fpr,0.4194
libri2,libri3,pink,10.0,0.5,0.45,fpr,0.3825
libri2,libri3,pink,10.0,0.5,0.5,fpr,0.3041
libri2,libri3,pink,10.0,0.5,0.55,fpr,0.0
libri2,libri3,pink,10.0,0.6,0.2,fpr,0.788
libri2,libri3,pink,10.0,0.6,0.25,fpr,0.7512
libri2,libri3,pink,10.0,0.6,0.3,fpr,0.6774
libri2,libri3,pink,10.0,0.6,0.35,fpr,0.53
libri2,libri3,pink,10.0,0.6,0.4,fpr,0.4194
libri2,libri3,pink,10.0,0.6,0.45,fpr,0.1198
libri2,libri3,pink,10.0,0.6,0.5,fpr,0.0
libri2,libri3,pink,10.0,0.6,0.55,fpr,0.0
libri2,libri3,pink,10.0,0.7,0.2,fpr,0.788
libri2,libri3,pink,10.0,0.7,0.25,fpr,0.7512
libri2,libri3,pink,10.0,0.7,0.3,fpr,0.6037
libri2,libri3,pink,10.0,0.7,0.35,fpr,0.235
libri2,libri3,pink,10.0,0.7,0.4,fpr,0.1982
libri2,libri3,pink,10.0,0.7,0.45,fpr,0.0
libri2,libri3,pink,10.0,0.7,0.5,fpr,0.0
libri2,libri3,pink,10.0,0.7,0.55,fpr,0.0
libri2,libri3,pink,10.0,0.8,0.2,fpr,0.8249
libri2,libri3,pink,10.0,0.8,0.25,fpr,0.4562
libri2,libri3,pink,10.0,0.8,0.3,fpr,0.235
libri2,libri3,pink,10.0,0.8,0.35,fpr,0.1244
libri2,libri3,pink,10.0,0.8,0.4,fpr,0.0
libri2,libri3,pink,10.0,0.8,0.45,fpr,0.0
libri2,libri3,pink,10.0,0.8,0.5,fpr,0.0
libri2,libri3,pink,10.0,0.8,0.55,fpr,0.0
libri2,libri3,pink,10.0,0.9,0.2,fpr,0.5668
libri2,libri3,pink,10.0,0.9,0.25,fpr,0.3088
libri2,libri3,pink,10.0,0.9,0.3,fpr,0.1613
libri2,libri3,pink,10.0,0.9,0.35,fpr,0.0
libri2,libri3,pink,10.0,0.9,0.4,fpr,0.0
libri2,libri3,pink,10.0,0.9,0.45,fpr,0.0
libri2,libri3,pink,10.0,0.9,0.5,fpr,0.0
libri2,libri3,pink,10.0,0.9,0.55,fpr,0.0
libri2,libri3,pink,10.0,1.0,0.2,fpr,0.6774
libri2,libri3,pink,10.0,1.0,0.25,fpr,0.2673
libri2,libri3,pink,10.0,1.0,0.3,fpr,0.0
libri2,libri3,pink,10.0,1.0,0.35,fpr,0.0
libri2,libri3,pink,10.0,1.0,0.4,fpr,0.0
libri2,libri3,pink,10.0,1.0,0.45,fpr,0.0
libri2,libri3,pink,10.0,1.0,0.5,fpr,0.0
libri2,libri3,pink,10.0,1.0,0.55,fpr,0.0
libri2,libri3,pink,15.0,0.0,0.2,fpr,0.788
libri2,libri3,pink,15.0,0.0,0.25,fpr,0.788
libri2,libri3,pink,15.0,0.0,0.3,fpr,0.788
libri2,libri3,pink,15.0,0.0,0.35,fpr,0.7512
libri2,libri3,pink,15.0,0.0,0.4,fpr,0.7512
libri2,libri3,pink,15.0,0.0,0.45,fpr,0.7143
libri2,libri3,pink,15.0,0.0,0.5,fpr,0.7143
libri2,libri3,pink,15.0,0.0,0.55,fpr,0.7143
libri2,libri3,pink,15.0,0.1,0.2,fpr,0.788
libri2,libri3,pink,15.0,0.1,0.25,fpr,0.788
libri2,libri3,pink,15.0,0.1,0.3,fpr,0.7512
libri2,libri3,pink,15.0,0.1,0.35,fpr,0.7512
libri2,libri3,pink,15.0,0.1,0.4,fpr,0.7512
libri2,libri3,pink,15.0,0.1,0.45,fpr,0.7143
libri2,libri3,pink,15.0,0.1,0.5,fpr,0.7143
libri2,libri3,pink,15.0,0.1,0.55,fpr,0.6774
libri2,libri3,pink,15.0,0.2,0.2,fpr,0.788
libri2,libri3,pink,15.0,0.2,0.25,fpr,0.788
libri2,libri3,pink,15.0,0.2,0.3,fpr,0.7512
libri2,libri3,pink,15.0,0.2,0.35,fpr,0.7512
libri2,libri3,pink,15.0,0.2,0.4,fpr,0.7143
libri2,libri3,pink,15.0,0.2,0.45,fpr,0.7143
libri2,libri3,pink,15.0,0.2,0.5,fpr,0.6774
libri2,libri3,pink,15.0,0.2,0.55,fpr,0.4931
libri2,libri3,pink,15.0,0.3,0.2,fpr,0.788
libri2,libri3,pink,15.0,0.3,0.25,fpr,0.788
libri2,libri3,pink,15.0,0.3,0.3,fpr,0.7512
libri2,libri3,pink,15.0,0.3,0.35,fpr,0.7512
libri2,libri3,pink,15.0,0.3,0.4,fpr,0.7143
libri2,libri3,pink,15.0,0.3,0.45,fpr,0.7143
libri2,libri3,pink,15.0,0.3,0.5,fpr,0.4931
libri2,libri3,pink,15.0,0.3,0.55,fpr,0.4931
libri2,libri3,pink,15.0,0.4,0.2,fpr,0.9309
libri2,libri3,pink,15.0,0.4,0.25,fpr,0.788
libri2,libri3,pink,15.0,0.4,0.3,fpr,0.7512
libri2,libri3,pink,15.0,0.4,0.35,fpr,0.7143
libri2,libri3,pink,15.0,0.4,0.4,fpr,0.7143
libri2,libri3,pink,15.0,0.4,0.45,fpr,0.4931
libri2,libri3,pink,15.0,0.4,0.5,fpr,0.4931
libri2,libri3,pink,15.0,0.4,0.55,fpr,0.3825
libri2,libri3,pink,15.0,0.5,0.2,fpr,0.9309
libri2,libri3,pink,15.0,0.5,0.25,fpr,0.788
libri2,libri3,pink,15.0,0.5,0.3,fpr,0.7512
libri2,libri3,pink,15.0,0.5,0.35,fpr,0.7143
libri2,libri3,pink,15.0,0.5,0.4,fpr,0.4931
libri2,libri3,pink,15.0,0.5,0.45,fpr,0.4931
libri2,libri3,pink,15.0,0.5,0.5,fpr,0.3825
libri2,libri3,pink,15.0,0.5,0.55,fpr,0.0
libri2,libri3,pink,15.0,0.6,0.2,fpr,0.9309
libri2,libri3,pink,15.0,0.6,0.25,fpr,0.788
libri2,libri3,pink,15.0,0.6,0.3,fpr,0.7143
libri2,libri3,pink,15.0,0.6,0.35,fpr,0.4931
libri2,libri3,pink,15.0,0.6,0.4,fpr,0.4194
libri2,libri3,pink,15.0,0.6,0.45,fpr,0.1198
libri2,libri3,pink,15.0,0.6,0.5,fpr,0.0
libri2,libri3,pink,15.0,0.6,0.55,fpr,0.0
libri2,libri3,pink,15.0,0.7,0.2,fpr,0.9309
libri2,libri3,pink,15.0,0.7,0.25,fpr,0.788
libri2,libri3,pink,15.0,0.7,0.3,fpr,0.4931
libri2,libri3,pink,15.0,0.7,0.35,fpr,0.235
libri2,libri3,pink,15.0,0.7,0.4,fpr,0.0461
libri2,libri3,pink,15.0,0.7,0.45,fpr,0.0
libri2,libri3,pink,15.0,0.7,0.5,fpr,0.0
libri2,libri3,pink,15.0,0.7,0.55,fpr,0.0
libri2,libri3,pink,15.0,0.8,0.2,fpr,0.9309
libri2,libri3,pink,15.0,0.8,0.25,fpr,0.4194
libri2,libri3,pink,15.0,0.8,0.3,fpr,0.235
libri2,libri3,pink,15.0,0.8,0.35,fpr,0.0461
libri2,libri3,pink,15.0,0.8,0.4,fpr,0.0
libri2,libri3,pink,15.0,0.8,0.45,fpr,0.0
libri2,libri3,pink,15.0,0.8,0.5,fpr,0.0
libri2,libri3,pink,15.0,0.8,0.55,fpr,0.0
libri2,libri3,pink,15.0,0.9,0.2,fpr,0.6774
libri2,libri3,pink,15.0,0.9,0.25,fpr,0.235
libri2,libri3,pink,15.0,0.9,0.3,fpr,0.0
libri2,libri3,pink,15.0,0.9,0.35,fpr,0.0
libri2,libri3,pink,15.0,0.9,0.4,fpr,0.0
libri2,libri3,pink,15.0,0.9,0.45,fpr,0.0
libri2,libri3,pink,15.0,0.9,0.5,fpr,0.0
libri2,libri3,pink,15.0,0.9,0.55,fpr,0.0
libri2,libri3,pink,15.0,1.0,0.2,fpr,0.5714
libri2,libri3,pink,15.0,1.0,0.25,fpr,0.2258
libri2,libri3,pink,15.0,1.0,0.3,fpr,0.0
libri2,libri3,pink,15.0,1.0,0.35,fpr,0.0
libri2,libri3,pink,15.0,1.0,0.4,fpr,0.0
libri2,libri3,pink,15.0,1.0,0.45,fpr,0.0
libri2,libri3,pink,15.0,1.0,0.5,fpr,0.0
libri2,libri3,pink,15.0,1.0,0.55,fpr,0.0
libri2,libri3,pink,20.0,0.0,0.2,fpr,0.788
libri2,libri3,pink,20.0,0.0,0.25,fpr,0.7512
libri2,libri3,pink,20.0,0.0,0.3,fpr,0.7512
libri2,libri3,pink,20.0,0.0,0.35,fpr,0.7512
libri2,libri3,pink,20.0,0.0,0.4,fpr,0.7512
libri2,libri3,pink,20.0,0.0,0.45,fpr,0.7512
libri2,libri3,pink,20.0,0.0,0.5,fpr,0.7512
libri2,libri3,pink,20.0,0.0,0.55,fpr,0.7143
libri2,libri3,pink,20.0,0.1,0.2,fpr,0.788
libri2,libri3,pink,20.0,0.1,0.25,fpr,0.7512
libri2,libri3,pink,20.0,0.1,0.3,fpr,0.7512
libri2,libri3,pink,20.0,0.1,0.35,fpr,0.7512
libri2,libri3,pink,20.0,0.1,0.4,fpr,0.7512
libri2,libri3,pink,20.0,0.1,0.45,fpr,0.7512
libri2,libri3,pink,20.0,0.1,0.5,fpr,0.7143
libri2,libri3,pink,20.0,0.1,0.55,fpr,0.7143
libri2,libri3,pink,20.0,0.2,0.2,fpr,0.788
libri2,libri3,pink,20.0,0.2,0.25,fpr,0.7512
libri2,libri3,pink,20.0,0.2,0.3,fpr,0.7512
libri2,libri3,pink,20.0,0.2,0.35,fpr,0.7512
libri2,libri3,pink,20.0,0.2,0.4,fpr,0.7512
libri2,libri3,pink,20.0,0.2,0.45,fpr,0.7143
libri2,libri3,pink,20.0,0.2,0.5,fpr,0.7143
libri2,libri3,pink,20.0,0.2,0.55,fpr,0.6083
libri2,libri3,pink,20.0,0.3,0.2,fpr,0.788
libri2,libri3,pink,20.0,0.3,0.25,fpr,0.7512
libri2,libri3,pink,20.0,0.3,0.3,fpr,0.7512
libri2,libri3,pink,20.0,0.3,0.35,fpr,0.7512
libri2,libri3,pink,20.0,0.3,0.4,fpr,0.7512
libri2,libri3,pink,20.0,0.3,0.45,fpr,0.7143
libri2,libri3,pink,20.0,0.3,0.5,fpr,0.6083
libri2,libri3,pink,20.0,0.3,0.55,fpr,0.6083
libri2,libri3,pink,20.0,0.4,0.2,fpr,0.788
libri2,libri3,pink,20.0,0.4,0.25,fpr,0.7512
libri2,libri3,pink,20.0,0.4,0.3,fpr,0.7512
libri2,libri3,pink,20.0,0.4,0.35,fpr,0.7512
libri2,libri3,pink,20.0,0.4,0.4,fpr,0.7143
libri2,libri3,pink,20.0,0.4,0.45,fpr,0.6083
libri2,libri3,pink,20.0,0.4,0.5,fpr,0.576
libri2,libri3,pink,20.0,0.4,0.55,fpr,0.4194
libri2,libri3,pink,20.0,0.5,0.2,fpr,0.9309
libri2,libri3,pink,20.0,0.5,0.25,fpr,0.7512
libri2,libri3,pink,20.0,0.5,0.3,fpr,0.7512
libri2,libri3,pink,20.0,0.5,0.35,fpr,0.7143
libri2,libri3,pink,20.0,0.5,0.4,fpr,0.6083
libri2,libri3,pink,20.0,0.5,0.45,fpr,0.4608
libri2,libri3,pink,20.0,0.5,0.5,fpr,0.341
libri2,libri3,pink,20.0,0.5,0.55,fpr,0.0
libri2,libri3,pink,20.0,0.6,0.2,fpr,0.9309
libri2,libri3,pink,20.0,0.6,0.25,fpr,0.7512
libri2,libri3,pink,20.0,0.6,0.3,fpr,0.7512
libri2,libri3,pink,20.0,0.6,0.35,fpr,0.6452
libri2,libri3,pink,20.0,0.6,0.4,fpr,0.4608
libri2,libri3,pink,20.0,0.6,0.45,fpr,0.0
libri2,libri3,pink,20.0,0.6,0.5,fpr,0.0
libri2,libri3,pink,20.0,0.6,0.55,fpr,0.0
libri2,libri3,pink,20.0,0.7,0.2,fpr,0.9309
libri2,libri3,pink,20.0,0.7,0.25,fpr,0.7512
libri2,libri3,pink,20.0,0.7,0.3,fpr,0.6452
libri2,libri3,pink,20.0,0.7,0.35,fpr,0.235
libri2,libri3,pink,20.0,0.7,0.4,fpr,0.0
libri2,libri3,pink,20.0,0.7,0.45,fpr,0.0
libri2,libri3,pink,20.0,0.7,0.5,fpr,0.0
libri2,libri3,pink,20.0,0.7,0.55,fpr,0.0
libri2,libri3,pink,20.0,0.8,0.2,fpr,0.9309
libri2,libri3,pink,20.0,0.8,0.25,fpr,0.4608
libri2,libri3,pink,20.0,0.8,0.3,fpr,0.0783
libri2,libri3,pink,20.0,0.8,0.35,fpr,0.0
libri2,libri3,pink,20.0,0.8,0.4,fpr,0.0
libri2,libri3,pink,20.0,0.8,0.45,fpr,0.0
libri2,libri3,pink,20.0,0.8,0.5,fpr,0.0
libri2,libri3,pink,20.0,0.8,0.55,fpr,0.0
libri2,libri3,pink,20.0,0.9,0.2,fpr,0.7143
libri2,libri3,pink,20.0,0.9,0.25,fpr,0.0783
libri2,libri3,pink,20.0,0.9,0.3,fpr,0.0
libri2,libri3,pink,20.0,0.9,0.35,fpr,0.0
libri2,libri3,pink,20.0,0.9,0.4,fpr,0.0
libri2,libri3,pink,20.0,0.9,0.45,fpr,0.0
libri2,libri3,pink,20.0,0.9,0.5,fpr,0.0
libri2,libri3,pink,20.0,0.9,0.55,fpr,0.0
libri2,libri3,pink,20.0,1.0,0.2,fpr,0.53
libri2,libri3,pink,20.0,1.0,0.25,fpr,0.0783
libri2,libri3,pink,20.0,1.0,0.3,fpr,0.0
libri2,libri3,pink,20.0,1.0,0.35,fpr,0.0
libri2,libri3,pink,20.0,1.0,0.4,fpr,0.0
libri2,libri3,pink,20.0,1.0,0.45,fpr,0.0
libri2,libri3,pink,20.0,1.0,0.5,fpr,0.0
libri2,libri3,pink,20.0,1.0,0.55,fpr,0.0
libri3,libri1,white,-5.0,0.0,0.2,fpr,0.2771
libri3,libri1,white,-5.0,0.0,0.25,fpr,0.2771
libri3,libri1,white,-5.0,0.0,0.3,fpr,0.2771
libri3,libri1,white,-5.0,0.0,0.35,fpr,0.2771
libri3,libri1,white,-5.0,0.0,0.4,fpr,0.2771
libri3,libri1,white,-5.0,0.0,0.45,fpr,0.2771
libri3,libri1,white,-5.0,0.0,0.5,fpr,0.2771
libri3,libri1,white,-5.0,0.0,0.55,fpr,0.2771
libri3,libri1,white,-5.0,0.1,0.2,fpr,0.2771
libri3,libri1,white,-5.0,0.1,0.25,fpr,0.2771
libri3,libri1,white,-5.0,0.1,0.3,fpr,0.2771
libri3,libri1,white,-5.0,0.1,0.35,fpr,0.2771
libri3,libri1,white,-5.0,0.1,0.4,fpr,0.2771
libri3,libri1,white,-5.0,0.1,0.45,fpr,0.2771
libri3,libri1,white,-5.0,0.1,0.5,fpr,0.2771
libri3,libri1,white,-5.0,0.1,0.55,fpr,0.2771
libri3,libri1,white,-5.0,0.2,0.2,fpr,0.2771
libri3,libri1,white,-5.0,0.2,0.25,fpr,0.2771
libri3,libri1,white,-5.0,0.2,0.3,fpr,0.2771
libri3,libri1,white,-5.0,0.2,0.35,fpr,0.2771
libri3,libri1,white,-5.0,0.2,0.4,fpr,0.2771
libri3,libri1,white,-5.0,0.2,0.45,fpr,0.2771
libri3,libri1,white,-5.0,0.2,0.5,fpr,0.2771
libri3,libri1,white,-5.0,0.2,0.55,fpr,0.2771
libri3,libri1,white,-5.0,0.3,0.2,fpr,0.2771
libri3,libri1,white,-5.0,0.3,0.25,fpr,0.2771
libri3,libri1,white,-5.0,0.3,0.3,fpr,0.2771
libri3,libri1,white,-5.0,0.3,0.35,fpr,0.2771
libri3,libri1,white,-5.0,0.3,0.4,fpr,0.2771
libri3,libri1,white,-5.0,0.3,0.45,fpr,0.2771
libri3,libri1,white,-5.0,0.3,0.5,fpr,0.2771
libri3,libri1,white,-5.0,0.3,0.55,fpr,0.2771
libri3,libri1,white,-5.0,0.4,0.2,fpr,0.2771
libri3,libri1,white,-5.0,0.4,0.25,fpr,0.2771
libri3,libri1,white,-5.0,0.4,0.3,fpr,0.2771
libri3,libri1,white,-5.0,0.4,0.35,fpr,0.2771
libri3,libri1,white,-5.0,0.4,0.4,fpr,0.2771
libri3,libri1,white,-5.0,0.4,0.45,fpr,0.2771
libri3,libri1,white,-5.0,0.4,0.5,fpr,0.2771
libri3,libri1,white,-5.0,0.4,0.55,fpr,0.2771
libri3,libri1,white,-5.0,0.5,0.2,fpr,0.2771
libri3,libri1,white,-5.0,0.5,0.25,fpr,0.2771
libri3,libri1,white,-5.0,0.5,0.3,fpr,0.2771
libri3,libri1,white,-5.0,0.5,0.35,fpr,0.2771
libri3,libri1,white,-5.0,0.5,0.4,fpr,0.2771
libri3,libri1,white,-5.0,0.5,0.45,fpr,0.2771
libri3,libri1,white,-5.0,0.5,0.5,fpr,0.2771
libri3,libri1,white,-5.0,0.5,0.55,fpr,0.0
libri3,libri1,white,-5.0,0.6,0.2,fpr,0.2771
libri3,libri1,white,-5.0,0.6,0.25,fpr,0.2771
libri3,libri1,white,-5.0,0.6,0.3,fpr,0.2771
libri3,libri1,white,-5.0,0.6,0.35,fpr,0.2771
libri3,libri1,white,-5.0,0.6,0.4,fpr,0.2771
libri3,libri1,white,-5.0,0.6,0.45,fpr,0.0
libri3,libri1,white,-5.0,0.6,0.5,fpr,0.0
libri3,libri1,white,-5.0,0.6,0.55,fpr,0.0
libri3,libri1,white,-5.0,0.7,0.2,fpr,0.2771
libri3,libri1,white,-5.0,0.7,0.25,fpr,0.2771
libri3,libri1,white,-5.0,0.7,0.3,fpr,0.2771
libri3,libri1,white,-5.0,0.7,0.35,fpr,0.0
libri3,libri1,white,-5.0,0.7,0.4,fpr,0.0
libri3,libri1,white,-5.0,0.7,0.45,fpr,0.0
libri3,libri1,white,-5.0,0.7,0.5,fpr,0.0
libri3,libri1,white,-5.0,0.7,0.55,fpr,0.0
libri3,libri1,white,-5.0,0.8,0.2,fpr,0.3506
libri3,libri1,white,-5.0,0.8,0.25,fpr,0.0
libri3,libri1,white,-5.0,0.8,0.3,fpr,0.0
libri3,libri1,white,-5.0,0.8,0.35,fpr,0.0
libri3,libri1,white,-5.0,0.8,0.4,fpr,0.0
libri3,libri1,white,-5.0,0.8,0.45,fpr,0.0
libri3,libri1,white,-5.0,0.8,0.5,fpr,0.0
libri3,libri1,white,-5.0,0.8,0.55,fpr,0.0
libri3,libri1,white,-5.0,0.9,0.2,fpr,0.0736
libri3,libri1,white,-5.0,0.9,0.25,fpr,0.0
libri3,libri1,white,-5.0,0.9,0.3,fpr,0.0
libri3,libri1,white,-5.0,0.9,0.35,fpr,0.0
libri3,libri1,white,-5.0,0.9,0.4,fpr,0.0
libri3,libri1,white,-5.0,0.9,0.45,fpr,0.0
libri3,libri1,white,-5.0,0.9,0.5,fpr,0.0
libri3,libri1,white,-5.0,0.9,0.55,fpr,0.0
libri3,libri1,white,-5.0,1.0,0.2,fpr,0.1472
libri3,libri1,white,-5.0,1.0,0.25,fpr,0.0736
libri3,libri1,white,-5.0,1.0,0.3,fpr,0.0
libri3,libri1,white,-5.0,1.0,0.35,fpr,0.0
libri3,libri1,white,-5.0,1.0,0.4,fpr,0.0
libri3,libri1,white,-5.0,1.0,0.45,fpr,0.0
libri3,libri1,white,-5.0,1.0,0.5,fpr,0.0
libri3,libri1,white,-5.0,1.0,0.55,fpr,0.0
libri3,libri1,white,0.0,0.0,0.2,fpr,0.303
libri3,libri1,white,0.0,0.0,0.25,fpr,0.303
libri3,libri1,white,0.0,0.0,0.3,fpr,0.303
libri3,libri1,white,0.0,0.0,0.35,fpr,0.303
libri3,libri1,white,0.0,0.0,0.4,fpr,0.303
libri3,libri1,white,0.0,0.0,0.45,fpr,0.303
libri3,libri1,white,0.0,0.0,0.5,fpr,0.303
libri3,libri1,white,0.0,0.0,0.55,fpr,0.303
libri3,libri1,white,0.0,0.1,0.2,fpr,0.303
libri3,libri1,white,0.0,0.1,0.25,fpr,0.303
libri3,libri1,white,0.0,0.1,0.3,fpr,0.303
libri3,libri1,white,0.0,0.1,0.35,fpr,0.303
libri3,libri1,white,0.0,0.1,0.4,fpr,0.303
libri3,libri1,white,0.0,0.1,0.45,fpr,0.303
libri3,libri1,white,0.0,0.1,0.5,fpr,0.303
libri3,libri1,white,0.0,0.1,0.55,fpr,0.303
libri3,libri1,white,0.0,0.2,0.2,fpr,0.303
libri3,libri1,white,0.0,0.2,0.25,fpr,0.303
libri3,libri1,white,0.0,0.2,0.3,fpr,0.303
libri3,libri1,white,0.0,0.2,0.35,fpr,0.303
libri3,libri1,white,0.0,0.2,0.4,fpr,0.303
libri3,libri1,white,0.0,0.2,0.45,fpr,0.303
libri3,libri1,white,0.0,0.2,0.5,fpr,0.303
libri3,libri1,white,0.0,0.2,0.55,fpr,0.303
libri3,libri1,white,0.0,0.3,0.2,fpr,0.303
libri3,libri1,white,0.0,0.3,0.25,fpr,0.303
libri3,libri1,white,0.0,0.3,0.3,fpr,0.303
libri3,libri1,white,0.0,0.3,0.35,fpr,0.303
libri3,libri1,white,0.0,0.3,0.4,fpr,0.303
libri3,libri1,white,0.0,0.3,0.45,fpr,0.303
libri3,libri1,white,0.0,0.3,0.5,fpr,0.303
libri3,libri1,white,0.0,0.3,0.55,fpr,0.303
libri3,libri1,white,0.0,0.4,0.2,fpr,0.303
libri3,libri1,white,0.0,0.4,0.25,fpr,0.303
libri3,libri1,white,0.0,0.4,0.3,fpr,0.303
libri3,libri1,white,0.0,0.4,0.35,fpr,0.303
libri3,libri1,white,0.0,0.4,0.4,fpr,0.303
libri3,libri1,white,0.0,0.4,0.45,fpr,0.303
libri3,libri1,white,0.0,0.4,0.5,fpr,0.303
libri3,libri1,white,0.0,0.4,0.55,fpr,0.303
libri3,libri1,white,0.0,0.5,0.2,fpr,0.303
libri3,libri1,white,0.0,0.5,0.25,fpr,0.303
libri3,libri1,white,0.0,0.5,0.3,fpr,0.303
libri3,libri1,white,0.0,0.5,0.35,fpr,0.303
libri3,libri1,white,0.0,0.5,0.4,fpr,0.303
libri3,libri1,white,0.0,0.5,0.45,fpr,0.303
libri3,libri1,white,0.0,0.5,0.5,fpr,0.303
libri3,libri1,white,0.0,0.5,0.55,fpr,0.0
libri3,libri1,white,0.0,0.6,0.2,fpr,0.303
libri3,libri1,white,0.0,0.6,0.25,fpr,0.303
libri3,libri1,white,0.0,0.6,0.3,fpr,0.303
libri3,libri1,white,0.0,0.6,0.35,fpr,0.303
libri3,libri1,white,0.0,0.6,0.4,fpr,0.303
libri3,libri1,white,0.0,0.6,0.45,fpr,0.0
libri3,libri1,white,0.0,0.6,0.5,fpr,0.0
libri3,libri1,white,0.0,0.6,0.55,fpr,0.0
libri3,libri1,white,0.0,0.7,0.2,fpr,0.303
libri3,libri1,white,0.0,0.7,0.25,fpr,0.303
libri3,libri1,white,0.0,0.7,0.3,fpr,0.303
libri3,libri1,white,0.0,0.7,0.35,fpr,0.0
libri3,libri1,white,0.0,0.7,0.4,fpr,0.0
libri3,libri1,white,0.0,0.7,0.45,fpr,0.0
libri3,libri1,white,0.0,0.7,0.5,fpr,0.0
libri3,libri1,white,0.0,0.7,0.55,fpr,0.0
libri3,libri1,white,0.0,0.8,0.2,fpr,0.303
libri3,libri1,white,0.0,0.8,0.25,fpr,0.0
libri3,libri1,white,0.0,0.8,0.3,fpr,0.0
libri3,libri1,white,0.0,0.8,0.35,fpr,0.0
libri3,libri1,white,0.0,0.8,0.4,fpr,0.0
libri3,libri1,white,0.0,0.8,0.45,fpr,0.0
libri3,libri1,white,0.0,0.8,0.5,fpr,0.0
libri3,libri1,white,0.0,0.8,0.55,fpr,0.0
libri3,libri1,white,0.0,0.9,0.2,fpr,0.2165
libri3,libri1,white,0.0,0.9,0.25,fpr,0.0
libri3,libri1,white,0.0,0.9,0.3,fpr,0.0
libri3,libri1,white,0.0,0.9,0.35,fpr,0.0
libri3,libri1,white,0.0,0.9,0.4,fpr,0.0
libri3,libri1,white,0.0,0.9,0.45,fpr,0.0
libri3,libri1,white,0.0,0.9,0.5,fpr,0.0
libri3,libri1,white,0.0,0.9,0.55,fpr,0.0
libri3,libri1,white,0.0,1.0,0.2,fpr,0.2857
libri3,libri1,white,0.0,1.0,0.25,fpr,0.0
libri3,libri1,white,0.0,1.0,0.3,fpr,0.0
libri3,libri1,white,0.0,1.0,0.35,fpr,0.0
libri3,libri1,white,0.0,1.0,0.4,fpr,0.0
libri3,libri1,white,0.0,1.0,0.45,fpr,0.0
libri3,libri1,white,0.0,1.0,0.5,fpr,0.0
libri3,libri1,white,0.0,1.0,0.55,fpr,0.0
libri3,libri1,white,5.0,0.0,0.2,fpr,0.303
libri3,libri1,white,5.0,0.0,0.25,fpr,0.303
libri3,libri1,white,5.0,0.0,0.3,fpr,0.303
libri3,libri1,white,5.0,0.0,0.35,fpr,0.303
libri3,libri1,white,5.0,0.0,0.4,fpr,0.303
libri3,libri1,white,5.0,0.0,0.45,fpr,0.303
libri3,libri1,white,5.0,0.0,0.5,fpr,0.303
libri3,libri1,white,5.0,0.0,0.55,fpr,0.303
libri3,libri1,white,5.0,0.1,0.2,fpr,0.303
libri3,libri1,white,5.0,0.1,0.25,fpr,0.303
libri3,libri1,white,5.0,0.1,0.3,fpr,0.303
libri3,libri1,white,5.0,0.1,0.35,fpr,0.303
libri3,libri1,white,5.0,0.1,0.4,fpr,0.303
libri3,libri1,white,5.0,0.1,0.45,fpr,0.303
libri3,libri1,white,5.0,0.1,0.5,fpr,0.303
libri3,libri1,white,5.0,0.1,0.55,fpr,0.303
libri3,libri1,white,5.0,0.2,0.2,fpr,0.303
libri3,libri1,white,5.0,0.2,0.25,fpr,0.303
libri3,libri1,white,5.0,0.2,0.3,fpr,0.303
libri3,libri1,white,5.0,0.2,0.35,fpr,0.303
libri3,libri1,white,5.0,0.2,0.4,fpr,0.303
libri3,libri1,white,5.0,0.2,0.45,fpr,0.303
libri3,libri1,white,5.0,0.2,0.5,fpr,0.303
libri3,libri1,white,5.0,0.2,0.55,fpr,0.303
libri3,libri1,white,5.0,0.3,0.2,fpr,0.303
libri3,libri1,white,5.0,0.3,0.25,fpr,0.303
libri3,libri1,white,5.0,0.3,0.3,fpr,0.303
libri3,libri1,white,5.0,0.3,0.35,fpr,0.303
libri3,libri1,white,5.0,0.3,0.4,fpr,0.303
libri3,libri1,white,5.0,0.3,0.45,fpr,0.303
libri3,libri1,white,5.0,0.3,0.5,fpr,0.303
libri3,libri1,white,5.0,0.3,0.55,fpr,0.303
libri3,libri1,white,5.0,0.4,0.2,fpr,0.303
libri3,libri1,white,5.0,0.4,0.25,fpr,0.303
libri3,libri1,white,5.0,0.4,0.3,fpr,0.303
libri3,libri1,white,5.0,0.4,0.35,fpr,0.303
libri3,libri1,white,5.0,0.4,0.4,fpr,0.303
libri3,libri1,white,5.0,0.4,0.45,fpr,0.303
libri3,libri1,white,5.0,0.4,0.5,fpr,0.303
libri3,libri1,white,5.0,0.4,0.55,fpr,0.303
libri3,libri1,white,5.0,0.5,0.2,fpr,0.303
libri3,libri1,white,5.0,0.5,0.25,fpr,0.303
libri3,libri1,white,5.0,0.5,0.3,fpr,0.303
libri3,libri1,white,5.0,0.5,0.35,fpr,0.303
libri3,libri1,white,5.0,0.5,0.4,fpr,0.303
libri3,libri1,white,5.0,0.5,0.45,fpr,0.303
libri3,libri1,white,5.0,0.5,0.5,fpr,0.303
libri3,libri1,white,5.0,0.5,0.55,fpr,0.0
libri3,libri1,white,5.0,0.6,0.2,fpr,0.303
libri3,libri1,white,5.0,0.6,0.25,fpr,0.303
libri3,libri1,white,5.0,0.6,0.3,fpr,0.303
libri3,libri1,white,5.0,0.6,0.35,fpr,0.303
libri3,libri1,white,5.0,0.6,0.4,fpr,0.303
libri3,libri1,white,5.0,0.6,0.45,fpr,0.0
libri3,libri1,white,5.0,0.6,0.5,fpr,0.0
libri3,libri1,white,5.0,0.6,0.55,fpr,0.0
libri3,libri1,white,5.0,0.7,0.2,fpr,0.3766
libri3,libri1,white,5.0,0.7,0.25,fpr,0.303
libri3,libri1,white,5.0,0.7,0.3,fpr,0.303
libri3,libri1,white,5.0,0.7,0.35,fpr,0.0
libri3,libri1,white,5.0,0.7,0.4,fpr,0.0
libri3,libri1,white,5.0,0.7,0.45,fpr,0.0
libri3,libri1,white,5.0,0.7,0.5,fpr,0.0
libri3,libri1,white,5.0,0.7,0.55,fpr,0.0
libri3,libri1,white,5.0,0.8,0.2,fpr,0.5195
libri3,libri1,white,5.0,0.8,0.25,fpr,0.0
libri3,libri1,white,5.0,0.8,0.3,fpr,0.0
libri3,libri1,white,5.0,0.8,0.35,fpr,0.0
libri3,libri1,white,5.0,0.8,0.4,fpr,0.0
libri3,libri1,white,5.0,0.8,0.45,fpr,0.0
libri3,libri1,white,5.0,0.8,0.5,fpr,0.0
libri3,libri1,white,5.0,0.8,0.55,fpr,0.0
libri3,libri1,white,5.0,0.9,0.2,fpr,0.2857
libri3,libri1,white,5.0,0.9,0.25,fpr,0.0736
libri3,libri1,white,5.0,0.9,0.3,fpr,0.0
libri3,libri1,white,5.0,0.9,0.35,fpr,0.0
libri3,libri1,white,5.0,0.9,0.4,fpr,0.0
libri3,libri1,white,5.0,0.9,0.45,fpr,0.0
libri3,libri1,white,5.0,0.9,0.5,fpr,0.0
libri3,libri1,white,5.0,0.9,0.55,fpr,0.0
libri3,libri1,white,5.0,1.0,0.2,fpr,0.3203
libri3,libri1,white,5.0,1.0,0.25,fpr,0.2165
libri3,libri1,white,5.0,1.0,0.3,fpr,0.0
libri3,libri1,white,5.0,1.0,0.35,fpr,0.0
libri3,libri1,white,5.0,1.0,0.4,fpr,0.0
libri3,libri1,white,5.0,1.0,0.45,fpr,0.0
libri3,libri1,white,5.0,1.0,0.5,fpr,0.0
libri3,libri1,white,5.0,1.0,0.55,fpr,0.0
libri3,libri1,white,10.0,0.0,0.2,fpr,0.2641
libri3,libri1,white,10.0,0.0,0.25,fpr,0.2641
libri3,libri1,white,10.0,0.0,0.3,fpr,0.2641
libri3,libri1,white,10.0,0.0,0.35,fpr,0.2641
libri3,libri1,white,10.0,0.0,0.4,fpr,0.2641
libri3,libri1,white,10.0,0.0,0.45,fpr,0.2641
libri3,libri1,white,10.0,0.0,0.5,fpr,0.2641
libri3,libri1,white,10.0,0.0,0.55,fpr,0.2641
libri3,libri1,white,10.0,0.1,0.2,fpr,0.2641
libri3,libri1,white,10.0,0.1,0.25,fpr,0.2641
libri3,libri1,white,10.0,0.1,0.3,fpr,0.2641
libri3,libri1,white,10.0,0.1,0.35,fpr,0.2641
libri3,libri1,white,10.0,0.1,0.4,fpr,0.2641
libri3,libri1,white,10.0,0.1,0.45,fpr,0.2641
libri3,libri1,white,10.0,0.1,0.5,fpr,0.2641
libri3,libri1,white,10.0,0.1,0.55,fpr,0.2641
libri3,libri1,white,10.0,0.2,0.2,fpr,0.2641
libri3,libri1,white,10.0,0.2,0.25,fpr,0.2641
libri3,libri1,white,10.0,0.2,0.3,fpr,0.2641
libri3,libri1,white,10.0,0.2,0.35,fpr,0.2641
libri3,libri1,white,10.0,0.2,0.4,fpr,0.2641
libri3,libri1,white,10.0,0.2,0.45,fpr,0.2641
libri3,libri1,white,10.0,0.2,0.5,fpr,0.2641
libri3,libri1,white,10.0,0.2,0.55,fpr,0.2641
libri3,libri1,white,10.0,0.3,0.2,fpr,0.2641
libri3,libri1,white,10.0,0.3,0.25,fpr,0.2641
libri3,libri1,white,10.0,0.3,0.3,fpr,0.2641
libri3,libri1,white,10.0,0.3,0.35,fpr,0.2641
libri3,libri1,white,10.0,0.3,0.4,fpr,0.2641
libri3,libri1,white,10.0,0.3,0.45,fpr,0.2641
libri3,libri1,white,10.0,0.3,0.5,fpr,0.2641
libri3,libri1,white,10.0,0.3,0.55,fpr,0.2641
libri3,libri1,white,10.0,0.4,0.2,fpr,0.2641
libri3,libri1,white,10.0,0.4,0.25,fpr,0.2641
libri3,libri1,white,10.0,0.4,0.3,fpr,0.2641
libri3,libri1,white,10.0,0.4,0.35,fpr,0.2641
libri3,libri1,white,10.0,0.4,0.4,fpr,0.2641
libri3,libri1,white,10.0,0.4,0.45,fpr,0.2641
libri3,libri1,white,10.0,0.4,0.5,fpr,0.2641
libri3,libri1,white,10.0,0.4,0.55,fpr,0.2641
libri3,libri1,white,10.0,0.5,0.2,fpr,0.2641
libri3,libri1,white,10.0,0.5,0.25,fpr,0.2641
libri3,libri1,white,10.0,0.5,0.3,fpr,0.2641
libri3,libri1,white,10.0,0.5,0.35,fpr,0.2641
libri3,libri1,white,10.0,0.5,0.4,fpr,0.2641
libri3,libri1,white,10.0,0.5,0.45,fpr,0.2641
libri3,libri1,white,10.0,0.5,0.5,fpr,0.2641
libri3,libri1,white,10.0,0.5,0.55,fpr,0.0
libri3,libri1,white,10.0,0.6,0.2,fpr,0.2641
libri3,libri1,white,10.0,0.6,0.25,fpr,0.2641
libri3,libri1,white,10.0,0.6,0.3,fpr,0.2641
libri3,libri1,white,10.0,0.6,0.35,fpr,0.2641
libri3,libri1,white,10.0,0.6,0.4,fpr,0.2641
libri3,libri1,white,10.0,0.6,0.45,fpr,0.0
libri3,libri1,white,10.0,0.6,0.5,fpr,0.0
libri3,libri1,white,10.0,0.6,0.55,fpr,0.0
libri3,libri1,white,10.0,0.7,0.2,fpr,0.2641
libri3,libri1,white,10.0,0.7,0.25,fpr,0.2641
libri3,libri1,white,10.0,0.7,0.3,fpr,0.2641
libri3,libri1,white,10.0,0.7,0.35,fpr,0.0
libri3,libri1,white,10.0,0.7,0.4,fpr,0.0
libri3,libri1,white,10.0,0.7,0.45,fpr,0.0
libri3,libri1,white,10.0,0.7,0.5,fpr,0.0
libri3,libri1,white,10.0,0.7,0.55,fpr,0.0
libri3,libri1,white,10.0,0.8,0.2,fpr,0.4416
libri3,libri1,white,10.0,0.8,0.25,fpr,0.0
libri3,libri1,white,10.0,0.8,0.3,fpr,0.0
libri3,libri1,white,10.0,0.8,0.35,fpr,0.0
libri3,libri1,white,10.0,0.8,0.4,fpr,0.0
libri3,libri1,white,10.0,0.8,0.45,fpr,0.0
libri3,libri1,white,10.0,0.8,0.5,fpr,0.0
libri3,libri1,white,10.0,0.8,0.55,fpr,0.0
libri3,libri1,white,10.0,0.9,0.2,fpr,0.2597
libri3,libri1,white,10.0,0.9,0.25,fpr,0.0
libri3,libri1,white,10.0,0.9,0.3,fpr,0.0
libri3,libri1,white,10.0,0.9,0.35,fpr,0.0
libri3,libri1,white,10.0,0.9,0.4,fpr,0.0
libri3,libri1,white,10.0,0.9,0.45,fpr,0.0
libri3,libri1,white,10.0,0.9,0.5,fpr,0.0
libri3,libri1,white,10.0,0.9,0.55,fpr,0.0
libri3,libri1,white,10.0,1.0,0.2,fpr,0.368
libri3,libri1,white,10.0,1.0,0.25,fpr,0.1775
libri3,libri1,white,10.0,1.0,0.3,fpr,0.0
libri3,libri1,white,10.0,1.0,0.35,fpr,0.0
libri3,libri1,white,10.0,1.0,0.4,fpr,0.0
libri3,libri1,white,10.0,1.0,0.45,fpr,0.0
libri3,libri1,white,10.0,1.0,0.5,fpr,0.0
libri3,libri1,white,10.0,1.0,0.55,fpr,0.0
libri3,libri1,white,15.0,0.0,0.2,fpr,0.2554
libri3,libri1,white,15.0,0.0,0.25,fpr,0.2554
libri3,libri1,white,15.0,0.0,0.3,fpr,0.2554
libri3,libri1,white,15.0,0.0,0.35,fpr,0.2554
libri3,libri1,white,15.0,0.0,0.4,fpr,0.2554
libri3,libri1,white,15.0,0.0,0.45,fpr,0.2554
libri3,libri1,white,15.0,0.0,0.5,fpr,0.2554
libri3,libri1,white,15.0,0.0,0.55,fpr,0.2554
libri3,libri1,white,15.0,0.1,0.2,fpr,0.2554
libri3,libri1,white,15.0,0.1,0.25,fpr,0.2554
libri3,libri1,white,15.0,0.1,0.3,fpr,0.2554
libri3,libri1,white,15.0,0.1,0.35,fpr,0.2554
libri3,libri1,white,15.0,0.1,0.4,fpr,0.2554
libri3,libri1,white,15.0,0.1,0.45,fpr,0.2554
libri3,libri1,white,15.0,0.1,0.5,fpr,0.2554
libri3,libri1,white,15.0,0.1,0.55,fpr,0.2554
libri3,libri1,white,15.0,0.2,0.2,fpr,0.2554
libri3,libri1,white,15.0,0.2,0.25,fpr,0.2554
libri3,libri1,white,15.0,0.2,0.3,fpr,0.2554
libri3,libri1,white,15.0,0.2,0.35,fpr,0.2554
libri3,libri1,white,15.0,0.2,0.4,fpr,0.2554
libri3,libri1,white,15.0,0.2,0.45,fpr,0.2554
libri3,libri1,white,15.0,0.2,0.5,fpr,0.2554
libri3,libri1,white,15.0,0.2,0.55,fpr,0.2554
libri3,libri1,white,15.0,0.3,0.2,fpr,0.2554
libri3,libri1,white,15.0,0.3,0.25,fpr,0.2554
libri3,libri1,white,15.0,0.3,0.3,fpr,0.2554
libri3,libri1,white,15.0,0.3,0.35,fpr,0.2554
libri3,libri1,white,15.0,0.3,0.4,fpr,0.2554
libri3,libri1,white,15.0,0.3,0.45,fpr,0.2554
libri3,libri1,white,15.0,0.3,0.5,fpr,0.2554
libri3,libri1,white,15.0,0.3,0.55,fpr,0.2554
libri3,libri1,white,15.0,0.4,0.2,fpr,0.2554
libri3,libri1,white,15.0,0.4,0.25,fpr,0.2554
libri3,libri1,white,15.0,0.4,0.3,fpr,0.2554
libri3,libri1,white,15.0,0.4,0.35,fpr,0.2554
libri3,libri1,white,15.0,0.4,0.4,fpr,0.2554
libri3,libri1,white,15.0,0.4,0.45,fpr,0.2554
libri3,libri1,white,15.0,0.4,0.5,fpr,0.2554
libri3,libri1,white,15.0,0.4,0.55,fpr,0.2554
libri3,libri1,white,15.0,0.5,0.2,fpr,0.2554
libri3,libri1,white,15.0,0.5,0.25,fpr,0.2554
libri3,libri1,white,15.0,0.5,0.3,fpr,0.2554
libri3,libri1,white,15.0,0.5,0.35,fpr,0.2554
libri3,libri1,white,15.0,0.5,0.4,fpr,0.2554
libri3,libri1,white,15.0,0.5,0.45,fpr,0.2554
libri3,libri1,white,15.0,0.5,0.5,fpr,0.2554
libri3,libri1,white,15.0,0.5,0.55,fpr,0.0
libri3,libri1,white,15.0,0.6,0.2,fpr,0.2554
libri3,libri1,white,15.0,0.6,0.25,fpr,0.2554
libri3,libri1,white,15.0,0.6,0.3,fpr,0.2554
libri3,libri1,white,15.0,0.6,0.35,fpr,0.2554
libri3,libri1,white,15.0,0.6,0.4,fpr,0.2554
libri3,libri1,white,15.0,0.6,0.45,fpr,0.0
libri3,libri1,white,15.0,0.6,0.5,fpr,0.0
libri3,libri1,white,15.0,0.6,0.55,fpr,0.0
libri3,libri1,white,15.0,0.7,0.2,fpr,0.2554
libri3,libri1,white,15.0,0.7,0.25,fpr,0.2554
libri3,libri1,white,15.0,0.7,0.3,fpr,0.2554
libri3,libri1,white,15.0,0.7,0.35,fpr,0.0
libri3,libri1,white,15.0,0.7,0.4,fpr,0.0
libri3,libri1,white,15.0,0.7,0.45,fpr,0.0
libri3,libri1,white,15.0,0.7,0.5,fpr,0.0
libri3,libri1,white,15.0,0.7,0.55,fpr,0.0
libri3,libri1,white,15.0,0.8,0.2,fpr,0.2554
libri3,libri1,white,15.0,0.8,0.25,fpr,0.0
libri3,libri1,white,15.0,0.8,0.3,fpr,0.0
libri3,libri1,white,15.0,0.8,0.35,fpr,0.0
libri3,libri1,white,15.0,0.8,0.4,fpr,0.0
libri3,libri1,white,15.0,0.8,0.45,fpr,0.0
libri3,libri1,white,15.0,0.8,0.5,fpr,0.0
libri3,libri1,white,15.0,0.8,0.55,fpr,0.0
libri3,libri1,white,15.0,0.9,0.2,fpr,0.1818
libri3,libri1,white,15.0,0.9,0.25,fpr,0.0
libri3,libri1,white,15.0,0.9,0.3,fpr,0.0
libri3,libri1,white,15.0,0.9,0.35,fpr,0.0
libri3,libri1,white,15.0,0.9,0.4,fpr,0.0
libri3,libri1,white,15.0,0.9,0.45,fpr,0.0
libri3,libri1,white,15.0,0.9,0.5,fpr,0.0
libri3,libri1,white,15.0,0.9,0.55,fpr,0.0
libri3,libri1,white,15.0,1.0,0.2,fpr,0.3636
libri3,libri1,white,15.0,1.0,0.25,fpr,0.0
libri3,libri1,white,15.0,1.0,0.3,fpr,0.0
libri3,libri1,white,15.0,1.0,0.35,fpr,0.0
libri3,libri1,white,15.0,1.0,0.4,fpr,0.0
libri3,libri1,white,15.0,1.0,0.45,fpr,0.0
libri3,libri1,white,15.0,1.0,0.5,fpr,0.0
libri3,libri1,white,15.0,1.0,0.55,fpr,0.0
libri3,libri1,white,20.0,0.0,0.2,fpr,0.2597
libri3,libri1,white,20.0,0.0,0.25,fpr,0.2597
libri3,libri1,white,20.0,0.0,0.3,fpr,0.2597
libri3,libri1,white,20.0,0.0,0.35,fpr,0.2597
libri3,libri1,white,20.0,0.0,0.4,fpr,0.2597
libri3,libri1,white,20.0,0.0,0.45,fpr,0.2597
libri3,libri1,white,20.0,0.0,0.5,fpr,0.2597
libri3,libri1,white,20.0,0.0,0.55,fpr,0.2597
libri3,libri1,white,20.0,0.1,0.2,fpr,0.2597
libri3,libri1,white,20.0,0.1,0.25,fpr,0.2597
libri3,libri1,white,20.0,0.1,0.3,fpr,0.2597
libri3,libri1,white,20.0,0.1,0.35,fpr,0.2597
libri3,libri1,white,20.0,0.1,0.4,fpr,0.2597
libri3,libri1,white,20.0,0.1,0.45,fpr,0.2597
libri3,libri1,white,20.0,0.1,0.5,fpr,0.2597
libri3,libri1,white,20.0,0.1,0.55,fpr,0.2597
libri3,libri1,white,20.0,0.2,0.2,fpr,0.2597
libri3,libri1,white,20.0,0.2,0.25,fpr,0.2597
libri3,libri1,white,20.0,0.2,0.3,fpr,0.2597
libri3,libri1,white,20.0,0.2,0.35,fpr,0.2597
libri3,libri1,white,20.0,0.2,0.4,fpr,0.2597
libri3,libri1,white,20.0,0.2,0.45,fpr,0.2597
libri3,libri1,white,20.0,0.2,0.5,fpr,0.2597
libri3,libri1,white,20.0,0.2,0.55,fpr,0.2597
libri3,libri1,white,20.0,0.3,0.2,fpr,0.2597
libri3,libri1,white,20.0,0.3,0.25,fpr,0.2597
libri3,libri1,white,20.0,0.3,0.3,fpr,0.2597
libri3,libri1,white,20.0,0.3,0.35,fpr,0.2597
libri3,libri1,white,20.0,0.3,0.4,fpr,0.2597
libri3,libri1,white,20.0,0.3,0.45,fpr,0.2597
libri3,libri1,white,20.0,0.3,0.5,fpr,0.2597
libri3,libri1,white,20.0,0.3,0.55,fpr,0.2597
libri3,libri1,white,20.0,0.4,0.2,fpr,0.2597
libri3,libri1,white,20.0,0.4,0.25,fpr,0.2597
libri3,libri1,white,20.0,0.4,0.3,fpr,0.2597
libri3,libri1,white,20.0,0.4,0.35,fpr,0.2597
libri3,libri1,white,20.0,0.4,0.4,fpr,0.2597
libri3,libri1,white,20.0,0.4,0.45,fpr,0.2597
libri3,libri1,white,20.0,0.4,0.5,fpr,0.2597
libri3,libri1,white,20.0,0.4,0.55,fpr,0.2597
libri3,libri1,white,20.0,0.5,0.2,fpr,0.2597
libri3,libri1,white,20.0,0.5,0.25,fpr,0.2597
libri3,libri1,white,20.0,0.5,0.3,fpr,0.2597
libri3,libri1,white,20.0,0.5,0.35,fpr,0.2597
libri3,libri1,white,20.0,0.5,0.4,fpr,0.2597
libri3,libri1,white,20.0,0.5,0.45,fpr,0.2597
libri3,libri1,white,20.0,0.5,0.5,fpr,0.2597
libri3,libri1,white,20.0,0.5,0.55,fpr,0.0
libri3,libri1,white,20.0,0.6,0.2,fpr,0.2597
libri3,libri1,white,20.0,0.6,0.25,fpr,0.2597
libri3,libri1,white,20.0,0.6,0.3,fpr,0.2597
libri3,libri1,white,20.0,0.6,0.35,fpr,0.2597
libri3,libri1,white,20.0,0.6,0.4,fpr,0.2597
libri3,libri1,white,20.0,0.6,0.45,fpr,0.0
libri3,libri1,white,20.0,0.6,0.5,fpr,0.0
libri3,libri1,white,20.0,0.6,0.55,fpr,0.0
libri3,libri1,white,20.0,0.7,0.2,fpr,0.2597
libri3,libri1,white,20.0,0.7,0.25,fpr,0.2597
libri3,libri1,white,20.0,0.7,0.3,fpr,0.2597
libri3,libri1,white,20.0,0.7,0.35,fpr,0.0
libri3,libri1,white,20.0,0.7,0.4,fpr,0.0
libri3,libri1,white,20.0,0.7,0.45,fpr,0.0
libri3,libri1,white,20.0,0.7,0.5,fpr,0.0
libri3,libri1,white,20.0,0.7,0.55,fpr,0.0
libri3,libri1,white,20.0,0.8,0.2,fpr,0.3333
libri3,libri1,white,20.0,0.8,0.25,fpr,0.0
libri3,libri1,white,20.0,0.8,0.3,fpr,0.0
libri3,libri1,white,20.0,0.8,0.35,fpr,0.0
libri3,libri1,white,20.0,0.8,0.4,fpr,0.0
libri3,libri1,white,20.0,0.8,0.45,fpr,0.0
libri3,libri1,white,20.0,0.8,0.5,fpr,0.0
libri3,libri1,white,20.0,0.8,0.55,fpr,0.0
libri3,libri1,white,20.0,0.9,0.2,fpr,0.1429
libri3,libri1,white,20.0,0.9,0.25,fpr,0.0
libri3,libri1,white,20.0,0.9,0.3,fpr,0.0
libri3,libri1,white,20.0,0.9,0.35,fpr,0.0
libri3,libri1,white,20.0,0.9,0.4,fpr,0.0
libri3,libri1,white,20.0,0.9,0.45,fpr,0.0
libri3,libri1,white,20.0,0.9,0.5,fpr,0.0
libri3,libri1,white,20.0,0.9,0.55,fpr,0.0
libri3,libri1,white,20.0,1.0,0.2,fpr,0.2165
libri3,libri1,white,20.0,1.0,0.25,fpr,0.0736
libri3,libri1,white,20.0,1.0,0.3,fpr,0.0
libri3,libri1,white,20.0,1.0,0.35,fpr,0.0
libri3,libri1,white,20.0,1.0,0.4,fpr,0.0
libri3,libri1,white,20.0,1.0,0.45,fpr,0.0
libri3,libri1,white,20.0,1.0,0.5,fpr,0.0
libri3,libri1,white,20.0,1.0,0.55,fpr,0.0
libri3,libri1,pink,-5.0,0.0,0.2,fpr,0.2944
libri3,libri1,pink,-5.0,0.0,0.25,fpr,0.2944
libri3,libri1,pink,-5.0,0.0,0.3,fpr,0.2944
libri3,libri1,pink,-5.0,0.0,0.35,fpr,0.2944
libri3,libri1,pink,-5.0,0.0,0.4,fpr,0.2944
libri3,libri1,pink,-5.0,0.0,0.45,fpr,0.2944
libri3,libri1,pink,-5.0,0.0,0.5,fpr,0.2944
libri3,libri1,pink,-5.0,0.0,0.55,fpr,0.2944
libri3,libri1,pink,-5.0,0.1,0.2,fpr,0.2944
libri3,libri1,pink,-5.0,0.1,0.25,fpr,0.2944
libri3,libri1,pink,-5.0,0.1,0.3,fpr,0.2944
libri3,libri1,pink,-5.0,0.1,0.35,fpr,0.2944
libri3,libri1,pink,-5.0,0.1,0.4,fpr,0.2944
libri3,libri1,pink,-5.0,0.1,0.45,fpr,0.2944
libri3,libri1,pink,-5.0,0.1,0.5,fpr,0.2944
libri3,libri1,pink,-5.0,0.1,0.55,fpr,0.2944
libri3,libri1,pink,-5.0,0.2,0.2,fpr,0.2944
libri3,libri1,pink,-5.0,0.2,0.25,fpr,0.2944
libri3,libri1,pink,-5.0,0.2,0.3,fpr,0.2944
libri3,libri1,pink,-5.0,0.2,0.35,fpr,0.2944
libri3,libri1,pink,-5.0,0.2,0.4,fpr,0.2944
libri3,libri1,pink,-5.0,0.2,0.45,fpr,0.2944
libri3,libri1,pink,-5.0,0.2,0.5,fpr,0.2944
libri3,libri1,pink,-5.0,0.2,0.55,fpr,0.2944
libri3,libri1,pink,-5.0,0.3,0.2,fpr,0.2944
libri3,libri1,pink,-5.0,0.3,0.25,fpr,0.2944
libri3,libri1,pink,-5.0,0.3,0.3,fpr,0.2944
libri3,libri1,pink,-5.0,0.3,0.35,fpr,0.2944
libri3,libri1,pink,-5.0,0.3,0.4,fpr,0.2944
libri3,libri1,pink,-5.0,0.3,0.45,fpr,0.2944
libri3,libri1,pink,-5.0,0.3,0.5,fpr,0.2944
libri3,libri1,pink,-5.0,0.3,0.55,fpr,0.2944
libri3,libri1,pink,-5.0,0.4,0.2,fpr,0.2944
libri3,libri1,pink,-5.0,0.4,0.25,fpr,0.2944
libri3,libri1,pink,-5.0,0.4,0.3,fpr,0.2944
libri3,libri1,pink,-5.0,0.4,0.35,fpr,0.2944
libri3,libri1,pink,-5.0,0.4,0.4,fpr,0.2944
libri3,libri1,pink,-5.0,0.4,0.45,fpr,0.2944
libri3,libri1,pink,-5.0,0.4,0.5,fpr,0.2944
libri3,libri1,pink,-5.0,0.4,0.55,fpr,0.2944
libri3,libri1,pink,-5.0,0.5,0.2,fpr,0.2944
libri3,libri1,pink,-5.0,0.5,0.25,fpr,0.2944
libri3,libri1,pink,-5.0,0.5,0.3,fpr,0.2944
libri3,libri1,pink,-5.0,0.5,0.35,fpr,0.2944
libri3,libri1,pink,-5.0,0.5,0.4,fpr,0.2944
libri3,libri1,pink,-5.0,0.5,0.45,fpr,0.2944
libri3,libri1,pink,-5.0,0.5,0.5,fpr,0.2944
libri3,libri1,pink,-5.0,0.5,0.55,fpr,0.0
libri3,libri1,pink,-5.0,0.6,0.2,fpr,0.2944
libri3,libri1,pink,-5.0,0.6,0.25,fpr,0.2944
libri3,libri1,pink,-5.0,0.6,0.3,fpr,0.2944
libri3,libri1,pink,-5.0,0.6,0.35,fpr,0.2944
libri3,libri1,pink,-5.0,0.6,0.4,fpr,0.2944
libri3,libri1,pink,-5.0,0.6,0.45,fpr,0.0
libri3,libri1,pink,-5.0,0.6,0.5,fpr,0.0
libri3,libri1,pink,-5.0,0.6,0.55,fpr,0.0
libri3,libri1,pink,-5.0,0.7,0.2,fpr,0.2944
libri3,libri1,pink,-5.0,0.7,0.25,fpr,0.2944
libri3,libri1,pink,-5.0,0.7,0.3,fpr,0.2944
libri3,libri1,pink,-5.0,0.7,0.35,fpr,0.0
libri3,libri1,pink,-5.0,0.7,0.4,fpr,0.0
libri3,libri1,pink,-5.0,0.7,0.45,fpr,0.0
libri3,libri1,pink,-5.0,0.7,0.5,fpr,0.0
libri3,libri1,pink,-5.0,0.7,0.55,fpr,0.0
libri3,libri1,pink,-5.0,0.8,0.2,fpr,0.2944
libri3,libri1,pink,-5.0,0.8,0.25,fpr,0.0
libri3,libri1,pink,-5.0,0.8,0.3,fpr,0.0
libri3,libri1,pink,-5.0,0.8,0.35,fpr,0.0
libri3,libri1,pink,-5.0,0.8,0.4,fpr,0.0
libri3,libri1,pink,-5.0,0.8,0.45,fpr,0.0
libri3,libri1,pink,-5.0,0.8,0.5,fpr,0.0
libri3,libri1,pink,-5.0,0.8,0.55,fpr,0.0
libri3,libri1,pink,-5.0,0.9,0.2,fpr,0.0
libri3,libri1,pink,-5.0,0.9,0.25,fpr,0.0
libri3,libri1,pink,-5.0,0.9,0.3,fpr,0.0
libri3,libri1,pink,-5.0,0.9,0.35,fpr,0.0
libri3,libri1,pink,-5.0,0.9,0.4,fpr,0.0
libri3,libri1,pink,-5.0,0.9,0.45,fpr,0.0
libri3,libri1,pink,-5.0,0.9,0.5,fpr,0.0
libri3,libri1,pink,-5.0,0.9,0.55,fpr,0.0
libri3,libri1,pink,-5.0,1.0,0.2,fpr,0.0736
libri3,libri1,pink,-5.0,1.0,0.25,fpr,0.0
libri3,libri1,pink,-5.0,1.0,0.3,fpr,0.0
libri3,libri1,pink,-5.0,1.0,0.35,fpr,0.0
libri3,libri1,pink,-5.0,1.0,0.4,fpr,0.0
libri3,libri1,pink,-5.0,1.0,0.45,fpr,0.0
libri3,libri1,pink,-5.0,1.0,0.5,fpr,0.0
libri3,libri1,pink,-5.0,1.0,0.55,fpr,0.0
libri3,libri1,pink,0.0,0.0,0.2,fpr,0.303
libri3,libri1,pink,0.0,0.0,0.25,fpr,0.303
libri3,libri1,pink,0.0,0.0,0.3,fpr,0.303
libri3,libri1,pink,0.0,0.0,0.35,fpr,0.303
libri3,libri1,pink,0.0,0.0,0.4,fpr,0.303
libri3,libri1,pink,0.0,0.0,0.45,fpr,0.303
libri3,libri1,pink,0.0,0.0,0.5,fpr,0.303
libri3,libri1,pink,0.0,0.0,0.55,fpr,0.303
libri3,libri1,pink,0.0,0.1,0.2,fpr,0.303
libri3,libri1,pink,0.0,0.1,0.25,fpr,0.303
libri3,libri1,pink,0.0,0.1,0.3,fpr,0.303
libri3,libri1,pink,0.0,0.1,0.35,fpr,0.303
libri3,libri1,pink,0.0,0.1,0.4,fpr,0.303
libri3,libri1,pink,0.0,0.1,0.45,fpr,0.303
libri3,libri1,pink,0.0,0.1,0.5,fpr,0.303
libri3,libri1,pink,0.0,0.1,0.55,fpr,0.303
libri3,libri1,pink,0.0,0.2,0.2,fpr,0.303
libri3,libri1,pink,0.0,0.2,0.25,fpr,0.303
libri3,libri1,pink,0.0,0.2,0.3,fpr,0.303
libri3,libri1,pink,0.0,0.2,0.35,fpr,0.303
libri3,libri1,pink,0.0,0.2,0.4,fpr,0.303
libri3,libri1,pink,0.0,0.2,0.45,fpr,0.303
libri3,libri1,pink,0.0,0.2,0.5,fpr,0.303
libri3,libri1,pink,0.0,0.2,0.55,fpr,0.303
libri3,libri1,pink,0.0,0.3,0.2,fpr,0.303
libri3,libri1,pink,0.0,0.3,0.25,fpr,0.303
libri3,libri1,pink,0.0,0.3,0.3,fpr,0.303
libri3,libri1,pink,0.0,0.3,0.35,fpr,0.303
libri3,libri1,pink,0.0,0.3,0.4,fpr,0.303
libri3,libri1,pink,0.0,0.3,0.45,fpr,0.303
libri3,libri1,pink,0.0,0.3,0.5,fpr,0.303
libri3,libri1,pink,0.0,0.3,0.55,fpr,0.303
libri3,libri1,pink,0.0,0.4,0.2,fpr,0.303
libri3,libri1,pink,0.0,0.4,0.25,fpr,0.303
libri3,libri1,pink,0.0,0.4,0.3,fpr,0.303
libri3,libri1,pink,0.0,0.4,0.35,fpr,0.303
libri3,libri1,pink,0.0,0.4,0.4,fpr,0.303
libri3,libri1,pink,0.0,0.4,0.45,fpr,0.303
libri3,libri1,pink,0.0,0.4,0.5,fpr,0.303
libri3,libri1,pink,0.0,0.4,0.55,fpr,0.303
libri3,libri1,pink,0.0,0.5,0.2,fpr,0.303
libri3,libri1,pink,0.0,0.5,0.25,fpr,0.303
libri3,libri1,pink,0.0,0.5,0.3,fpr,0.303
libri3,libri1,pink,0.0,0.5,0.35,fpr,0.303
libri3,libri1,pink,0.0,0.5,0.4,fpr,0.303
libri3,libri1,pink,0.0,0.5,0.45,fpr,0.303
libri3,libri1,pink,0.0,0.5,0.5,fpr,0.303
libri3,libri1,pink,0.0,0.5,0.55,fpr,0.0
libri3,libri1,pink,0.0,0.6,0.2,fpr,0.303
libri3,libri1,pink,0.0,0.6,0.25,fpr,0.303
libri3,libri1,pink,0.0,0.6,0.3,fpr,0.303
libri3,libri1,pink,0.0,0.6,0.35,fpr,0.303
libri3,libri1,pink,0.0,0.6,0.4,fpr,0.303
libri3,libri1,pink,0.0,0.6,0.45,fpr,0.0
libri3,libri1,pink,0.0,0.6,0.5,fpr,0.0
libri3,libri1,pink,0.0,0.6,0.55,fpr,0.0
libri3,libri1,pink,0.0,0.7,0.2,fpr,0.303
libri3,libri1,pink,0.0,0.7,0.25,fpr,0.303
libri3,libri1,pink,0.0,0.7,0.3,fpr,0.303
libri3,libri1,pink,0.0,0.7,0.35,fpr,0.0
libri3,libri1,pink,0.0,0.7,0.4,fpr,0.0
libri3,libri1,pink,0.0,0.7,0.45,fpr,0.0
libri3,libri1,pink,0.0,0.7,0.5,fpr,0.0
libri3,libri1,pink,0.0,0.7,0.55,fpr,0.0
libri3,libri1,pink,0.0,0.8,0.2,fpr,0.3766
libri3,libri1,pink,0.0,0.8,0.25,fpr,0.0
libri3,libri1,pink,0.0,0.8,0.3,fpr,0.0
libri3,libri1,pink,0.0,0.8,0.35,fpr,0.0
libri3,libri1,pink,0.0,0.8,0.4,fpr,0.0
libri3,libri1,pink,0.0,0.8,0.45,fpr,0.0
libri3,libri1,pink,0.0,0.8,0.5,fpr,0.0
libri3,libri1,pink,0.0,0.8,0.55,fpr,0.0
libri3,libri1,pink,0.0,0.9,0.2,fpr,0.1861
libri3,libri1,pink,0.0,0.9,0.25,fpr,0.0
libri3,libri1,pink,0.0,0.9,0.3,fpr,0.0
libri3,libri1,pink,0.0,0.9,0.35,fpr,0.0
libri3,libri1,pink,0.0,0.9,0.4,fpr,0.0
libri3,libri1,pink,0.0,0.9,0.45,fpr,0.0
libri3,libri1,pink,0.0,0.9,0.5,fpr,0.0
libri3,libri1,pink,0.0,0.9,0.55,fpr,0.0
libri3,libri1,pink,0.0,1.0,0.2,fpr,0.29
libri3,libri1,pink,0.0,1.0,0.25,fpr,0.0736
libri3,libri1,pink,0.0,1.0,0.3,fpr,0.0
libri3,libri1,pink,0.0,1.0,0.35,fpr,0.0
libri3,libri1,pink,0.0,1.0,0.4,fpr,0.0
libri3,libri1,pink,0.0,1.0,0.45,fpr,0.0
libri3,libri1,pink,0.0,1.0,0.5,fpr,0.0
libri3,libri1,pink,0.0,1.0,0.55,fpr,0.0
libri3,libri1,pink,5.0,0.0,0.2,fpr,0.29
libri3,libri1,pink,5.0,0.0,0.25,fpr,0.29
libri3,libri1,pink,5.0,0.0,0.3,fpr,0.29
libri3,libri1,pink,5.0,0.0,0.35,fpr,0.29
libri3,libri1,pink,5.0,0.0,0.4,fpr,0.29
libri3,libri1,pink,5.0,0.0,0.45,fpr,0.29
libri3,libri1,pink,5.0,0.0,0.5,fpr,0.29
libri3,libri1,pink,5.0,0.0,0.55,fpr,0.29
libri3,libri1,pink,5.0,0.1,0.2,fpr,0.29
libri3,libri1,pink,5.0,0.1,0.25,fpr,0.29
libri3,libri1,pink,5.0,0.1,0.3,fpr,0.29
libri3,libri1,pink,5.0,0.1,0.35,fpr,0.29
libri3,libri1,pink,5.0,0.1,0.4,fpr,0.29
libri3,libri1,pink,5.0,0.1,0.45,fpr,0.29
libri3,libri1,pink,5.0,0.1,0.5,fpr,0.29
libri3,libri1,pink,5.0,0.1,0.55,fpr,0.29
libri3,libri1,pink,5.0,0.2,0.2,fpr,0.29
libri3,libri1,pink,5.0,0.2,0.25,fpr,0.29
libri3,libri1,pink,5.0,0.2,0.3,fpr,0.29
libri3,libri1,pink,5.0,0.2,0.35,fpr,0.29
libri3,libri1,pink,5.0,0.2,0.4,fpr,0.29
libri3,libri1,pink,5.0,0.2,0.45,fpr,0.29
libri3,libri1,pink,5.0,0.2,0.5,fpr,0.29
libri3,libri1,pink,5.0,0.2,0.55,fpr,0.29
libri3,libri1,pink,5.0,0.3,0.2,fpr,0.29
libri3,libri1,pink,5.0,0.3,0.25,fpr,0.29
libri3,libri1,pink,5.0,0.3,0.3,fpr,0.29
libri3,libri1,pink,5.0,0.3,0.35,fpr,0.29
libri3,libri1,pink,5.0,0.3,0.4,fpr,0.29
libri3,libri1,pink,5.0,0.3,0.45,fpr,0.29
libri3,libri1,pink,5.0,0.3,0.5,fpr,0.29
libri3,libri1,pink,5.0,0.3,0.55,fpr,0.29
libri3,libri1,pink,5.0,0.4,0.2,fpr,0.29
libri3,libri1,pink,5.0,0.4,0.25,fpr,0.29
libri3,libri1,pink,5.0,0.4,0.3,fpr,0.29
libri3,libri1,pink,5.0,0.4,0.35,fpr,0.29
libri3,libri1,pink,5.0,0.4,0.4,fpr,0.29
libri3,libri1,pink,5.0,0.4,0.45,fpr,0.29
libri3,libri1,pink,5.0,0.4,0.5,fpr,0.29
libri3,libri1,pink,5.0,0.4,0.55,fpr,0.29
libri3,libri1,pink,5.0,0.5,0.2,fpr,0.29
libri3,libri1,pink,5.0,0.5,0.25,fpr,0.29
libri3,libri1,pink,5.0,0.5,0.3,fpr,0.29
libri3,libri1,pink,5.0,0.5,0.35,fpr,0.29
libri3,libri1,pink,5.0,0.5,0.4,fpr,0.29
libri3,libri1,pink,5.0,0.5,0.45,fpr,0.29
libri3,libri1,pink,5.0,0.5,0.5,fpr,0.29
libri3,libri1,pink,5.0,0.5,0.55,fpr,0.0
libri3,libri1,pink,5.0,0.6,0.2,fpr,0.29
libri3,libri1,pink,5.0,0.6,0.25,fpr,0.29
libri3,libri1,pink,5.0,0.6,0.3,fpr,0.29
libri3,libri1,pink,5.0,0.6,0.35,fpr,0.29
libri3,libri1,pink,5.0,0.6,0.4,fpr,0.29
libri3,libri1,pink,5.0,0.6,0.45,fpr,0.0
libri3,libri1,pink,5.0,0.6,0.5,fpr,0.0
libri3,libri1,pink,5.0,0.6,0.55,fpr,0.0
libri3,libri1,pink,5.0,0.7,0.2,fpr,0.29
libri3,libri1,pink,5.0,0.7,0.25,fpr,0.29
libri3,libri1,pink,5.0,0.7,0.3,fpr,0.29
libri3,libri1,pink,5.0,0.7,0.35,fpr,0.0
libri3,libri1,pink,5.0,0.7,0.4,fpr,0.0
libri3,libri1,pink,5.0,0.7,0.45,fpr,0.0
libri3,libri1,pink,5.0,0.7,0.5,fpr,0.0
libri3,libri1,pink,5.0,0.7,0.55,fpr,0.0
libri3,libri1,pink,5.0,0.8,0.2,fpr,0.29
libri3,libri1,pink,5.0,0.8,0.25,fpr,0.0
libri3,libri1,pink,5.0,0.8,0.3,fpr,0.0
libri3,libri1,pink,5.0,0.8,0.35,fpr,0.0
libri3,libri1,pink,5.0,0.8,0.4,fpr,0.0
libri3,libri1,pink,5.0,0.8,0.45,fpr,0.0
libri3,libri1,pink,5.0,0.8,0.5,fpr,0.0
libri3,libri1,pink,5.0,0.8,0.55,fpr,0.0
libri3,libri1,pink,5.0,0.9,0.2,fpr,0.1645
libri3,libri1,pink,5.0,0.9,0.25,fpr,0.0
libri3,libri1,pink,5.0,0.9,0.3,fpr,0.0
libri3,libri1,pink,5.0,0.9,0.35,fpr,0.0
libri3,libri1,pink,5.0,0.9,0.4,fpr,0.0
libri3,libri1,pink,5.0,0.9,0.45,fpr,0.0
libri3,libri1,pink,5.0,0.9,0.5,fpr,0.0
libri3,libri1,pink,5.0,0.9,0.55,fpr,0.0
libri3,libri1,pink,5.0,1.0,0.2,fpr,0.1645
libri3,libri1,pink,5.0,1.0,0.25,fpr,0.0
libri3,libri1,pink,5.0,1.0,0.3,fpr,0.0
libri3,libri1,pink,5.0,1.0,0.35,fpr,0.0
libri3,libri1,pink,5.0,1.0,0.4,fpr,0.0
libri3,libri1,pink,5.0,1.0,0.45,fpr,0.0
libri3,libri1,pink,5.0,1.0,0.5,fpr,0.0
libri3,libri1,pink,5.0,1.0,0.55,fpr,0.0
libri3,libri1,pink,10.0,0.0,0.2,fpr,0.2554
libri3,libri1,pink,10.0,0.0,0.25,fpr,0.2554
libri3,libri1,pink,10.0,0.0,0.3,fpr,0.2554
libri3,libri1,pink,10.0,0.0,0.35,fpr,0.2554
libri3,libri1,pink,10.0,0.0,0.4,fpr,0.2554
libri3,libri1,pink,10.0,0.0,0.45,fpr,0.2554
libri3,libri1,pink,10.0,0.0,0.5,fpr,0.2554
libri3,libri1,pink,10.0,0.0,0.55,fpr,0.2554
libri3,libri1,pink,10.0,0.1,0.2,fpr,0.2554
libri3,libri1,pink,10.0,0.1,0.25,fpr,0.2554
libri3,libri1,pink,10.0,0.1,0.3,fpr,0.2554
libri3,libri1,pink,10.0,0.1,0.35,fpr,0.2554
libri3,libri1,pink,10.0,0.1,0.4,fpr,0.2554
libri3,libri1,pink,10.0,0.1,0.45,fpr,0.2554
libri3,libri1,pink,10.0,0.1,0.5,fpr,0.2554
libri3,libri1,pink,10.0,0.1,0.55,fpr,0.2554
libri3,libri1,pink,10.0,0.2,0.2,fpr,0.2554
libri3,libri1,pink,10.0,0.2,0.25,fpr,0.2554
libri3,libri1,pink,10.0,0.2,0.3,fpr,0.2554
libri3,libri1,pink,10.0,0.2,0.35,fpr,0.2554
libri3,libri1,pink,10.0,0.2,0.4,fpr,0.2554
libri3,libri1,pink,10.0,0.2,0.45,fpr,0.2554
libri3,libri1,pink,10.0,0.2,0.5,fpr,0.2554
libri3,libri1,pink,10.0,0.2,0.55,fpr,0.2554
libri3,libri1,pink,10.0,0.3,0.2,fpr,0.2554
libri3,libri1,pink,10.0,0.3,0.25,fpr,0.2554
libri3,libri1,pink,10.0,0.3,0.3,fpr,0.2554
libri3,libri1,pink,10.0,0.3,0.35,fpr,0.2554
libri3,libri1,pink,10.0,0.3,0.4,fpr,0.2554
libri3,libri1,pink,10.0,0.3,0.45,fpr,0.2554
libri3,libri1,pink,10.0,0.3,0.5,fpr,0.2554
libri3,libri1,pink,10.0,0.3,0.55,fpr,0.2554
libri3,libri1,pink,10.0,0.4,0.2,fpr,0.2554
libri3,libri1,pink,10.0,0.4,0.25,fpr,0.2554
libri3,libri1,pink,10.0,0.4,0.3,fpr,0.2554
libri3,libri1,pink,10.0,0.4,0.35,fpr,0.2554
libri3,libri1,pink,10.0,0.4,0.4,fpr,0.2554
libri3,libri1,pink,10.0,0.4,0.45,fpr,0.2554
libri3,libri1,pink,10.0,0.4,0.5,fpr,0.2554
libri3,libri1,pink,10.0,0.4,0.55,fpr,0.2554
libri3,libri1,pink,10.0,0.5,0.2,fpr,0.2554
libri3,libri1,pink,10.0,0.5,0.25,fpr,0.2554
libri3,libri1,pink,10.0,0.5,0.3,fpr,0.2554
libri3,libri1,pink,10.0,0.5,0.35,fpr,0.2554
libri3,libri1,pink,10.0,0.5,0.4,fpr,0.2554
libri3,libri1,pink,10.0,0.5,0.45,fpr,0.2554
libri3,libri1,pink,10.0,0.5,0.5,fpr,0.2554
libri3,libri1,pink,10.0,0.5,0.55,fpr,0.0
libri3,libri1,pink,10.0,0.6,0.2,fpr,0.2554
libri3,libri1,pink,10.0,0.6,0.25,fpr,0.2554
libri3,libri1,pink,10.0,0.6,0.3,fpr,0.2554
libri3,libri1,pink,10.0,0.6,0.35,fpr,0.2554
libri3,libri1,pink,10.0,0.6,0.4,fpr,0.2554
libri3,libri1,pink,10.0,0.6,0.45,fpr,0.0
libri3,libri1,pink,10.0,0.6,0.5,fpr,0.0
libri3,libri1,pink,10.0,0.6,0.55,fpr,0.0
libri3,libri1,pink,10.0,0.7,0.2,fpr,0.2554
libri3,libri1,pink,10.0,0.7,0.25,fpr,0.2554
libri3,libri1,pink,10.0,0.7,0.3,fpr,0.2554
libri3,libri1,pink,10.0,0.7,0.35,fpr,0.0
libri3,libri1,pink,10.0,0.7,0.4,fpr,0.0
libri3,libri1,pink,10.0,0.7,0.45,fpr,0.0
libri3,libri1,pink,10.0,0.7,0.5,fpr,0.0
libri3,libri1,pink,10.0,0.7,0.55,fpr,0.0
libri3,libri1,pink,10.0,0.8,0.2,fpr,0.2554
libri3,libri1,pink,10.0,0.8,0.25,fpr,0.0
libri3,libri1,pink,10.0,0.8,0.3,fpr,0.0
libri3,libri1,pink,10.0,0.8,0.35,fpr,0.0
libri3,libri1,pink,10.0,0.8,0.4,fpr,0.0
libri3,libri1,pink,10.0,0.8,0.45,fpr,0.0
libri3,libri1,pink,10.0,0.8,0.5,fpr,0.0
libri3,libri1,pink,10.0,0.8,0.55,fpr,0.0
libri3,libri1,pink,10.0,0.9,0.2,fpr,0.0
libri3,libri1,pink,10.0,0.9,0.25,fpr,0.0
libri3,libri1,pink,10.0,0.9,0.3,fpr,0.0
libri3,libri1,pink,10.0,0.9,0.35,fpr,0.0
libri3,libri1,pink,10.0,0.9,0.4,fpr,0.0
libri3,libri1,pink,10.0,0.9,0.45,fpr,0.0
libri3,libri1,pink,10.0,0.9,0.5,fpr,0.0
libri3,libri1,pink,10.0,0.9,0.55,fpr,0.0
libri3,libri1,pink,10.0,1.0,0.2,fpr,0.1775
libri3,libri1,pink,10.0,1.0,0.25,fpr,0.0
libri3,libri1,pink,10.0,1.0,0.3,fpr,0.0
libri3,libri1,pink,10.0,1.0,0.35,fpr,0.0
libri3,libri1,pink,10.0,1.0,0.4,fpr,0.0
libri3,libri1,pink,10.0,1.0,0.45,fpr,0.0
libri3,libri1,pink,10.0,1.0,0.5,fpr,0.0
libri3,libri1,pink,10.0,1.0,0.55,fpr,0.0
libri3,libri1,pink,15.0,0.0,0.2,fpr,0.2814
libri3,libri1,pink,15.0,0.0,0.25,fpr,0.2814
libri3,libri1,pink,15.0,0.0,0.3,fpr,0.2814
libri3,libri1,pink,15.0,0.0,0.35,fpr,0.2814
libri3,libri1,pink,15.0,0.0,0.4,fpr,0.2814
libri3,libri1,pink,15.0,0.0,0.45,fpr,0.2814
libri3,libri1,pink,15.0,0.0,0.5,fpr,0.2814
libri3,libri1,pink,15.0,0.0,0.55,fpr,0.2814
libri3,libri1,pink,15.0,0.1,0.2,fpr,0.2814
libri3,libri1,pink,15.0,0.1,0.25,fpr,0.2814
libri3,libri1,pink,15.0,0.1,0.3,fpr,0.2814
libri3,libri1,pink,15.0,0.1,0.35,fpr,0.2814
libri3,libri1,pink,15.0,0.1,0.4,fpr,0.2814
libri3,libri1,pink,15.0,0.1,0.45,fpr,0.2814
libri3,libri1,pink,15.0,0.1,0.5,fpr,0.2814
libri3,libri1,pink,15.0,0.1,0.55,fpr,0.2814
libri3,libri1,pink,15.0,0.2,0.2,fpr,0.2814
libri3,libri1,pink,15.0,0.2,0.25,fpr,0.2814
libri3,libri1,pink,15.0,0.2,0.3,fpr,0.2814
libri3,libri1,pink,15.0,0.2,0.35,fpr,0.2814
libri3,libri1,pink,15.0,0.2,0.4,fpr,0.2814
libri3,libri1,pink,15.0,0.2,0.45,fpr,0.2814
libri3,libri1,pink,15.0,0.2,0.5,fpr,0.2814
libri3,libri1,pink,15.0,0.2,0.55,fpr,0.2814
libri3,libri1,pink,15.0,0.3,0.2,fpr,0.2814
libri3,libri1,pink,15.0,0.3,0.25,fpr,0.2814
libri3,libri1,pink,15.0,0.3,0.3,fpr,0.2814
libri3,libri1,pink,15.0,0.3,0.35,fpr,0.2814
libri3,libri1,pink,15.0,0.3,0.4,fpr,0.2814
libri3,libri1,pink,15.0,0.3,0.45,fpr,0.2814
libri3,libri1,pink,15.0,0.3,0.5,fpr,0.2814
libri3,libri1,pink,15.0,0.3,0.55,fpr,0.2814
libri3,libri1,pink,15.0,0.4,0.2,fpr,0.2814
libri3,libri1,pink,15.0,0.4,0.25,fpr,0.2814
libri3,libri1,pink,15.0,0.4,0.3,fpr,0.2814
libri3,libri1,pink,15.0,0.4,0.35,fpr,0.2814
libri3,libri1,pink,15.0,0.4,0.4,fpr,0.2814
libri3,libri1,pink,15.0,0.4,0.45,fpr,0.2814
libri3,libri1,pink,15.0,0.4,0.5,fpr,0.2814
libri3,libri1,pink,15.0,0.4,0.55,fpr,0.2814
libri3,libri1,pink,15.0,0.5,0.2,fpr,0.2814
libri3,libri1,pink,15.0,0.5,0.25,fpr,0.2814
libri3,libri1,pink,15.0,0.5,0.3,fpr,0.2814
libri3,libri1,pink,15.0,0.5,0.35,fpr,0.2814
libri3,libri1,pink,15.0,0.5,0.4,fpr,0.2814
libri3,libri1,pink,15.0,0.5,0.45,fpr,0.2814
libri3,libri1,pink,15.0,0.5,0.5,fpr,0.2814
libri3,libri1,pink,15.0,0.5,0.55,fpr,0.0
libri3,libri1,pink,15.0,0.6,0.2,fpr,0.2814
libri3,libri1,pink,15.0,0.6,0.25,fpr,0.2814
libri3,libri1,pink,15.0,0.6,0.3,fpr,0.2814
libri3,libri1,pink,15.0,0.6,0.35,fpr,0.2814
libri3,libri1,pink,15.0,0.6,0.4,fpr,0.2814
libri3,libri1,pink,15.0,0.6,0.45,fpr,0.0
libri3,libri1,pink,15.0,0.6,0.5,fpr,0.0
libri3,libri1,pink,15.0,0.6,0.55,fpr,0.0
libri3,libri1,pink,15.0,0.7,0.2,fpr,0.2814
libri3,libri1,pink,15.0,0.7,0.25,fpr,0.2814
libri3,libri1,pink,15.0,0.7,0.3,fpr,0.2814
libri3,libri1,pink,15.0,0.7,0.35,fpr,0.0
libri3,libri1,pink,15.0,0.7,0.4,fpr,0.0
libri3,libri1,pink,15.0,0.7,0.45,fpr,0.0
libri3,libri1,pink,15.0,0.7,0.5,fpr,0.0
libri3,libri1,pink,15.0,0.7,0.55,fpr,0.0
libri3,libri1,pink,15.0,0.8,0.2,fpr,0.2814
libri3,libri1,pink,15.0,0.8,0.25,fpr,0.0
libri3,libri1,pink,15.0,0.8,0.3,fpr,0.0
libri3,libri1,pink,15.0,0.8,0.35,fpr,0.0
libri3,libri1,pink,15.0,0.8,0.4,fpr,0.0
libri3,libri1,pink,15.0,0.8,0.45,fpr,0.0
libri3,libri1,pink,15.0,0.8,0.5,fpr,0.0
libri3,libri1,pink,15.0,0.8,0.55,fpr,0.0
libri3,libri1,pink,15.0,0.9,0.2,fpr,0.0
libri3,libri1,pink,15.0,0.9,0.25,fpr,0.0
libri3,libri1,pink,15.0,0.9,0.3,fpr,0.0
libri3,libri1,pink,15.0,0.9,0.35,fpr,0.0
libri3,libri1,pink,15.0,0.9,0.4,fpr,0.0
libri3,libri1,pink,15.0,0.9,0.45,fpr,0.0
libri3,libri1,pink,15.0,0.9,0.5,fpr,0.0
libri3,libri1,pink,15.0,0.9,0.55,fpr,0.0
libri3,libri1,pink,15.0,1.0,0.2,fpr,0.0
libri3,libri1,pink,15.0,1.0,0.25,fpr,0.0
libri3,libri1,pink,15.0,1.0,0.3,fpr,0.0
libri3,libri1,pink,15.0,1.0,0.35,fpr,0.0
libri3,libri1,pink,15.0,1.0,0.4,fpr,0.0
libri3,libri1,pink,15.0,1.0,0.45,fpr,0.0
libri3,libri1,pink,15.0,1.0,0.5,fpr,0.0
libri3,libri1,pink,15.0,1.0,0.55,fpr,0.0
libri3,libri1,pink,20.0,0.0,0.2,fpr,0.2771
libri3,libri1,pink,20.0,0.0,0.25,fpr,0.2771
libri3,libri1,pink,20.0,0.0,0.3,fpr,0.2771
libri3,libri1,pink,20.0,0.0,0.35,fpr,0.2771
libri3,libri1,pink,20.0,0.0,0.4,fpr,0.2771
libri3,libri1,pink,20.0,0.0,0.45,fpr,0.2771
libri3,libri1,pink,20.0,0.0,0.5,fpr,0.2771
libri3,libri1,pink,20.0,0.0,0.55,fpr,0.2771
libri3,libri1,pink,20.0,0.1,0.2,fpr,0.2771
libri3,libri1,pink,20.0,0.1,0.25,fpr,0.2771
libri3,libri1,pink,20.0,0.1,0.3,fpr,0.2771
libri3,libri1,pink,20.0,0.1,0.35,fpr,0.2771
libri3,libri1,pink,20.0,0.1,0.4,fpr,0.2771
libri3,libri1,pink,20.0,0.1,0.45,fpr,0.2771
libri3,libri1,pink,20.0,0.1,0.5,fpr,0.2771
libri3,libri1,pink,20.0,0.1,0.55,fpr,0.2771
libri3,libri1,pink,20.0,0.2,0.2,fpr,0.2771
libri3,libri1,pink,20.0,0.2,0.25,fpr,0.2771
libri3,libri1,pink,20.0,0.2,0.3,fpr,0.2771
libri3,libri1,pink,20.0,0.2,0.35,fpr,0.2771
libri3,libri1,pink,20.0,0.2,0.4,fpr,0.2771
libri3,libri1,pink,20.0,0.2,0.45,fpr,0.2771
libri3,libri1,pink,20.0,0.2,0.5,fpr,0.2771
libri3,libri1,pink,20.0,0.2,0.55,fpr,0.2771
libri3,libri1,pink,20.0,0.3,0.2,fpr,0.2771
libri3,libri1,pink,20.0,0.3,0.25,fpr,0.2771
libri3,libri1,pink,20.0,0.3,0.3,fpr,0.2771
libri3,libri1,pink,20.0,0.3,0.35,fpr,0.2771
libri3,libri1,pink,20.0,0.3,0.4,fpr,0.2771
libri3,libri1,pink,20.0,0.3,0.45,fpr,0.2771
libri3,libri1,pink,20.0,0.3,0.5,fpr,0.2771
libri3,libri1,pink,20.0,0.3,0.55,fpr,0.2771
libri3,libri1,pink,20.0,0.4,0.2,fpr,0.2771
libri3,libri1,pink,20.0,0.4,0.25,fpr,0.2771
libri3,libri1,pink,20.0,0.4,0.3,fpr,0.2771
libri3,libri1,pink,20.0,0.4,0.35,fpr,0.2771
libri3,libri1,pink,20.0,0.4,0.4,fpr,0.2771
libri3,libri1,pink,20.0,0.4,0.45,fpr,0.2771
libri3,libri1,pink,20.0,0.4,0.5,fpr,0.2771
libri3,libri1,pink,20.0,0.4,0.55,fpr,0.2771
libri3,libri1,pink,20.0,0.5,0.2,fpr,0.2771
libri3,libri1,pink,20.0,0.5,0.25,fpr,0.2771
libri3,libri1,pink,20.0,0.5,0.3,fpr,0.2771
libri3,libri1,pink,20.0,0.5,0.35,fpr,0.2771
libri3,libri1,pink,20.0,0.5,0.4,fpr,0.2771
libri3,libri1,pink,20.0,0.5,0.45,fpr,0.2771
libri3,libri1,pink,20.0,0.5,0.5,fpr,0.2771
libri3,libri1,pink,20.0,0.5,0.55,fpr,0.0
libri3,libri1,pink,20.0,0.6,0.2,fpr,0.2771
libri3,libri1,pink,20.0,0.6,0.25,fpr,0.2771
libri3,libri1,pink,20.0,0.6,0.3,fpr,0.2771
libri3,libri1,pink,20.0,0.6,0.35,fpr,0.2771
libri3,libri1,pink,20.0,0.6,0.4,fpr,0.2771
libri3,libri1,pink,20.0,0.6,0.45,fpr,0.0
libri3,libri1,pink,20.0,0.6,0.5,fpr,0.0
libri3,libri1,pink,20.0,0.6,0.55,fpr,0.0
libri3,libri1,pink,20.0,0.7,0.2,fpr,0.2771
libri3,libri1,pink,20.0,0.7,0.25,fpr,0.2771
libri3,libri1,pink,20.0,0.7,0.3,fpr,0.2771
libri3,libri1,pink,20.0,0.7,0.35,fpr,0.0
libri3,libri1,pink,20.0,0.7,0.4,fpr,0.0
libri3,libri1,pink,20.0,0.7,0.45,fpr,0.0
libri3,libri1,pink,20.0,0.7,0.5,fpr,0.0
libri3,libri1,pink,20.0,0.7,0.55,fpr,0.0
libri3,libri1,pink,20.0,0.8,0.2,fpr,0.2771
libri3,libri1,pink,20.0,0.8,0.25,fpr,0.0
libri3,libri1,pink,20.0,0.8,0.3,fpr,0.0
libri3,libri1,pink,20.0,0.8,0.35,fpr,0.0
libri3,libri1,pink,20.0,0.8,0.4,fpr,0.0
libri3,libri1,pink,20.0,0.8,0.45,fpr,0.0
libri3,libri1,pink,20.0,0.8,0.5,fpr,0.0
libri3,libri1,pink,20.0,0.8,0.55,fpr,0.0
libri3,libri1,pink,20.0,0.9,0.2,fpr,0.0
libri3,libri1,pink,20.0,0.9,0.25,fpr,0.0
libri3,libri1,pink,20.0,0.9,0.3,fpr,0.0
libri3,libri1,pink,20.0,0.9,0.35,fpr,0.0
libri3,libri1,pink,20.0,0.9,0.4,fpr,0.0
libri3,libri1,pink,20.0,0.9,0.45,fpr,0.0
libri3,libri1,pink,20.0,0.9,0.5,fpr,0.0
libri3,libri1,pink,20.0,0.9,0.55,fpr,0.0
libri3,libri1,pink,20.0,1.0,0.2,fpr,0.0736
libri3,libri1,pink,20.0,1.0,0.25,fpr,0.0
libri3,libri1,pink,20.0,1.0,0.3,fpr,0.0
libri3,libri1,pink,20.0,1.0,0.35,fpr,0.0
libri3,libri1,pink,20.0,1.0,0.4,fpr,0.0
libri3,libri1,pink,20.0,1.0,0.45,fpr,0.0
libri3,libri1,pink,20.0,1.0,0.5,fpr,0.0
libri3,libri1,pink,20.0,1.0,0.55,fpr,0.0
libri3,libri2,white,-5.0,0.0,0.2,fpr,0.4061
libri3,libri2,white,-5.0,0.0,0.25,fpr,0.3142
libri3,libri2,white,-5.0,0.0,0.3,fpr,0.249
libri3,libri2,white,-5.0,0.0,0.35,fpr,0.1533
libri3,libri2,white,-5.0,0.0,0.4,fpr,0.1533
libri3,libri2,white,-5.0,0.0,0.45,fpr,0.1533
libri3,libri2,white,-5.0,0.0,0.5,fpr,0.1533
libri3,libri2,white,-5.0,0.0,0.55,fpr,0.1533
libri3,libri2,white,-5.0,0.1,0.2,fpr,0.3448
libri3,libri2,white,-5.0,0.1,0.25,fpr,0.3142
libri3,libri2,white,-5.0,0.1,0.3,fpr,0.2184
libri3,libri2,white,-5.0,0.1,0.35,fpr,0.1533
libri3,libri2,white,-5.0,0.1,0.4,fpr,0.1533
libri3,libri2,white,-5.0,0.1,0.45,fpr,0.1533
libri3,libri2,white,-5.0,0.1,0.5,fpr,0.1533
libri3,libri2,white,-5.0,0.1,0.55,fpr,0.1533
libri3,libri2,white,-5.0,0.2,0.2,fpr,0.3448
libri3,libri2,white,-5.0,0.2,0.25,fpr,0.249
libri3,libri2,white,-5.0,0.2,0.3,fpr,0.1533
libri3,libri2,white,-5.0,0.2,0.35,fpr,0.1533
libri3,libri2,white,-5.0,0.2,0.4,fpr,0.1533
libri3,libri2,white,-5.0,0.2,0.45,fpr,0.1533
libri3,libri2,white,-5.0,0.2,0.5,fpr,0.1533
libri3,libri2,white,-5.0,0.2,0.55,fpr,0.1533
libri3,libri2,white,-5.0,0.3,0.2,fpr,0.3448
libri3,libri2,white,-5.0,0.3,0.25,fpr,0.2184
libri3,libri2,white,-5.0,0.3,0.3,fpr,0.1533
libri3,libri2,white,-5.0,0.3,0.35,fpr,0.1533
libri3,libri2,white,-5.0,0.3,0.4,fpr,0.1533
libri3,libri2,white,-5.0,0.3,0.45,fpr,0.1533
libri3,libri2,white,-5.0,0.3,0.5,fpr,0.1533
libri3,libri2,white,-5.0,0.3,0.55,fpr,0.1533
libri3,libri2,white,-5.0,0.4,0.2,fpr,0.3142
libri3,libri2,white,-5.0,0.4,0.25,fpr,0.1533
libri3,libri2,white,-5.0,0.4,0.3,fpr,0.1533
libri3,libri2,white,-5.0,0.4,0.35,fpr,0.1533
libri3,libri2,white,-5.0,0.4,0.4,fpr,0.1533
libri3,libri2,white,-5.0,0.4,0.45,fpr,0.1533
libri3,libri2,white,-5.0,0.4,0.5,fpr,0.1533
libri3,libri2,white,-5.0,0.4,0.55,fpr,0.1533
libri3,libri2,white,-5.0,0.5,0.2,fpr,0.2184
libri3,libri2,white,-5.0,0.5,0.25,fpr,0.1533
libri3,libri2,white,-5.0,0.5,0.3,fpr,0.1533
libri3,libri2,white,-5.0,0.5,0.35,fpr,0.1533
libri3,libri2,white,-5.0,0.5,0.4,fpr,0.1533
libri3,libri2,white,-5.0,0.5,0.45,fpr,0.1533
libri3,libri2,white,-5.0,0.5,0.5,fpr,0.1533
libri3,libri2,white,-5.0,0.5,0.55,fpr,0.0
libri3,libri2,white,-5.0,0.6,0.2,fpr,0.2184
libri3,libri2,white,-5.0,0.6,0.25,fpr,0.1533
libri3,libri2,white,-5.0,0.6,0.3,fpr,0.1533
libri3,libri2,white,-5.0,0.6,0.35,fpr,0.1533
libri3,libri2,white,-5.0,0.6,0.4,fpr,0.1533
libri3,libri2,white,-5.0,0.6,0.45,fpr,0.0
libri3,libri2,white,-5.0,0.6,0.5,fpr,0.0
libri3,libri2,white,-5.0,0.6,0.55,fpr,0.0
libri3,libri2,white,-5.0,0.7,0.2,fpr,0.1533
libri3,libri2,white,-5.0,0.7,0.25,fpr,0.1533
libri3,libri2,white,-5.0,0.7,0.3,fpr,0.1533
libri3,libri2,white,-5.0,0.7,0.35,fpr,0.0
libri3,libri2,white,-5.0,0.7,0.4,fpr,0.0
libri3,libri2,white,-5.0,0.7,0.45,fpr,0.0
libri3,libri2,white,-5.0,0.7,0.5,fpr,0.0
libri3,libri2,white,-5.0,0.7,0.55,fpr,0.0
libri3,libri2,white,-5.0,0.8,0.2,fpr,0.1533
libri3,libri2,white,-5.0,0.8,0.25,fpr,0.0
libri3,libri2,white,-5.0,0.8,0.3,fpr,0.0
libri3,libri2,white,-5.0,0.8,0.35,fpr,0.0
libri3,libri2,white,-5.0,0.8,0.4,fpr,0.0
libri3,libri2,white,-5.0,0.8,0.45,fpr,0.0
libri3,libri2,white,-5.0,0.8,0.5,fpr,0.0
libri3,libri2,white,-5.0,0.8,0.55,fpr,0.0
libri3,libri2,white,-5.0,0.9,0.2,fpr,0.0
libri3,libri2,white,-5.0,0.9,0.25,fpr,0.0
libri3,libri2,white,-5.0,0.9,0.3,fpr,0.0
libri3,libri2,white,-5.0,0.9,0.35,fpr,0.0
libri3,libri2,white,-5.0,0.9,0.4,fpr,0.0
libri3,libri2,white,-5.0,0.9,0.45,fpr,0.0
libri3,libri2,white,-5.0,0.9,0.5,fpr,0.0
libri3,libri2,white,-5.0,0.9,0.55,fpr,0.0
libri3,libri2,white,-5.0,1.0,0.2,fpr,0.0
libri3,libri2,white,-5.0,1.0,0.25,fpr,0.0
libri3,libri2,white,-5.0,1.0,0.3,fpr,0.0
libri3,libri2,white,-5.0,1.0,0.35,fpr,0.0
libri3,libri2,white,-5.0,1.0,0.4,fpr,0.0
libri3,libri2,white,-5.0,1.0,0.45,fpr,0.0
libri3,libri2,white,-5.0,1.0,0.5,fpr,0.0
libri3,libri2,white,-5.0,1.0,0.55,fpr,0.0
libri3,libri2,white,0.0,0.0,0.2,fpr,0.4291
libri3,libri2,white,0.0,0.0,0.25,fpr,0.249
libri3,libri2,white,0.0,0.0,0.3,fpr,0.2184
libri3,libri2,white,0.0,0.0,0.35,fpr,0.1533
libri3,libri2,white,0.0,0.0,0.4,fpr,0.1533
libri3,libri2,white,0.0,0.0,0.45,fpr,0.1533
libri3,libri2,white,0.0,0.0,0.5,fpr,0.1533
libri3,libri2,white,0.0,0.0,0.55,fpr,0.1533
libri3,libri2,white,0.0,0.1,0.2,fpr,0.3985
libri3,libri2,white,0.0,0.1,0.25,fpr,0.2184
libri3,libri2,white,0.0,0.1,0.3,fpr,0.1533
libri3,libri2,white,0.0,0.1,0.35,fpr,0.1533
libri3,libri2,white,0.0,0.1,0.4,fpr,0.1533
libri3,libri2,white,0.0,0.1,0.45,fpr,0.1533
libri3,libri2,white,0.0,0.1,0.5,fpr,0.1533
libri3,libri2,white,0.0,0.1,0.55,fpr,0.1533
libri3,libri2,white,0.0,0.2,0.2,fpr,0.3142
libri3,libri2,white,0.0,0.2,0.25,fpr,0.2184
libri3,libri2,white,0.0,0.2,0.3,fpr,0.1533
libri3,libri2,white,0.0,0.2,0.35,fpr,0.1533
libri3,libri2,white,0.0,0.2,0.4,fpr,0.1533
libri3,libri2,white,0.0,0.2,0.45,fpr,0.1533
libri3,libri2,white,0.0,0.2,0.5,fpr,0.1533
libri3,libri2,white,0.0,0.2,0.55,fpr,0.1533
libri3,libri2,white,0.0,0.3,0.2,fpr,0.3142
libri3,libri2,white,0.0,0.3,0.25,fpr,0.2184
libri3,libri2,white,0.0,0.3,0.3,fpr,0.1533
libri3,libri2,white,0.0,0.3,0.35,fpr,0.1533
libri3,libri2,white,0.0,0.3,0.4,fpr,0.1533
libri3,libri2,white,0.0,0.3,0.45,fpr,0.1533
libri3,libri2,white,0.0,0.3,0.5,fpr,0.1533
libri3,libri2,white,0.0,0.3,0.55,fpr,0.1533
libri3,libri2,white,0.0,0.4,0.2,fpr,0.2797
libri3,libri2,white,0.0,0.4,0.25,fpr,0.1533
libri3,libri2,white,0.0,0.4,0.3,fpr,0.1533
libri3,libri2,white,0.0,0.4,0.35,fpr,0.1533
libri3,libri2,white,0.0,0.4,0.4,fpr,0.1533
libri3,libri2,white,0.0,0.4,0.45,fpr,0.1533
libri3,libri2,white,0.0,0.4,0.5,fpr,0.1533
libri3,libri2,white,0.0,0.4,0.55,fpr,0.1533
libri3,libri2,white,0.0,0.5,0.2,fpr,0.2797
libri3,libri2,white,0.0,0.5,0.25,fpr,0.1533
libri3,libri2,white,0.0,0.5,0.3,fpr,0.1533
libri3,libri2,white,0.0,0.5,0.35,fpr,0.1533
libri3,libri2,white,0.0,0.5,0.4,fpr,0.1533
libri3,libri2,white,0.0,0.5,0.45,fpr,0.1533
libri3,libri2,white,0.0,0.5,0.5,fpr,0.1533
libri3,libri2,white,0.0,0.5,0.55,fpr,0.0
libri3,libri2,white,0.0,0.6,0.2,fpr,0.2797
libri3,libri2,white,0.0,0.6,0.25,fpr,0.1533
libri3,libri2,white,0.0,0.6,0.3,fpr,0.1533
libri3,libri2,white,0.0,0.6,0.35,fpr,0.1533
libri3,libri2,white,0.0,0.6,0.4,fpr,0.1533
libri3,libri2,white,0.0,0.6,0.45,fpr,0.0
libri3,libri2,white,0.0,0.6,0.5,fpr,0.0
libri3,libri2,white,0.0,0.6,0.55,fpr,0.0
libri3,libri2,white,0.0,0.7,0.2,fpr,0.2184
libri3,libri2,white,0.0,0.7,0.25,fpr,0.1533
libri3,libri2,white,0.0,0.7,0.3,fpr,0.1533
libri3,libri2,white,0.0,0.7,0.35,fpr,0.0
libri3,libri2,white,0.0,0.7,0.4,fpr,0.0
libri3,libri2,white,0.0,0.7,0.45,fpr,0.0
libri3,libri2,white,0.0,0.7,0.5,fpr,0.0
libri3,libri2,white,0.0,0.7,0.55,fpr,0.0
libri3,libri2,white,0.0,0.8,0.2,fpr,0.249
libri3,libri2,white,0.0,0.8,0.25,fpr,0.0
libri3,libri2,white,0.0,0.8,0.3,fpr,0.0
libri3,libri2,white,0.0,0.8,0.35,fpr,0.0
libri3,libri2,white,0.0,0.8,0.4,fpr,0.0
libri3,libri2,white,0.0,0.8,0.45,fpr,0.0
libri3,libri2,white,0.0,0.8,0.5,fpr,0.0
libri3,libri2,white,0.0,0.8,0.55,fpr,0.0
libri3,libri2,white,0.0,0.9,0.2,fpr,0.1571
libri3,libri2,white,0.0,0.9,0.25,fpr,0.0
libri3,libri2,white,0.0,0.9,0.3,fpr,0.0
libri3,libri2,white,0.0,0.9,0.35,fpr,0.0
libri3,libri2,white,0.0,0.9,0.4,fpr,0.0
libri3,libri2,white,0.0,0.9,0.45,fpr,0.0
libri3,libri2,white,0.0,0.9,0.5,fpr,0.0
libri3,libri2,white,0.0,0.9,0.55,fpr,0.0
libri3,libri2,white,0.0,1.0,0.2,fpr,0.1877
libri3,libri2,white,0.0,1.0,0.25,fpr,0.0
libri3,libri2,white,0.0,1.0,0.3,fpr,0.0
libri3,libri2,white,0.0,1.0,0.35,fpr,0.0
libri3,libri2,white,0.0,1.0,0.4,fpr,0.0
libri3,libri2,white,0.0,1.0,0.45,fpr,0.0
libri3,libri2,white,0.0,1.0,0.5,fpr,0.0
libri3,libri2,white,0.0,1.0,0.55,fpr,0.0
libri3,libri2,white,5.0,0.0,0.2,fpr,0.4598
libri3,libri2,white,5.0,0.0,0.25,fpr,0.3678
libri3,libri2,white,5.0,0.0,0.3,fpr,0.2069
libri3,libri2,white,5.0,0.0,0.35,fpr,0.1533
libri3,libri2,white,5.0,0.0,0.4,fpr,0.1533
libri3,libri2,white,5.0,0.0,0.45,fpr,0.1533
libri3,libri2,white,5.0,0.0,0.5,fpr,0.1533
libri3,libri2,white,5.0,0.0,0.55,fpr,0.1533
libri3,libri2,white,5.0,0.1,0.2,fpr,0.4598
libri3,libri2,white,5.0,0.1,0.25,fpr,0.3372
libri3,libri2,white,5.0,0.1,0.3,fpr,0.2069
libri3,libri2,white,5.0,0.1,0.35,fpr,0.1533
libri3,libri2,white,5.0,0.1,0.4,fpr,0.1533
libri3,libri2,white,5.0,0.1,0.45,fpr,0.1533
libri3,libri2,white,5.0,0.1,0.5,fpr,0.1533
libri3,libri2,white,5.0,0.1,0.55,fpr,0.1533
libri3,libri2,white,5.0,0.2,0.2,fpr,0.4291
libri3,libri2,white,5.0,0.2,0.25,fpr,0.3372
libri3,libri2,white,5.0,0.2,0.3,fpr,0.1533
libri3,libri2,white,5.0,0.2,0.35,fpr,0.1533
libri3,libri2,white,5.0,0.2,0.4,fpr,0.1533
libri3,libri2,white,5.0,0.2,0.45,fpr,0.1533
libri3,libri2,white,5.0,0.2,0.5,fpr,0.1533
libri3,libri2,white,5.0,0.2,0.55,fpr,0.1533
libri3,libri2,white,5.0,0.3,0.2,fpr,0.3985
libri3,libri2,white,5.0,0.3,0.25,fpr,0.3372
libri3,libri2,white,5.0,0.3,0.3,fpr,0.1533
libri3,libri2,white,5.0,0.3,0.35,fpr,0.1533
libri3,libri2,white,5.0,0.3,0.4,fpr,0.1533
libri3,libri2,white,5.0,0.3,0.45,fpr,0.1533
libri3,libri2,white,5.0,0.3,0.5,fpr,0.1533
libri3,libri2,white,5.0,0.3,0.55,fpr,0.1533
libri3,libri2,white,5.0,0.4,0.2,fpr,0.3985
libri3,libri2,white,5.0,0.4,0.25,fpr,0.272
libri3,libri2,white,5.0,0.4,0.3,fpr,0.1533
libri3,libri2,white,5.0,0.4,0.35,fpr,0.1533
libri3,libri2,white,5.0,0.4,0.4,fpr,0.1533
libri3,libri2,white,5.0,0.4,0.45,fpr,0.1533
libri3,libri2,white,5.0,0.4,0.5,fpr,0.1533
libri3,libri2,white,5.0,0.4,0.55,fpr,0.1533
libri3,libri2,white,5.0,0.5,0.2,fpr,0.3985
libri3,libri2,white,5.0,0.5,0.25,fpr,0.272
libri3,libri2,white,5.0,0.5,0.3,fpr,0.1533
libri3,libri2,white,5.0,0.5,0.35,fpr,0.1533
libri3,libri2,white,5.0,0.5,0.4,fpr,0.1533
libri3,libri2,white,5.0,0.5,0.45,fpr,0.1533
libri3,libri2,white,5.0,0.5,0.5,fpr,0.1533
libri3,libri2,white,5.0,0.5,0.55,fpr,0.0
libri3,libri2,white,5.0,0.6,0.2,fpr,0.3678
libri3,libri2,white,5.0,0.6,0.25,fpr,0.272
libri3,libri2,white,5.0,0.6,0.3,fpr,0.1533
libri3,libri2,white,5.0,0.6,0.35,fpr,0.1533
libri3,libri2,white,5.0,0.6,0.4,fpr,0.1533
libri3,libri2,white,5.0,0.6,0.45,fpr,0.0
libri3,libri2,white,5.0,0.6,0.5,fpr,0.0
libri3,libri2,white,5.0,0.6,0.55,fpr,0.0
libri3,libri2,white,5.0,0.7,0.2,fpr,0.3678
libri3,libri2,white,5.0,0.7,0.25,fpr,0.1533
libri3,libri2,white,5.0,0.7,0.3,fpr,0.1533
libri3,libri2,white,5.0,0.7,0.35,fpr,0.0
libri3,libri2,white,5.0,0.7,0.4,fpr,0.0
libri3,libri2,white,5.0,0.7,0.45,fpr,0.0
libri3,libri2,white,5.0,0.7,0.5,fpr,0.0
libri3,libri2,white,5.0,0.7,0.55,fpr,0.0
libri3,libri2,white,5.0,0.8,0.2,fpr,0.3372
libri3,libri2,white,5.0,0.8,0.25,fpr,0.0
libri3,libri2,white,5.0,0.8,0.3,fpr,0.0
libri3,libri2,white,5.0,0.8,0.35,fpr,0.0
libri3,libri2,white,5.0,0.8,0.4,fpr,0.0
libri3,libri2,white,5.0,0.8,0.45,fpr,0.0
libri3,libri2,white,5.0,0.8,0.5,fpr,0.0
libri3,libri2,white,5.0,0.8,0.55,fpr,0.0
libri3,libri2,white,5.0,0.9,0.2,fpr,0.2797
libri3,libri2,white,5.0,0.9,0.25,fpr,0.0
libri3,libri2,white,5.0,0.9,0.3,fpr,0.0
libri3,libri2,white,5.0,0.9,0.35,fpr,0.0
libri3,libri2,white,5.0,0.9,0.4,fpr,0.0
libri3,libri2,white,5.0,0.9,0.45,fpr,0.0
libri3,libri2,white,5.0,0.9,0.5,fpr,0.0
libri3,libri2,white,5.0,0.9,0.55,fpr,0.0
libri3,libri2,white,5.0,1.0,0.2,fpr,0.2797
libri3,libri2,white,5.0,1.0,0.25,fpr,0.0
libri3,libri2,white,5.0,1.0,0.3,fpr,0.0
libri3,libri2,white,5.0,1.0,0.35,fpr,0.0
libri3,libri2,white,5.0,1.0,0.4,fpr,0.0
libri3,libri2,white,5.0,1.0,0.45,fpr,0.0
libri3,libri2,white,5.0,1.0,0.5,fpr,0.0
libri3,libri2,white,5.0,1.0,0.55,fpr,0.0
libri3,libri2,white,10.0,0.0,0.2,fpr,0.4291
libri3,libri2,white,10.0,0.0,0.25,fpr,0.3027
libri3,libri2,white,10.0,0.0,0.3,fpr,0.2184
libri3,libri2,white,10.0,0.0,0.35,fpr,0.1533
libri3,libri2,white,10.0,0.0,0.4,fpr,0.1533
libri3,libri2,white,10.0,0.0,0.45,fpr,0.1533
libri3,libri2,white,10.0,0.0,0.5,fpr,0.1533
libri3,libri2,white,10.0,0.0,0.55,fpr,0.1533
libri3,libri2,white,10.0,0.1,0.2,fpr,0.4291
libri3,libri2,white,10.0,0.1,0.25,fpr,0.3027
libri3,libri2,white,10.0,0.1,0.3,fpr,0.1533
libri3,libri2,white,10.0,0.1,0.35,fpr,0.1533
libri3,libri2,white,10.0,0.1,0.4,fpr,0.1533
libri3,libri2,white,10.0,0.1,0.45,fpr,0.1533
libri3,libri2,white,10.0,0.1,0.5,fpr,0.1533
libri3,libri2,white,10.0,0.1,0.55,fpr,0.1533
libri3,libri2,white,10.0,0.2,0.2,fpr,0.3333
libri3,libri2,white,10.0,0.2,0.25,fpr,0.3027
libri3,libri2,white,10.0,0.2,0.3,fpr,0.1533
libri3,libri2,white,10.0,0.2,0.35,fpr,0.1533
libri3,libri2,white,10.0,0.2,0.4,fpr,0.1533
libri3,libri2,white,10.0,0.2,0.45,fpr,0.1533
libri3,libri2,white,10.0,0.2,0.5,fpr,0.1533
libri3,libri2,white,10.0,0.2,0.55,fpr,0.1533
libri3,libri2,white,10.0,0.3,0.2,fpr,0.3027
libri3,libri2,white,10.0,0.3,0.25,fpr,0.3027
libri3,libri2,white,10.0,0.3,0.3,fpr,0.1533
libri3,libri2,white,10.0,0.3,0.35,fpr,0.1533
libri3,libri2,white,10.0,0.3,0.4,fpr,0.1533
libri3,libri2,white,10.0,0.3,0.45,fpr,0.1533
libri3,libri2,white,10.0,0.3,0.5,fpr,0.1533
libri3,libri2,white,10.0,0.3,0.55,fpr,0.1533
libri3,libri2,white,10.0,0.4,0.2,fpr,0.3027
libri3,libri2,white,10.0,0.4,0.25,fpr,0.1533
libri3,libri2,white,10.0,0.4,0.3,fpr,0.1533
libri3,libri2,white,10.0,0.4,0.35,fpr,0.1533
libri3,libri2,white,10.0,0.4,0.4,fpr,0.1533
libri3,libri2,white,10.0,0.4,0.45,fpr,0.1533
libri3,libri2,white,10.0,0.4,0.5,fpr,0.1533
libri3,libri2,white,10.0,0.4,0.55,fpr,0.1533
libri3,libri2,white,10.0,0.5,0.2,fpr,0.3027
libri3,libri2,white,10.0,0.5,0.25,fpr,0.1533
libri3,libri2,white,10.0,0.5,0.3,fpr,0.1533
libri3,libri2,white,10.0,0.5,0.35,fpr,0.1533
libri3,libri2,white,10.0,0.5,0.4,fpr,0.1533
libri3,libri2,white,10.0,0.5,0.45,fpr,0.1533
libri3,libri2,white,10.0,0.5,0.5,fpr,0.1533
libri3,libri2,white,10.0,0.5,0.55,fpr,0.0
libri3,libri2,white,10.0,0.6,0.2,fpr,0.3027
libri3,libri2,white,10.0,0.6,0.25,fpr,0.1533
libri3,libri2,white,10.0,0.6,0.3,fpr,0.1533
libri3,libri2,white,10.0,0.6,0.35,fpr,0.1533
libri3,libri2,white,10.0,0.6,0.4,fpr,0.1533
libri3,libri2,white,10.0,0.6,0.45,fpr,0.0
libri3,libri2,white,10.0,0.6,0.5,fpr,0.0
libri3,libri2,white,10.0,0.6,0.55,fpr,0.0
libri3,libri2,white,10.0,0.7,0.2,fpr,0.2069
libri3,libri2,white,10.0,0.7,0.25,fpr,0.1533
libri3,libri2,white,10.0,0.7,0.3,fpr,0.1533
libri3,libri2,white,10.0,0.7,0.35,fpr,0.0
libri3,libri2,white,10.0,0.7,0.4,fpr,0.0
libri3,libri2,white,10.0,0.7,0.45,fpr,0.0
libri3,libri2,white,10.0,0.7,0.5,fpr,0.0
libri3,libri2,white,10.0,0.7,0.55,fpr,0.0
libri3,libri2,white,10.0,0.8,0.2,fpr,0.1533
libri3,libri2,white,10.0,0.8,0.25,fpr,0.0
libri3,libri2,white,10.0,0.8,0.3,fpr,0.0
libri3,libri2,white,10.0,0.8,0.35,fpr,0.0
libri3,libri2,white,10.0,0.8,0.4,fpr,0.0
libri3,libri2,white,10.0,0.8,0.45,fpr,0.0
libri3,libri2,white,10.0,0.8,0.5,fpr,0.0
libri3,libri2,white,10.0,0.8,0.55,fpr,0.0
libri3,libri2,white,10.0,0.9,0.2,fpr,0.0651
libri3,libri2,white,10.0,0.9,0.25,fpr,0.0
libri3,libri2,white,10.0,0.9,0.3,fpr,0.0
libri3,libri2,white,10.0,0.9,0.35,fpr,0.0
libri3,libri2,white,10.0,0.9,0.4,fpr,0.0
libri3,libri2,white,10.0,0.9,0.45,fpr,0.0
libri3,libri2,white,10.0,0.9,0.5,fpr,0.0
libri3,libri2,white,10.0,0.9,0.55,fpr,0.0
libri3,libri2,white,10.0,1.0,0.2,fpr,0.0651
libri3,libri2,white,10.0,1.0,0.25,fpr,0.0
libri3,libri2,white,10.0,1.0,0.3,fpr,0.0
libri3,libri2,white,10.0,1.0,0.35,fpr,0.0
libri3,libri2,white,10.0,1.0,0.4,fpr,0.0
libri3,libri2,white,10.0,1.0,0.45,fpr,0.0
libri3,libri2,white,10.0,1.0,0.5,fpr,0.0
libri3,libri2,white,10.0,1.0,0.55,fpr,0.0
libri3,libri2,white,15.0,0.0,0.2,fpr,0.4598
libri3,libri2,white,15.0,0.0,0.25,fpr,0.364
libri3,libri2,white,15.0,0.0,0.3,fpr,0.2184
libri3,libri2,white,15.0,0.0,0.35,fpr,0.1533
libri3,libri2,white,15.0,0.0,0.4,fpr,0.1533
libri3,libri2,white,15.0,0.0,0.45,fpr,0.1533
libri3,libri2,white,15.0,0.0,0.5,fpr,0.1533
libri3,libri2,white,15.0,0.0,0.55,fpr,0.1533
libri3,libri2,white,15.0,0.1,0.2,fpr,0.3946
libri3,libri2,white,15.0,0.1,0.25,fpr,0.3027
libri3,libri2,white,15.0,0.1,0.3,fpr,0.1533
libri3,libri2,white,15.0,0.1,0.35,fpr,0.1533
libri3,libri2,white,15.0,0.1,0.4,fpr,0.1533
libri3,libri2,white,15.0,0.1,0.45,fpr,0.1533
libri3,libri2,white,15.0,0.1,0.5,fpr,0.1533
libri3,libri2,white,15.0,0.1,0.55,fpr,0.1533
libri3,libri2,white,15.0,0.2,0.2,fpr,0.3946
libri3,libri2,white,15.0,0.2,0.25,fpr,0.3027
libri3,libri2,white,15.0,0.2,0.3,fpr,0.1533
libri3,libri2,white,15.0,0.2,0.35,fpr,0.1533
libri3,libri2,white,15.0,0.2,0.4,fpr,0.1533
libri3,libri2,white,15.0,0.2,0.45,fpr,0.1533
libri3,libri2,white,15.0,0.2,0.5,fpr,0.1533
libri3,libri2,white,15.0,0.2,0.55,fpr,0.1533
libri3,libri2,white,15.0,0.3,0.2,fpr,0.364
libri3,libri2,white,15.0,0.3,0.25,fpr,0.2184
libri3,libri2,white,15.0,0.3,0.3,fpr,0.1533
libri3,libri2,white,15.0,0.3,0.35,fpr,0.1533
libri3,libri2,white,15.0,0.3,0.4,fpr,0.1533
libri3,libri2,white,15.0,0.3,0.45,fpr,0.1533
libri3,libri2,white,15.0,0.3,0.5,fpr,0.1533
libri3,libri2,white,15.0,0.3,0.55,fpr,0.1533
libri3,libri2,white,15.0,0.4,0.2,fpr,0.364
libri3,libri2,white,15.0,0.4,0.25,fpr,0.1533
libri3,libri2,white,15.0,0.4,0.3,fpr,0.1533
libri3,libri2,white,15.0,0.4,0.35,fpr,0.1533
libri3,libri2,white,15.0,0.4,0.4,fpr,0.1533
libri3,libri2,white,15.0,0.4,0.45,fpr,0.1533
libri3,libri2,white,15.0,0.4,0.5,fpr,0.1533
libri3,libri2,white,15.0,0.4,0.55,fpr,0.1533
libri3,libri2,white,15.0,0.5,0.2,fpr,0.364
libri3,libri2,white,15.0,0.5,0.25,fpr,0.1533
libri3,libri2,white,15.0,0.5,0.3,fpr,0.1533
libri3,libri2,white,15.0,0.5,0.35,fpr,0.1533
libri3,libri2,white,15.0,0.5,0.4,fpr,0.1533
libri3,libri2,white,15.0,0.5,0.45,fpr,0.1533
libri3,libri2,white,15.0,0.5,0.5,fpr,0.1533
libri3,libri2,white,15.0,0.5,0.55,fpr,0.0
libri3,libri2,white,15.0,0.6,0.2,fpr,0.2797
libri3,libri2,white,15.0,0.6,0.25,fpr,0.1533
libri3,libri2,white,15.0,0.6,0.3,fpr,0.1533
libri3,libri2,white,15.0,0.6,0.35,fpr,0.1533
libri3,libri2,white,15.0,0.6,0.4,fpr,0.1533
libri3,libri2,white,15.0,0.6,0.45,fpr,0.0
libri3,libri2,white,15.0,0.6,0.5,fpr,0.0
libri3,libri2,white,15.0,0.6,0.55,fpr,0.0
libri3,libri2,white,15.0,0.7,0.2,fpr,0.2184
libri3,libri2,white,15.0,0.7,0.25,fpr,0.1533
libri3,libri2,white,15.0,0.7,0.3,fpr,0.1533
libri3,libri2,white,15.0,0.7,0.35,fpr,0.0
libri3,libri2,white,15.0,0.7,0.4,fpr,0.0
libri3,libri2,white,15.0,0.7,0.45,fpr,0.0
libri3,libri2,white,15.0,0.7,0.5,fpr,0.0
libri3,libri2,white,15.0,0.7,0.55,fpr,0.0
libri3,libri2,white,15.0,0.8,0.2,fpr,0.1533
libri3,libri2,white,15.0,0.8,0.25,fpr,0.0
libri3,libri2,white,15.0,0.8,0.3,fpr,0.0
libri3,libri2,white,15.0,0.8,0.35,fpr,0.0
libri3,libri2,white,15.0,0.8,0.4,fpr,0.0
libri3,libri2,white,15.0,0.8,0.45,fpr,0.0
libri3,libri2,white,15.0,0.8,0.5,fpr,0.0
libri3,libri2,white,15.0,0.8,0.55,fpr,0.0
libri3,libri2,white,15.0,0.9,0.2,fpr,0.0
libri3,libri2,white,15.0,0.9,0.25,fpr,0.0
libri3,libri2,white,15.0,0.9,0.3,fpr,0.0
libri3,libri2,white,15.0,0.9,0.35,fpr,0.0
libri3,libri2,white,15.0,0.9,0.4,fpr,0.0
libri3,libri2,white,15.0,0.9,0.45,fpr,0.0
libri3,libri2,white,15.0,0.9,0.5,fpr,0.0
libri3,libri2,white,15.0,0.9,0.55,fpr,0.0
libri3,libri2,white,15.0,1.0,0.2,fpr,0.0
libri3,libri2,white,15.0,1.0,0.25,fpr,0.0
libri3,libri2,white,15.0,1.0,0.3,fpr,0.0
libri3,libri2,white,15.0,1.0,0.35,fpr,0.0
libri3,libri2,white,15.0,1.0,0.4,fpr,0.0
libri3,libri2,white,15.0,1.0,0.45,fpr,0.0
libri3,libri2,white,15.0,1.0,0.5,fpr,0.0
libri3,libri2,white,15.0,1.0,0.55,fpr,0.0
libri3,libri2,white,20.0,0.0,0.2,fpr,0.4904
libri3,libri2,white,20.0,0.0,0.25,fpr,0.364
libri3,libri2,white,20.0,0.0,0.3,fpr,0.2184
libri3,libri2,white,20.0,0.0,0.35,fpr,0.1533
libri3,libri2,white,20.0,0.0,0.4,fpr,0.1533
libri3,libri2,white,20.0,0.0,0.45,fpr,0.1533
libri3,libri2,white,20.0,0.0,0.5,fpr,0.1533
libri3,libri2,white,20.0,0.0,0.55,fpr,0.1533
libri3,libri2,white,20.0,0.1,0.2,fpr,0.4904
libri3,libri2,white,20.0,0.1,0.25,fpr,0.3027
libri3,libri2,white,20.0,0.1,0.3,fpr,0.1533
libri3,libri2,white,20.0,0.1,0.35,fpr,0.1533
libri3,libri2,white,20.0,0.1,0.4,fpr,0.1533
libri3,libri2,white,20.0,0.1,0.45,fpr,0.1533
libri3,libri2,white,20.0,0.1,0.5,fpr,0.1533
libri3,libri2,white,20.0,0.1,0.55,fpr,0.1533
libri3,libri2,white,20.0,0.2,0.2,fpr,0.4598
libri3,libri2,white,20.0,0.2,0.25,fpr,0.3027
libri3,libri2,white,20.0,0.2,0.3,fpr,0.1533
libri3,libri2,white,20.0,0.2,0.35,fpr,0.1533
libri3,libri2,white,20.0,0.2,0.4,fpr,0.1533
libri3,libri2,white,20.0,0.2,0.45,fpr,0.1533
libri3,libri2,white,20.0,0.2,0.5,fpr,0.1533
libri3,libri2,white,20.0,0.2,0.55,fpr,0.1533
libri3,libri2,white,20.0,0.3,0.2,fpr,0.364
libri3,libri2,white,20.0,0.3,0.25,fpr,0.2184
libri3,libri2,white,20.0,0.3,0.3,fpr,0.1533
libri3,libri2,white,20.0,0.3,0.35,fpr,0.1533
libri3,libri2,white,20.0,0.3,0.4,fpr,0.1533
libri3,libri2,white,20.0,0.3,0.45,fpr,0.1533
libri3,libri2,white,20.0,0.3,0.5,fpr,0.1533
libri3,libri2,white,20.0,0.3,0.55,fpr,0.1533
libri3,libri2,white,20.0,0.4,0.2,fpr,0.364
libri3,libri2,white,20.0,0.4,0.25,fpr,0.1533
libri3,libri2,white,20.0,0.4,0.3,fpr,0.1533
libri3,libri2,white,20.0,0.4,0.35,fpr,0.1533
libri3,libri2,white,20.0,0.4,0.4,fpr,0.1533
libri3,libri2,white,20.0,0.4,0.45,fpr,0.1533
libri3,libri2,white,20.0,0.4,0.5,fpr,0.1533
libri3,libri2,white,20.0,0.4,0.55,fpr,0.1533
libri3,libri2,white,20.0,0.5,0.2,fpr,0.3027
libri3,libri2,white,20.0,0.5,0.25,fpr,0.1533
libri3,libri2,white,20.0,0.5,0.3,fpr,0.1533
libri3,libri2,white,20.0,0.5,0.35,fpr,0.1533
libri3,libri2,white,20.0,0.5,0.4,fpr,0.1533
libri3,libri2,white,20.0,0.5,0.45,fpr,0.1533
libri3,libri2,white,20.0,0.5,0.5,fpr,0.1533
libri3,libri2,white,20.0,0.5,0.55,fpr,0.0
libri3,libri2,white,20.0,0.6,0.2,fpr,0.2184
libri3,libri2,white,20.0,0.6,0.25,fpr,0.1533
libri3,libri2,white,20.0,0.6,0.3,fpr,0.1533
libri3,libri2,white,20.0,0.6,0.35,fpr,0.1533
libri3,libri2,white,20.0,0.6,0.4,fpr,0.1533
libri3,libri2,white,20.0,0.6,0.45,fpr,0.0
libri3,libri2,white,20.0,0.6,0.5,fpr,0.0
libri3,libri2,white,20.0,0.6,0.55,fpr,0.0
libri3,libri2,white,20.0,0.7,0.2,fpr,0.1533
libri3,libri2,white,20.0,0.7,0.25,fpr,0.1533
libri3,libri2,white,20.0,0.7,0.3,fpr,0.1533
libri3,libri2,white,20.0,0.7,0.35,fpr,0.0
libri3,libri2,white,20.0,0.7,0.4,fpr,0.0
libri3,libri2,white,20.0,0.7,0.45,fpr,0.0
libri3,libri2,white,20.0,0.7,0.5,fpr,0.0
libri3,libri2,white,20.0,0.7,0.55,fpr,0.0
libri3,libri2,white,20.0,0.8,0.2,fpr,0.1533
libri3,libri2,white,20.0,0.8,0.25,fpr,0.0
libri3,libri2,white,20.0,0.8,0.3,fpr,0.0
libri3,libri2,white,20.0,0.8,0.35,fpr,0.0
libri3,libri2,white,20.0,0.8,0.4,fpr,0.0
libri3,libri2,white,20.0,0.8,0.45,fpr,0.0
libri3,libri2,white,20.0,0.8,0.5,fpr,0.0
libri3,libri2,white,20.0,0.8,0.55,fpr,0.0
libri3,libri2,white,20.0,0.9,0.2,fpr,0.0
libri3,libri2,white,20.0,0.9,0.25,fpr,0.0
libri3,libri2,white,20.0,0.9,0.3,fpr,0.0
libri3,libri2,white,20.0,0.9,0.35,fpr,0.0
libri3,libri2,white,20.0,0.9,0.4,fpr,0.0
libri3,libri2,white,20.0,0.9,0.45,fpr,0.0
libri3,libri2,white,20.0,0.9,0.5,fpr,0.0
libri3,libri2,white,20.0,0.9,0.55,fpr,0.0
libri3,libri2,white,20.0,1.0,0.2,fpr,0.0
libri3,libri2,white,20.0,1.0,0.25,fpr,0.0
libri3,libri2,white,20.0,1.0,0.3,fpr,0.0
libri3,libri2,white,20.0,1.0,0.35,fpr,0.0
libri3,libri2,white,20.0,1.0,0.4,fpr,0.0
libri3,libri2,white,20.0,1.0,0.45,fpr,0.0
libri3,libri2,white,20.0,1.0,0.5,fpr,0.0
libri3,libri2,white,20.0,1.0,0.55,fpr,0.0
libri3,libri2,pink,-5.0,0.0,0.2,fpr,0.5249
libri3,libri2,pink,-5.0,0.0,0.25,fpr,0.3027
libri3,libri2,pink,-5.0,0.0,0.3,fpr,0.2375
libri3,libri2,pink,-5.0,0.0,0.35,fpr,0.2375
libri3,libri2,pink,-5.0,0.0,0.4,fpr,0.2375
libri3,libri2,pink,-5.0,0.0,0.45,fpr,0.1533
libri3,libri2,pink,-5.0,0.0,0.5,fpr,0.1533
libri3,libri2,pink,-5.0,0.0,0.55,fpr,0.1533
libri3,libri2,pink,-5.0,0.1,0.2,fpr,0.4291
libri3,libri2,pink,-5.0,0.1,0.25,fpr,0.2375
libri3,libri2,pink,-5.0,0.1,0.3,fpr,0.2375
libri3,libri2,pink,-5.0,0.1,0.35,fpr,0.2375
libri3,libri2,pink,-5.0,0.1,0.4,fpr,0.1533
libri3,libri2,pink,-5.0,0.1,0.45,fpr,0.1533
libri3,libri2,pink,-5.0,0.1,0.5,fpr,0.1533
libri3,libri2,pink,-5.0,0.1,0.55,fpr,0.1533
libri3,libri2,pink,-5.0,0.2,0.2,fpr,0.364
libri3,libri2,pink,-5.0,0.2,0.25,fpr,0.2375
libri3,libri2,pink,-5.0,0.2,0.3,fpr,0.2375
libri3,libri2,pink,-5.0,0.2,0.35,fpr,0.2375
libri3,libri2,pink,-5.0,0.2,0.4,fpr,0.1533
libri3,libri2,pink,-5.0,0.2,0.45,fpr,0.1533
libri3,libri2,pink,-5.0,0.2,0.5,fpr,0.1533
libri3,libri2,pink,-5.0,0.2,0.55,fpr,0.1533
libri3,libri2,pink,-5.0,0.3,0.2,fpr,0.3333
libri3,libri2,pink,-5.0,0.3,0.25,fpr,0.2375
libri3,libri2,pink,-5.0,0.3,0.3,fpr,0.2375
libri3,libri2,pink,-5.0,0.3,0.35,fpr,0.1533
libri3,libri2,pink,-5.0,0.3,0.4,fpr,0.1533
libri3,libri2,pink,-5.0,0.3,0.45,fpr,0.1533
libri3,libri2,pink,-5.0,0.3,0.5,fpr,0.1533
libri3,libri2,pink,-5.0,0.3,0.55,fpr,0.1533
libri3,libri2,pink,-5.0,0.4,0.2,fpr,0.3027
libri3,libri2,pink,-5.0,0.4,0.25,fpr,0.2375
libri3,libri2,pink,-5.0,0.4,0.3,fpr,0.2069
libri3,libri2,pink,-5.0,0.4,0.35,fpr,0.1533
libri3,libri2,pink,-5.0,0.4,0.4,fpr,0.1533
libri3,libri2,pink,-5.0,0.4,0.45,fpr,0.1533
libri3,libri2,pink,-5.0,0.4,0.5,fpr,0.1533
libri3,libri2,pink,-5.0,0.4,0.55,fpr,0.1533
libri3,libri2,pink,-5.0,0.5,0.2,fpr,0.3027
libri3,libri2,pink,-5.0,0.5,0.25,fpr,0.2069
libri3,libri2,pink,-5.0,0.5,0.3,fpr,0.1533
libri3,libri2,pink,-5.0,0.5,0.35,fpr,0.1533
libri3,libri2,pink,-5.0,0.5,0.4,fpr,0.1533
libri3,libri2,pink,-5.0,0.5,0.45,fpr,0.1533
libri3,libri2,pink,-5.0,0.5,0.5,fpr,0.1533
libri3,libri2,pink,-5.0,0.5,0.55,fpr,0.0
libri3,libri2,pink,-5.0,0.6,0.2,fpr,0.3027
libri3,libri2,pink,-5.0,0.6,0.25,fpr,0.1533
libri3,libri2,pink,-5.0,0.6,0.3,fpr,0.1533
libri3,libri2,pink,-5.0,0.6,0.35,fpr,0.1533
libri3,libri2,pink,-5.0,0.6,0.4,fpr,0.1533
libri3,libri2,pink,-5.0,0.6,0.45,fpr,0.0
libri3,libri2,pink,-5.0,0.6,0.5,fpr,0.0
libri3,libri2,pink,-5.0,0.6,0.55,fpr,0.0
libri3,libri2,pink,-5.0,0.7,0.2,fpr,0.2069
libri3,libri2,pink,-5.0,0.7,0.25,fpr,0.1533
libri3,libri2,pink,-5.0,0.7,0.3,fpr,0.1533
libri3,libri2,pink,-5.0,0.7,0.35,fpr,0.0
libri3,libri2,pink,-5.0,0.7,0.4,fpr,0.0
libri3,libri2,pink,-5.0,0.7,0.45,fpr,0.0
libri3,libri2,pink,-5.0,0.7,0.5,fpr,0.0
libri3,libri2,pink,-5.0,0.7,0.55,fpr,0.0
libri3,libri2,pink,-5.0,0.8,0.2,fpr,0.1533
libri3,libri2,pink,-5.0,0.8,0.25,fpr,0.0
libri3,libri2,pink,-5.0,0.8,0.3,fpr,0.0
libri3,libri2,pink,-5.0,0.8,0.35,fpr,0.0
libri3,libri2,pink,-5.0,0.8,0.4,fpr,0.0
libri3,libri2,pink,-5.0,0.8,0.45,fpr,0.0
libri3,libri2,pink,-5.0,0.8,0.5,fpr,0.0
libri3,libri2,pink,-5.0,0.8,0.55,fpr,0.0
libri3,libri2,pink,-5.0,0.9,0.2,fpr,0.0
libri3,libri2,pink,-5.0,0.9,0.25,fpr,0.0
libri3,libri2,pink,-5.0,0.9,0.3,fpr,0.0
libri3,libri2,pink,-5.0,0.9,0.35,fpr,0.0
libri3,libri2,pink,-5.0,0.9,0.4,fpr,0.0
libri3,libri2,pink,-5.0,0.9,0.45,fpr,0.0
libri3,libri2,pink,-5.0,0.9,0.5,fpr,0.0
libri3,libri2,pink,-5.0,0.9,0.55,fpr,0.0
libri3,libri2,pink,-5.0,1.0,0.2,fpr,0.0
libri3,libri2,pink,-5.0,1.0,0.25,fpr,0.0
libri3,libri2,pink,-5.0,1.0,0.3,fpr,0.0
libri3,libri2,pink,-5.0,1.0,0.35,fpr,0.0
libri3,libri2,pink,-5.0,1.0,0.4,fpr,0.0
libri3,libri2,pink,-5.0,1.0,0.45,fpr,0.0
libri3,libri2,pink,-5.0,1.0,0.5,fpr,0.0
libri3,libri2,pink,-5.0,1.0,0.55,fpr,0.0
libri3,libri2,pink,0.0,0.0,0.2,fpr,0.2797
libri3,libri2,pink,0.0,0.0,0.25,fpr,0.2184
libri3,libri2,pink,0.0,0.0,0.3,fpr,0.2184
libri3,libri2,pink,0.0,0.0,0.35,fpr,0.1533
libri3,libri2,pink,0.0,0.0,0.4,fpr,0.1533
libri3,libri2,pink,0.0,0.0,0.45,fpr,0.1533
libri3,libri2,pink,0.0,0.0,0.5,fpr,0.1533
libri3,libri2,pink,0.0,0.0,0.55,fpr,0.1533
libri3,libri2,pink,0.0,0.1,0.2,fpr,0.2797
libri3,libri2,pink,0.0,0.1,0.25,fpr,0.2184
libri3,libri2,pink,0.0,0.1,0.3,fpr,0.1533
libri3,libri2,pink,0.0,0.1,0.35,fpr,0.1533
libri3,libri2,pink,0.0,0.1,0.4,fpr,0.1533
libri3,libri2,pink,0.0,0.1,0.45,fpr,0.1533
libri3,libri2,pink,0.0,0.1,0.5,fpr,0.1533
libri3,libri2,pink,0.0,0.1,0.55,fpr,0.1533
libri3,libri2,pink,0.0,0.2,0.2,fpr,0.2797
libri3,libri2,pink,0.0,0.2,0.25,fpr,0.2184
libri3,libri2,pink,0.0,0.2,0.3,fpr,0.1533
libri3,libri2,pink,0.0,0.2,0.35,fpr,0.1533
libri3,libri2,pink,0.0,0.2,0.4,fpr,0.1533
libri3,libri2,pink,0.0,0.2,0.45,fpr,0.1533
libri3,libri2,pink,0.0,0.2,0.5,fpr,0.1533
libri3,libri2,pink,0.0,0.2,0.55,fpr,0.1533
libri3,libri2,pink,0.0,0.3,0.2,fpr,0.2797
libri3,libri2,pink,0.0,0.3,0.25,fpr,0.2184
libri3,libri2,pink,0.0,0.3,0.3,fpr,0.1533
libri3,libri2,pink,0.0,0.3,0.35,fpr,0.1533
libri3,libri2,pink,0.0,0.3,0.4,fpr,0.1533
libri3,libri2,pink,0.0,0.3,0.45,fpr,0.1533
libri3,libri2,pink,0.0,0.3,0.5,fpr,0.1533
libri3,libri2,pink,0.0,0.3,0.55,fpr,0.1533
libri3,libri2,pink,0.0,0.4,0.2,fpr,0.2184
libri3,libri2,pink,0.0,0.4,0.25,fpr,0.2184
libri3,libri2,pink,0.0,0.4,0.3,fpr,0.1533
libri3,libri2,pink,0.0,0.4,0.35,fpr,0.1533
libri3,libri2,pink,0.0,0.4,0.4,fpr,0.1533
libri3,libri2,pink,0.0,0.4,0.45,fpr,0.1533
libri3,libri2,pink,0.0,0.4,0.5,fpr,0.1533
libri3,libri2,pink,0.0,0.4,0.55,fpr,0.1533
libri3,libri2,pink,0.0,0.5,0.2,fpr,0.2184
libri3,libri2,pink,0.0,0.5,0.25,fpr,0.1533
libri3,libri2,pink,0.0,0.5,0.3,fpr,0.1533
libri3,libri2,pink,0.0,0.5,0.35,fpr,0.1533
libri3,libri2,pink,0.0,0.5,0.4,fpr,0.1533
libri3,libri2,pink,0.0,0.5,0.45,fpr,0.1533
libri3,libri2,pink,0.0,0.5,0.5,fpr,0.1533
libri3,libri2,pink,0.0,0.5,0.55,fpr,0.0
libri3,libri2,pink,0.0,0.6,0.2,fpr,0.2184
libri3,libri2,pink,0.0,0.6,0.25,fpr,0.1533
libri3,libri2,pink,0.0,0.6,0.3,fpr,0.1533
libri3,libri2,pink,0.0,0.6,0.35,fpr,0.1533
libri3,libri2,pink,0.0,0.6,0.4,fpr,0.1533
libri3,libri2,pink,0.0,0.6,0.45,fpr,0.0
libri3,libri2,pink,0.0,0.6,0.5,fpr,0.0
libri3,libri2,pink,0.0,0.6,0.55,fpr,0.0
libri3,libri2,pink,0.0,0.7,0.2,fpr,0.2184
libri3,libri2,pink,0.0,0.7,0.25,fpr,0.1533
libri3,libri2,pink,0.0,0.7,0.3,fpr,0.1533
libri3,libri2,pink,0.0,0.7,0.35,fpr,0.0
libri3,libri2,pink,0.0,0.7,0.4,fpr,0.0
libri3,libri2,pink,0.0,0.7,0.45,fpr,0.0
libri3,libri2,pink,0.0,0.7,0.5,fpr,0.0
libri3,libri2,pink,0.0,0.7,0.55,fpr,0.0
libri3,libri2,pink,0.0,0.8,0.2,fpr,0.2184
libri3,libri2,pink,0.0,0.8,0.25,fpr,0.0
libri3,libri2,pink,0.0,0.8,0.3,fpr,0.0
libri3,libri2,pink,0.0,0.8,0.35,fpr,0.0
libri3,libri2,pink,0.0,0.8,0.4,fpr,0.0
libri3,libri2,pink,0.0,0.8,0.45,fpr,0.0
libri3,libri2,pink,0.0,0.8,0.5,fpr,0.0
libri3,libri2,pink,0.0,0.8,0.55,fpr,0.0
libri3,libri2,pink,0.0,0.9,0.2,fpr,0.0651
libri3,libri2,pink,0.0,0.9,0.25,fpr,0.0
libri3,libri2,pink,0.0,0.9,0.3,fpr,0.0
libri3,libri2,pink,0.0,0.9,0.35,fpr,0.0
libri3,libri2,pink,0.0,0.9,0.4,fpr,0.0
libri3,libri2,pink,0.0,0.9,0.45,fpr,0.0
libri3,libri2,pink,0.0,0.9,0.5,fpr,0.0
libri3,libri2,pink,0.0,0.9,0.55,fpr,0.0
libri3,libri2,pink,0.0,1.0,0.2,fpr,0.0958
libri3,libri2,pink,0.0,1.0,0.25,fpr,0.0
libri3,libri2,pink,0.0,1.0,0.3,fpr,0.0
libri3,libri2,pink,0.0,1.0,0.35,fpr,0.0
libri3,libri2,pink,0.0,1.0,0.4,fpr,0.0
libri3,libri2,pink,0.0,1.0,0.45,fpr,0.0
libri3,libri2,pink,0.0,1.0,0.5,fpr,0.0
libri3,libri2,pink,0.0,1.0,0.55,fpr,0.0
libri3,libri2,pink,5.0,0.0,0.2,fpr,0.3103
libri3,libri2,pink,5.0,0.0,0.25,fpr,0.249
libri3,libri2,pink,5.0,0.0,0.3,fpr,0.1533
libri3,libri2,pink,5.0,0.0,0.35,fpr,0.1533
libri3,libri2,pink,5.0,0.0,0.4,fpr,0.1533
libri3,libri2,pink,5.0,0.0,0.45,fpr,0.1533
libri3,libri2,pink,5.0,0.0,0.5,fpr,0.1533
libri3,libri2,pink,5.0,0.0,0.55,fpr,0.1533
libri3,libri2,pink,5.0,0.1,0.2,fpr,0.3103
libri3,libri2,pink,5.0,0.1,0.25,fpr,0.2184
libri3,libri2,pink,5.0,0.1,0.3,fpr,0.1533
libri3,libri2,pink,5.0,0.1,0.35,fpr,0.1533
libri3,libri2,pink,5.0,0.1,0.4,fpr,0.1533
libri3,libri2,pink,5.0,0.1,0.45,fpr,0.1533
libri3,libri2,pink,5.0,0.1,0.5,fpr,0.1533
libri3,libri2,pink,5.0,0.1,0.55,fpr,0.1533
libri3,libri2,pink,5.0,0.2,0.2,fpr,0.2797
libri3,libri2,pink,5.0,0.2,0.25,fpr,0.2184
libri3,libri2,pink,5.0,0.2,0.3,fpr,0.1533
libri3,libri2,pink,5.0,0.2,0.35,fpr,0.1533
libri3,libri2,pink,5.0,0.2,0.4,fpr,0.1533
libri3,libri2,pink,5.0,0.2,0.45,fpr,0.1533
libri3,libri2,pink,5.0,0.2,0.5,fpr,0.1533
libri3,libri2,pink,5.0,0.2,0.55,fpr,0.1533
libri3,libri2,pink,5.0,0.3,0.2,fpr,0.2184
libri3,libri2,pink,5.0,0.3,0.25,fpr,0.2184
libri3,libri2,pink,5.0,0.3,0.3,fpr,0.1533
libri3,libri2,pink,5.0,0.3,0.35,fpr,0.1533
libri3,libri2,pink,5.0,0.3,0.4,fpr,0.1533
libri3,libri2,pink,5.0,0.3,0.45,fpr,0.1533
libri3,libri2,pink,5.0,0.3,0.5,fpr,0.1533
libri3,libri2,pink,5.0,0.3,0.55,fpr,0.1533
libri3,libri2,pink,5.0,0.4,0.2,fpr,0.2184
libri3,libri2,pink,5.0,0.4,0.25,fpr,0.1533
libri3,libri2,pink,5.0,0.4,0.3,fpr,0.1533
libri3,libri2,pink,5.0,0.4,0.35,fpr,0.1533
libri3,libri2,pink,5.0,0.4,0.4,fpr,0.1533
libri3,libri2,pink,5.0,0.4,0.45,fpr,0.1533
libri3,libri2,pink,5.0,0.4,0.5,fpr,0.1533
libri3,libri2,pink,5.0,0.4,0.55,fpr,0.1533
libri3,libri2,pink,5.0,0.5,0.2,fpr,0.2184
libri3,libri2,pink,5.0,0.5,0.25,fpr,0.1533
libri3,libri2,pink,5.0,0.5,0.3,fpr,0.1533
libri3,libri2,pink,5.0,0.5,0.35,fpr,0.1533
libri3,libri2,pink,5.0,0.5,0.4,fpr,0.1533
libri3,libri2,pink,5.0,0.5,0.45,fpr,0.1533
libri3,libri2,pink,5.0,0.5,0.5,fpr,0.1533
libri3,libri2,pink,5.0,0.5,0.55,fpr,0.0
libri3,libri2,pink,5.0,0.6,0.2,fpr,0.2184
libri3,libri2,pink,5.0,0.6,0.25,fpr,0.1533
libri3,libri2,pink,5.0,0.6,0.3,fpr,0.1533
libri3,libri2,pink,5.0,0.6,0.35,fpr,0.1533
libri3,libri2,pink,5.0,0.6,0.4,fpr,0.1533
libri3,libri2,pink,5.0,0.6,0.45,fpr,0.0
libri3,libri2,pink,5.0,0.6,0.5,fpr,0.0
libri3,libri2,pink,5.0,0.6,0.55,fpr,0.0
libri3,libri2,pink,5.0,0.7,0.2,fpr,0.2184
libri3,libri2,pink,5.0,0.7,0.25,fpr,0.1533
libri3,libri2,pink,5.0,0.7,0.3,fpr,0.1533
libri3,libri2,pink,5.0,0.7,0.35,fpr,0.0
libri3,libri2,pink,5.0,0.7,0.4,fpr,0.0
libri3,libri2,pink,5.0,0.7,0.45,fpr,0.0
libri3,libri2,pink,5.0,0.7,0.5,fpr,0.0
libri3,libri2,pink,5.0,0.7,0.55,fpr,0.0
libri3,libri2,pink,5.0,0.8,0.2,fpr,0.1533
libri3,libri2,pink,5.0,0.8,0.25,fpr,0.0
libri3,libri2,pink,5.0,0.8,0.3,fpr,0.0
libri3,libri2,pink,5.0,0.8,0.35,fpr,0.0
libri3,libri2,pink,5.0,0.8,0.4,fpr,0.0
libri3,libri2,pink,5.0,0.8,0.45,fpr,0.0
libri3,libri2,pink,5.0,0.8,0.5,fpr,0.0
libri3,libri2,pink,5.0,0.8,0.55,fpr,0.0
libri3,libri2,pink,5.0,0.9,0.2,fpr,0.0
libri3,libri2,pink,5.0,0.9,0.25,fpr,0.0
libri3,libri2,pink,5.0,0.9,0.3,fpr,0.0
libri3,libri2,pink,5.0,0.9,0.35,fpr,0.0
libri3,libri2,pink,5.0,0.9,0.4,fpr,0.0
libri3,libri2,pink,5.0,0.9,0.45,fpr,0.0
libri3,libri2,pink,5.0,0.9,0.5,fpr,0.0
libri3,libri2,pink,5.0,0.9,0.55,fpr,0.0
libri3,libri2,pink,5.0,1.0,0.2,fpr,0.0
libri3,libri2,pink,5.0,1.0,0.25,fpr,0.0
libri3,libri2,pink,5.0,1.0,0.3,fpr,0.0
libri3,libri2,pink,5.0,1.0,0.35,fpr,0.0
libri3,libri2,pink,5.0,1.0,0.4,fpr,0.0
libri3,libri2,pink,5.0,1.0,0.45,fpr,0.0
libri3,libri2,pink,5.0,1.0,0.5,fpr,0.0
libri3,libri2,pink,5.0,1.0,0.55,fpr,0.0
libri3,libri2,pink,10.0,0.0,0.2,fpr,0.3946
libri3,libri2,pink,10.0,0.0,0.25,fpr,0.364
libri3,libri2,pink,10.0,0.0,0.3,fpr,0.2184
libri3,libri2,pink,10.0,0.0,0.35,fpr,0.1533
libri3,libri2,pink,10.0,0.0,0.4,fpr,0.1533
libri3,libri2,pink,10.0,0.0,0.45,fpr,0.1533
libri3,libri2,pink,10.0,0.0,0.5,fpr,0.1533
libri3,libri2,pink,10.0,0.0,0.55,fpr,0.1533
libri3,libri2,pink,10.0,0.1,0.2,fpr,0.3946
libri3,libri2,pink,10.0,0.1,0.25,fpr,0.272
libri3,libri2,pink,10.0,0.1,0.3,fpr,0.1533
libri3,libri2,pink,10.0,0.1,0.35,fpr,0.1533
libri3,libri2,pink,10.0,0.1,0.4,fpr,0.1533
libri3,libri2,pink,10.0,0.1,0.45,fpr,0.1533
libri3,libri2,pink,10.0,0.1,0.5,fpr,0.1533
libri3,libri2,pink,10.0,0.1,0.55,fpr,0.1533
libri3,libri2,pink,10.0,0.2,0.2,fpr,0.3946
libri3,libri2,pink,10.0,0.2,0.25,fpr,0.272
libri3,libri2,pink,10.0,0.2,0.3,fpr,0.1533
libri3,libri2,pink,10.0,0.2,0.35,fpr,0.1533
libri3,libri2,pink,10.0,0.2,0.4,fpr,0.1533
libri3,libri2,pink,10.0,0.2,0.45,fpr,0.1533
libri3,libri2,pink,10.0,0.2,0.5,fpr,0.1533
libri3,libri2,pink,10.0,0.2,0.55,fpr,0.1533
libri3,libri2,pink,10.0,0.3,0.2,fpr,0.3946
libri3,libri2,pink,10.0,0.3,0.25,fpr,0.272
libri3,libri2,pink,10.0,0.3,0.3,fpr,0.1533
libri3,libri2,pink,10.0,0.3,0.35,fpr,0.1533
libri3,libri2,pink,10.0,0.3,0.4,fpr,0.1533
libri3,libri2,pink,10.0,0.3,0.45,fpr,0.1533
libri3,libri2,pink,10.0,0.3,0.5,fpr,0.1533
libri3,libri2,pink,10.0,0.3,0.55,fpr,0.1533
libri3,libri2,pink,10.0,0.4,0.2,fpr,0.3946
libri3,libri2,pink,10.0,0.4,0.25,fpr,0.272
libri3,libri2,pink,10.0,0.4,0.3,fpr,0.1533
libri3,libri2,pink,10.0,0.4,0.35,fpr,0.1533
libri3,libri2,pink,10.0,0.4,0.4,fpr,0.1533
libri3,libri2,pink,10.0,0.4,0.45,fpr,0.1533
libri3,libri2,pink,10.0,0.4,0.5,fpr,0.1533
libri3,libri2,pink,10.0,0.4,0.55,fpr,0.1533
libri3,libri2,pink,10.0,0.5,0.2,fpr,0.3333
libri3,libri2,pink,10.0,0.5,0.25,fpr,0.1533
libri3,libri2,pink,10.0,0.5,0.3,fpr,0.1533
libri3,libri2,pink,10.0,0.5,0.35,fpr,0.1533
libri3,libri2,pink,10.0,0.5,0.4,fpr,0.1533
libri3,libri2,pink,10.0,0.5,0.45,fpr,0.1533
libri3,libri2,pink,10.0,0.5,0.5,fpr,0.1533
libri3,libri2,pink,10.0,0.5,0.55,fpr,0.0
libri3,libri2,pink,10.0,0.6,0.2,fpr,0.272
libri3,libri2,pink,10.0,0.6,0.25,fpr,0.1533
libri3,libri2,pink,10.0,0.6,0.3,fpr,0.1533
libri3,libri2,pink,10.0,0.6,0.35,fpr,0.1533
libri3,libri2,pink,10.0,0.6,0.4,fpr,0.1533
libri3,libri2,pink,10.0,0.6,0.45,fpr,0.0
libri3,libri2,pink,10.0,0.6,0.5,fpr,0.0
libri3,libri2,pink,10.0,0.6,0.55,fpr,0.0
libri3,libri2,pink,10.0,0.7,0.2,fpr,0.272
libri3,libri2,pink,10.0,0.7,0.25,fpr,0.1533
libri3,libri2,pink,10.0,0.7,0.3,fpr,0.1533
libri3,libri2,pink,10.0,0.7,0.35,fpr,0.0
libri3,libri2,pink,10.0,0.7,0.4,fpr,0.0
libri3,libri2,pink,10.0,0.7,0.45,fpr,0.0
libri3,libri2,pink,10.0,0.7,0.5,fpr,0.0
libri3,libri2,pink,10.0,0.7,0.55,fpr,0.0
libri3,libri2,pink,10.0,0.8,0.2,fpr,0.272
libri3,libri2,pink,10.0,0.8,0.25,fpr,0.0
libri3,libri2,pink,10.0,0.8,0.3,fpr,0.0
libri3,libri2,pink,10.0,0.8,0.35,fpr,0.0
libri3,libri2,pink,10.0,0.8,0.4,fpr,0.0
libri3,libri2,pink,10.0,0.8,0.45,fpr,0.0
libri3,libri2,pink,10.0,0.8,0.5,fpr,0.0
libri3,libri2,pink,10.0,0.8,0.55,fpr,0.0
libri3,libri2,pink,10.0,0.9,0.2,fpr,0.0
libri3,libri2,pink,10.0,0.9,0.25,fpr,0.0
libri3,libri2,pink,10.0,0.9,0.3,fpr,0.0
libri3,libri2,pink,10.0,0.9,0.35,fpr,0.0
libri3,libri2,pink,10.0,0.9,0.4,fpr,0.0
libri3,libri2,pink,10.0,0.9,0.45,fpr,0.0
libri3,libri2,pink,10.0,0.9,0.5,fpr,0.0
libri3,libri2,pink,10.0,0.9,0.55,fpr,0.0
libri3,libri2,pink,10.0,1.0,0.2,fpr,0.0
libri3,libri2,pink,10.0,1.0,0.25,fpr,0.0
libri3,libri2,pink,10.0,1.0,0.3,fpr,0.0
libri3,libri2,pink,10.0,1.0,0.35,fpr,0.0
libri3,libri2,pink,10.0,1.0,0.4,fpr,0.0
libri3,libri2,pink,10.0,1.0,0.45,fpr,0.0
libri3,libri2,pink,10.0,1.0,0.5,fpr,0.0
libri3,libri2,pink,10.0,1.0,0.55,fpr,0.0
libri3,libri2,pink,15.0,0.0,0.2,fpr,0.4904
libri3,libri2,pink,15.0,0.0,0.25,fpr,0.364
libri3,libri2,pink,15.0,0.0,0.3,fpr,0.2184
libri3,libri2,pink,15.0,0.0,0.35,fpr,0.1533
libri3,libri2,pink,15.0,0.0,0.4,fpr,0.1533
libri3,libri2,pink,15.0,0.0,0.45,fpr,0.1533
libri3,libri2,pink,15.0,0.0,0.5,fpr,0.1533
libri3,libri2,pink,15.0,0.0,0.55,fpr,0.1533
libri3,libri2,pink,15.0,0.1,0.2,fpr,0.4904
libri3,libri2,pink,15.0,0.1,0.25,fpr,0.3027
libri3,libri2,pink,15.0,0.1,0.3,fpr,0.1533
libri3,libri2,pink,15.0,0.1,0.35,fpr,0.1533
libri3,libri2,pink,15.0,0.1,0.4,fpr,0.1533
libri3,libri2,pink,15.0,0.1,0.45,fpr,0.1533
libri3,libri2,pink,15.0,0.1,0.5,fpr,0.1533
libri3,libri2,pink,15.0,0.1,0.55,fpr,0.1533
libri3,libri2,pink,15.0,0.2,0.2,fpr,0.364
libri3,libri2,pink,15.0,0.2,0.25,fpr,0.3027
libri3,libri2,pink,15.0,0.2,0.3,fpr,0.1533
libri3,libri2,pink,15.0,0.2,0.35,fpr,0.1533
libri3,libri2,pink,15.0,0.2,0.4,fpr,0.1533
libri3,libri2,pink,15.0,0.2,0.45,fpr,0.1533
libri3,libri2,pink,15.0,0.2,0.5,fpr,0.1533
libri3,libri2,pink,15.0,0.2,0.55,fpr,0.1533
libri3,libri2,pink,15.0,0.3,0.2,fpr,0.364
libri3,libri2,pink,15.0,0.3,0.25,fpr,0.3027
libri3,libri2,pink,15.0,0.3,0.3,fpr,0.1533
libri3,libri2,pink,15.0,0.3,0.35,fpr,0.1533
libri3,libri2,pink,15.0,0.3,0.4,fpr,0.1533
libri3,libri2,pink,15.0,0.3,0.45,fpr,0.1533
libri3,libri2,pink,15.0,0.3,0.5,fpr,0.1533
libri3,libri2,pink,15.0,0.3,0.55,fpr,0.1533
libri3,libri2,pink,15.0,0.4,0.2,fpr,0.3027
libri3,libri2,pink,15.0,0.4,0.25,fpr,0.2184
libri3,libri2,pink,15.0,0.4,0.3,fpr,0.1533
libri3,libri2,pink,15.0,0.4,0.35,fpr,0.1533
libri3,libri2,pink,15.0,0.4,0.4,fpr,0.1533
libri3,libri2,pink,15.0,0.4,0.45,fpr,0.1533
libri3,libri2,pink,15.0,0.4,0.5,fpr,0.1533
libri3,libri2,pink,15.0,0.4,0.55,fpr,0.1533
libri3,libri2,pink,15.0,0.5,0.2,fpr,0.3027
libri3,libri2,pink,15.0,0.5,0.25,fpr,0.1533
libri3,libri2,pink,15.0,0.5,0.3,fpr,0.1533
libri3,libri2,pink,15.0,0.5,0.35,fpr,0.1533
libri3,libri2,pink,15.0,0.5,0.4,fpr,0.1533
libri3,libri2,pink,15.0,0.5,0.45,fpr,0.1533
libri3,libri2,pink,15.0,0.5,0.5,fpr,0.1533
libri3,libri2,pink,15.0,0.5,0.55,fpr,0.0
libri3,libri2,pink,15.0,0.6,0.2,fpr,0.3027
libri3,libri2,pink,15.0,0.6,0.25,fpr,0.1533
libri3,libri2,pink,15.0,0.6,0.3,fpr,0.1533
libri3,libri2,pink,15.0,0.6,0.35,fpr,0.1533
libri3,libri2,pink,15.0,0.6,0.4,fpr,0.1533
libri3,libri2,pink,15.0,0.6,0.45,fpr,0.0
libri3,libri2,pink,15.0,0.6,0.5,fpr,0.0
libri3,libri2,pink,15.0,0.6,0.55,fpr,0.0
libri3,libri2,pink,15.0,0.7,0.2,fpr,0.2375
libri3,libri2,pink,15.0,0.7,0.25,fpr,0.1533
libri3,libri2,pink,15.0,0.7,0.3,fpr,0.1533
libri3,libri2,pink,15.0,0.7,0.35,fpr,0.0
libri3,libri2,pink,15.0,0.7,0.4,fpr,0.0
libri3,libri2,pink,15.0,0.7,0.45,fpr,0.0
libri3,libri2,pink,15.0,0.7,0.5,fpr,0.0
libri3,libri2,pink,15.0,0.7,0.55,fpr,0.0
libri3,libri2,pink,15.0,0.8,0.2,fpr,0.2184
libri3,libri2,pink,15.0,0.8,0.25,fpr,0.0
libri3,libri2,pink,15.0,0.8,0.3,fpr,0.0
libri3,libri2,pink,15.0,0.8,0.35,fpr,0.0
libri3,libri2,pink,15.0,0.8,0.4,fpr,0.0
libri3,libri2,pink,15.0,0.8,0.45,fpr,0.0
libri3,libri2,pink,15.0,0.8,0.5,fpr,0.0
libri3,libri2,pink,15.0,0.8,0.55,fpr,0.0
libri3,libri2,pink,15.0,0.9,0.2,fpr,0.0
libri3,libri2,pink,15.0,0.9,0.25,fpr,0.0
libri3,libri2,pink,15.0,0.9,0.3,fpr,0.0
libri3,libri2,pink,15.0,0.9,0.35,fpr,0.0
libri3,libri2,pink,15.0,0.9,0.4,fpr,0.0
libri3,libri2,pink,15.0,0.9,0.45,fpr,0.0
libri3,libri2,pink,15.0,0.9,0.5,fpr,0.0
libri3,libri2,pink,15.0,0.9,0.55,fpr,0.0
libri3,libri2,pink,15.0,1.0,0.2,fpr,0.0
libri3,libri2,pink,15.0,1.0,0.25,fpr,0.0
libri3,libri2,pink,15.0,1.0,0.3,fpr,0.0
libri3,libri2,pink,15.0,1.0,0.35,fpr,0.0
libri3,libri2,pink,15.0,1.0,0.4,fpr,0.0
libri3,libri2,pink,15.0,1.0,0.45,fpr,0.0
libri3,libri2,pink,15.0,1.0,0.5,fpr,0.0
libri3,libri2,pink,15.0,1.0,0.55,fpr,0.0
libri3,libri2,pink,20.0,0.0,0.2,fpr,0.4904
libri3,libri2,pink,20.0,0.0,0.25,fpr,0.4291
libri3,libri2,pink,20.0,0.0,0.3,fpr,0.3678
libri3,libri2,pink,20.0,0.0,0.35,fpr,0.1533
libri3,libri2,pink,20.0,0.0,0.4,fpr,0.1533
libri3,libri2,pink,20.0,0.0,0.45,fpr,0.1533
libri3,libri2,pink,20.0,0.0,0.5,fpr,0.1533
libri3,libri2,pink,20.0,0.0,0.55,fpr,0.1533
libri3,libri2,pink,20.0,0.1,0.2,fpr,0.4904
libri3,libri2,pink,20.0,0.1,0.25,fpr,0.3678
libri3,libri2,pink,20.0,0.1,0.3,fpr,0.1533
libri3,libri2,pink,20.0,0.1,0.35,fpr,0.1533
libri3,libri2,pink,20.0,0.1,0.4,fpr,0.1533
libri3,libri2,pink,20.0,0.1,0.45,fpr,0.1533
libri3,libri2,pink,20.0,0.1,0.5,fpr,0.1533
libri3,libri2,pink,20.0,0.1,0.55,fpr,0.1533
libri3,libri2,pink,20.0,0.2,0.2,fpr,0.4291
libri3,libri2,pink,20.0,0.2,0.25,fpr,0.3678
libri3,libri2,pink,20.0,0.2,0.3,fpr,0.1533
libri3,libri2,pink,20.0,0.2,0.35,fpr,0.1533
libri3,libri2,pink,20.0,0.2,0.4,fpr,0.1533
libri3,libri2,pink,20.0,0.2,0.45,fpr,0.1533
libri3,libri2,pink,20.0,0.2,0.5,fpr,0.1533
libri3,libri2,pink,20.0,0.2,0.55,fpr,0.1533
libri3,libri2,pink,20.0,0.3,0.2,fpr,0.4291
libri3,libri2,pink,20.0,0.3,0.25,fpr,0.3027
libri3,libri2,pink,20.0,0.3,0.3,fpr,0.1533
libri3,libri2,pink,20.0,0.3,0.35,fpr,0.1533
libri3,libri2,pink,20.0,0.3,0.4,fpr,0.1533
libri3,libri2,pink,20.0,0.3,0.45,fpr,0.1533
libri3,libri2,pink,20.0,0.3,0.5,fpr,0.1533
libri3,libri2,pink,20.0,0.3,0.55,fpr,0.1533
libri3,libri2,pink,20.0,0.4,0.2,fpr,0.3027
libri3,libri2,pink,20.0,0.4,0.25,fpr,0.1533
libri3,libri2,pink,20.0,0.4,0.3,fpr,0.1533
libri3,libri2,pink,20.0,0.4,0.35,fpr,0.1533
libri3,libri2,pink,20.0,0.4,0.4,fpr,0.1533
libri3,libri2,pink,20.0,0.4,0.45,fpr,0.1533
libri3,libri2,pink,20.0,0.4,0.5,fpr,0.1533
libri3,libri2,pink,20.0,0.4,0.55,fpr,0.1533
libri3,libri2,pink,20.0,0.5,0.2,fpr,0.3027
libri3,libri2,pink,20.0,0.5,0.25,fpr,0.1533
libri3,libri2,pink,20.0,0.5,0.3,fpr,0.1533
libri3,libri2,pink,20.0,0.5,0.35,fpr,0.1533
libri3,libri2,pink,20.0,0.5,0.4,fpr,0.1533
libri3,libri2,pink,20.0,0.5,0.45,fpr,0.1533
libri3,libri2,pink,20.0,0.5,0.5,fpr,0.1533
libri3,libri2,pink,20.0,0.5,0.55,fpr,0.0
libri3,libri2,pink,20.0,0.6,0.2,fpr,0.3027
libri3,libri2,pink,20.0,0.6,0.25,fpr,0.1533
libri3,libri2,pink,20.0,0.6,0.3,fpr,0.1533
libri3,libri2,pink,20.0,0.6,0.35,fpr,0.1533
libri3,libri2,pink,20.0,0.6,0.4,fpr,0.1533
libri3,libri2,pink,20.0,0.6,0.45,fpr,0.0
libri3,libri2,pink,20.0,0.6,0.5,fpr,0.0
libri3,libri2,pink,20.0,0.6,0.55,fpr,0.0
libri3,libri2,pink,20.0,0.7,0.2,fpr,0.2069
libri3,libri2,pink,20.0,0.7,0.25,fpr,0.1533
libri3,libri2,pink,20.0,0.7,0.3,fpr,0.1533
libri3,libri2,pink,20.0,0.7,0.35,fpr,0.0
libri3,libri2,pink,20.0,0.7,0.4,fpr,0.0
libri3,libri2,pink,20.0,0.7,0.45,fpr,0.0
libri3,libri2,pink,20.0,0.7,0.5,fpr,0.0
libri3,libri2,pink,20.0,0.7,0.55,fpr,0.0
libri3,libri2,pink,20.0,0.8,0.2,fpr,0.1533
libri3,libri2,pink,20.0,0.8,0.25,fpr,0.0
libri3,libri2,pink,20.0,0.8,0.3,fpr,0.0
libri3,libri2,pink,20.0,0.8,0.35,fpr,0.0
libri3,libri2,pink,20.0,0.8,0.4,fpr,0.0
libri3,libri2,pink,20.0,0.8,0.45,fpr,0.0
libri3,libri2,pink,20.0,0.8,0.5,fpr,0.0
libri3,libri2,pink,20.0,0.8,0.55,fpr,0.0
libri3,libri2,pink,20.0,0.9,0.2,fpr,0.0
libri3,libri2,pink,20.0,0.9,0.25,fpr,0.0
libri3,libri2,pink,20.0,0.9,0.3,fpr,0.0
libri3,libri2,pink,20.0,0.9,0.35,fpr,0.0
libri3,libri2,pink,20.0,0.9,0.4,fpr,0.0
libri3,libri2,pink,20.0,0.9,0.45,fpr,0.0
libri3,libri2,pink,20.0,0.9,0.5,fpr,0.0
libri3,libri2,pink,20.0,0.9,0.55,fpr,0.0
libri3,libri2,pink,20.0,1.0,0.2,fpr,0.0
libri3,libri2,pink,20.0,1.0,0.25,fpr,0.0
libri3,libri2,pink,20.0,1.0,0.3,fpr,0.0
libri3,libri2,pink,20.0,1.0,0.35,fpr,0.0
libri3,libri2,pink,20.0,1.0,0.4,fpr,0.0
libri3,libri2,pink,20.0,1.0,0.45,fpr,0.0
libri3,libri2,pink,20.0,1.0,0.5,fpr,0.0
libri3,libri2,pink,20.0,1.0,0.55,fpr,0.0
libri3,libri3,white,-5.0,0.0,0.2,tpr,1.0
libri3,libri3,white,-5.0,0.0,0.25,tpr,1.0
libri3,libri3,white,-5.0,0.0,0.3,tpr,0.9355
libri3,libri3,white,-5.0,0.0,0.35,tpr,0.9355
libri3,libri3,white,-5.0,0.0,0.4,tpr,0.8295
libri3,libri3,white,-5.0,0.0,0.45,tpr,0.8295
libri3,libri3,white,-5.0,0.0,0.5,tpr,0.7189
libri3,libri3,white,-5.0,0.0,0.55,tpr,0.6866
libri3,libri3,white,-5.0,0.1,0.2,tpr,1.0
libri3,libri3,white,-5.0,0.1,0.25,tpr,1.0
libri3,libri3,white,-5.0,0.1,0.3,tpr,0.9355
libri3,libri3,white,-5.0,0.1,0.35,tpr,0.9355
libri3,libri3,white,-5.0,0.1,0.4,tpr,0.8295
libri3,libri3,white,-5.0,0.1,0.45,tpr,0.7558
libri3,libri3,white,-5.0,0.1,0.5,tpr,0.7189
libri3,libri3,white,-5.0,0.1,0.55,tpr,0.5346
libri3,libri3,white,-5.0,0.2,0.2,tpr,1.0
libri3,libri3,white,-5.0,0.2,0.25,tpr,1.0
libri3,libri3,white,-5.0,0.2,0.3,tpr,0.9355
libri3,libri3,white,-5.0,0.2,0.35,tpr,0.9355
libri3,libri3,white,-5.0,0.2,0.4,tpr,0.8295
libri3,libri3,white,-5.0,0.2,0.45,tpr,0.7189
libri3,libri3,white,-5.0,0.2,0.5,tpr,0.5714
libri3,libri3,white,-5.0,0.2,0.55,tpr,0.5346
libri3,libri3,white,-5.0,0.3,0.2,tpr,1.0
libri3,libri3,white,-5.0,0.3,0.25,tpr,1.0
libri3,libri3,white,-5.0,0.3,0.3,tpr,0.9355
libri3,libri3,white,-5.0,0.3,0.35,tpr,0.8986
libri3,libri3,white,-5.0,0.3,0.4,tpr,0.7926
libri3,libri3,white,-5.0,0.3,0.45,tpr,0.6866
libri3,libri3,white,-5.0,0.3,0.5,tpr,0.5346
libri3,libri3,white,-5.0,0.3,0.55,tpr,0.4977
libri3,libri3,white,-5.0,0.4,0.2,tpr,1.0
libri3,libri3,white,-5.0,0.4,0.25,tpr,1.0
libri3,libri3,white,-5.0,0.4,0.3,tpr,0.9355
libri3,libri3,white,-5.0,0.4,0.35,tpr,0.8664
libri3,libri3,white,-5.0,0.4,0.4,tpr,0.7189
libri3,libri3,white,-5.0,0.4,0.45,tpr,0.5714
libri3,libri3,white,-5.0,0.4,0.5,tpr,0.4977
libri3,libri3,white,-5.0,0.4,0.55,tpr,0.4977
libri3,libri3,white,-5.0,0.5,0.2,tpr,1.0
libri3,libri3,white,-5.0,0.5,0.25,tpr,1.0
libri3,libri3,white,-5.0,0.5,0.3,tpr,0.9355
libri3,libri3,white,-5.0,0.5,0.35,tpr,0.8664
libri3,libri3,white,-5.0,0.5,0.4,tpr,0.6083
libri3,libri3,white,-5.0,0.5,0.45,tpr,0.4977
libri3,libri3,white,-5.0,0.5,0.5,tpr,0.4977
libri3,libri3,white,-5.0,0.5,0.55,tpr,0.3041
libri3,libri3,white,-5.0,0.6,0.2,tpr,1.0
libri3,libri3,white,-5.0,0.6,0.25,tpr,1.0
libri3,libri3,white,-5.0,0.6,0.3,tpr,0.8986
libri3,libri3,white,-5.0,0.6,0.35,tpr,0.6452
libri3,libri3,white,-5.0,0.6,0.4,tpr,0.5346
libri3,libri3,white,-5.0,0.6,0.45,tpr,0.341
libri3,libri3,white,-5.0,0.6,0.5,tpr,0.1567
libri3,libri3,white,-5.0,0.6,0.55,tpr,0.0783
libri3,libri3,white,-5.0,0.7,0.2,tpr,1.0
libri3,libri3,white,-5.0,0.7,0.25,tpr,1.0
libri3,libri3,white,-5.0,0.7,0.3,tpr,0.8986
libri3,libri3,white,-5.0,0.7,0.35,tpr,0.4147
libri3,libri3,white,-5.0,0.7,0.4,tpr,0.341
libri3,libri3,white,-5.0,0.7,0.45,tpr,0.0783
libri3,libri3,white,-5.0,0.7,0.5,tpr,0.0783
libri3,libri3,white,-5.0,0.7,0.55,tpr,0.0
libri3,libri3,white,-5.0,0.8,0.2,tpr,1.0
libri3,libri3,white,-5.0,0.8,0.25,tpr,0.8433
libri3,libri3,white,-5.0,0.8,0.3,tpr,0.6728
libri3,libri3,white,-5.0,0.8,0.35,tpr,0.4147
libri3,libri3,white,-5.0,0.8,0.4,tpr,0.0783
libri3,libri3,white,-5.0,0.8,0.45,tpr,0.0783
libri3,libri3,white,-5.0,0.8,0.5,tpr,0.0
libri3,libri3,white,-5.0,0.8,0.55,tpr,0.0
libri3,libri3,white,-5.0,0.9,0.2,tpr,0.8433
libri3,libri3,white,-5.0,0.9,0.25,tpr,0.8433
libri3,libri3,white,-5.0,0.9,0.3,tpr,0.5253
libri3,libri3,white,-5.0,0.9,0.35,tpr,0.0783
libri3,libri3,white,-5.0,0.9,0.4,tpr,0.0783
libri3,libri3,white,-5.0,0.9,0.45,tpr,0.0
libri3,libri3,white,-5.0,0.9,0.5,tpr,0.0
libri3,libri3,white,-5.0,0.9,0.55,tpr,0.0
libri3,libri3,white,-5.0,1.0,0.2,tpr,0.8433
libri3,libri3,white,-5.0,1.0,0.25,tpr,0.6636
libri3,libri3,white,-5.0,1.0,0.3,tpr,0.341
libri3,libri3,white,-5.0,1.0,0.35,tpr,0.0
libri3,libri3,white,-5.0,1.0,0.4,tpr,0.0
libri3,libri3,white,-5.0,1.0,0.45,tpr,0.0
libri3,libri3,white,-5.0,1.0,0.5,tpr,0.0
libri3,libri3,white,-5.0,1.0,0.55,tpr,0.0
libri3,libri3,white,0.0,0.0,0.2,tpr,1.0
libri3,libri3,white,0.0,0.0,0.25,tpr,0.9954
libri3,libri3,white,0.0,0.0,0.3,tpr,0.8894
libri3,libri3,white,0.0,0.0,0.35,tpr,0.8894
libri3,libri3,white,0.0,0.0,0.4,tpr,0.8894
libri3,libri3,white,0.0,0.0,0.45,tpr,0.7834
libri3,libri3,white,0.0,0.0,0.5,tpr,0.5576
libri3,libri3,white,0.0,0.0,0.55,tpr,0.5576
libri3,libri3,white,0.0,0.1,0.2,tpr,1.0
libri3,libri3,white,0.0,0.1,0.25,tpr,0.9954
libri3,libri3,white,0.0,0.1,0.3,tpr,0.8894
libri3,libri3,white,0.0,0.1,0.35,tpr,0.8894
libri3,libri3,white,0.0,0.1,0.4,tpr,0.8894
libri3,libri3,white,0.0,0.1,0.45,tpr,0.5945
libri3,libri3,white,0.0,0.1,0.5,tpr,0.5576
libri3,libri3,white,0.0,0.1,0.55,tpr,0.5576
libri3,libri3,white,0.0,0.2,0.2,tpr,1.0
libri3,libri3,white,0.0,0.2,0.25,tpr,1.0
libri3,libri3,white,0.0,0.2,0.3,tpr,0.8894
libri3,libri3,white,0.0,0.2,0.35,tpr,0.8894
libri3,libri3,white,0.0,0.2,0.4,tpr,0.8894
libri3,libri3,white,0.0,0.2,0.45,tpr,0.5945
libri3,libri3,white,0.0,0.2,0.5,tpr,0.5576
libri3,libri3,white,0.0,0.2,0.55,tpr,0.5207
libri3,libri3,white,0.0,0.3,0.2,tpr,1.0
libri3,libri3,white,0.0,0.3,0.25,tpr,1.0
libri3,libri3,white,0.0,0.3,0.3,tpr,0.8894
libri3,libri3,white,0.0,0.3,0.35,tpr,0.8894
libri3,libri3,white,0.0,0.3,0.4,tpr,0.7419
libri3,libri3,white,0.0,0.3,0.45,tpr,0.5576
libri3,libri3,white,0.0,0.3,0.5,tpr,0.5207
libri3,libri3,white,0.0,0.3,0.55,tpr,0.4839
libri3,libri3,white,0.0,0.4,0.2,tpr,1.0
libri3,libri3,white,0.0,0.4,0.25,tpr,0.9677
libri3,libri3,white,0.0,0.4,0.3,tpr,0.8894
libri3,libri3,white,0.0,0.4,0.35,tpr,0.8894
libri3,libri3,white,0.0,0.4,0.4,tpr,0.6682
libri3,libri3,white,0.0,0.4,0.45,tpr,0.5576
libri3,libri3,white,0.0,0.4,0.5,tpr,0.5207
libri3,libri3,white,0.0,0.4,0.55,tpr,0.3364
libri3,libri3,white,0.0,0.5,0.2,tpr,1.0
libri3,libri3,white,0.0,0.5,0.25,tpr,0.9677
libri3,libri3,white,0.0,0.5,0.3,tpr,0.8894
libri3,libri3,white,0.0,0.5,0.35,tpr,0.8157
libri3,libri3,white,0.0,0.5,0.4,tpr,0.5945
libri3,libri3,white,0.0,0.5,0.45,tpr,0.5207
libri3,libri3,white,0.0,0.5,0.5,tpr,0.3364
libri3,libri3,white,0.0,0.5,0.55,tpr,0.1935
libri3,libri3,white,0.0,0.6,0.2,tpr,1.0
libri3,libri3,white,0.0,0.6,0.25,tpr,0.9677
libri3,libri3,white,0.0,0.6,0.3,tpr,0.9217
libri3,libri3,white,0.0,0.6,0.35,tpr,0.7419
libri3,libri3,white,0.0,0.6,0.4,tpr,0.5207
libri3,libri3,white,0.0,0.6,0.45,tpr,0.2304
libri3,libri3,white,0.0,0.6,0.5,tpr,0.1935
libri3,libri3,white,0.0,0.6,0.55,tpr,0.1567
libri3,libri3,white,0.0,0.7,0.2,tpr,1.0
libri3,libri3,white,0.0,0.7,0.25,tpr,0.9677
libri3,libri3,white,0.0,0.7,0.3,tpr,0.8848
libri3,libri3,white,0.0,0.7,0.35,tpr,0.5253
libri3,libri3,white,0.0,0.7,0.4,tpr,0.2304
libri3,libri3,white,0.0,0.7,0.45,tpr,0.1935
libri3,libri3,white,0.0,0.7,0.5,tpr,0.1567
libri3,libri3,white,0.0,0.7,0.55,tpr,0.1567
libri3,libri3,white,0.0,0.8,0.2,tpr,1.0
libri3,libri3,white,0.0,0.8,0.25,tpr,0.788
libri3,libri3,white,0.0,0.8,0.3,tpr,0.7051
libri3,libri3,white,0.0,0.8,0.35,tpr,0.341
libri3,libri3,white,0.0,0.8,0.4,tpr,0.1935
libri3,libri3,white,0.0,0.8,0.45,tpr,0.1567
libri3,libri3,white,0.0,0.8,0.5,tpr,0.0783
libri3,libri3,white,0.0,0.8,0.55,tpr,0.0
libri3,libri3,white,0.0,0.9,0.2,tpr,0.8571
libri3,libri3,white,0.0,0.9,0.25,tpr,0.682
libri3,libri3,white,0.0,0.9,0.3,tpr,0.53
libri3,libri3,white,0.0,0.9,0.35,tpr,0.3041
libri3,libri3,white,0.0,0.9,0.4,tpr,0.1567
libri3,libri3,white,0.0,0.9,0.45,tpr,0.0783
libri3,libri3,white,0.0,0.9,0.5,tpr,0.0
libri3,libri3,white,0.0,0.9,0.55,tpr,0.0
libri3,libri3,white,0.0,1.0,0.2,tpr,0.7512
libri3,libri3,white,0.0,1.0,0.25,tpr,0.6452
libri3,libri3,white,0.0,1.0,0.3,tpr,0.4516
libri3,libri3,white,0.0,1.0,0.35,tpr,0.1935
libri3,libri3,white,0.0,1.0,0.4,tpr,0.0
libri3,libri3,white,0.0,1.0,0.45,tpr,0.0
libri3,libri3,white,0.0,1.0,0.5,tpr,0.0
libri3,libri3,white,0.0,1.0,0.55,tpr,0.0
libri3,libri3,white,5.0,0.0,0.2,tpr,1.0
libri3,libri3,white,5.0,0.0,0.25,tpr,0.9954
libri3,libri3,white,5.0,0.0,0.3,tpr,0.9217
libri3,libri3,white,5.0,0.0,0.35,tpr,0.8203
libri3,libri3,white,5.0,0.0,0.4,tpr,0.7834
libri3,libri3,white,5.0,0.0,0.45,tpr,0.7834
libri3,libri3,white,5.0,0.0,0.5,tpr,0.6359
libri3,libri3,white,5.0,0.0,0.55,tpr,0.5207
libri3,libri3,white,5.0,0.1,0.2,tpr,1.0
libri3,libri3,white,5.0,0.1,0.25,tpr,0.9954
libri3,libri3,white,5.0,0.1,0.3,tpr,0.9217
libri3,libri3,white,5.0,0.1,0.35,tpr,0.8203
libri3,libri3,white,5.0,0.1,0.4,tpr,0.7834
libri3,libri3,white,5.0,0.1,0.45,tpr,0.7465
libri3,libri3,white,5.0,0.1,0.5,tpr,0.5576
libri3,libri3,white,5.0,0.1,0.55,tpr,0.5207
libri3,libri3,white,5.0,0.2,0.2,tpr,1.0
libri3,libri3,white,5.0,0.2,0.25,tpr,0.9954
libri3,libri3,white,5.0,0.2,0.3,tpr,0.9217
libri3,libri3,white,5.0,0.2,0.35,tpr,0.7834
libri3,libri3,white,5.0,0.2,0.4,tpr,0.7834
libri3,libri3,white,5.0,0.2,0.45,tpr,0.7143
libri3,libri3,white,5.0,0.2,0.5,tpr,0.5207
libri3,libri3,white,5.0,0.2,0.55,tpr,0.4839
libri3,libri3,white,5.0,0.3,0.2,tpr,1.0
libri3,libri3,white,5.0,0.3,0.25,tpr,0.9954
libri3,libri3,white,5.0,0.3,0.3,tpr,0.9954
libri3,libri3,white,5.0,0.3,0.35,tpr,0.7834
libri3,libri3,white,5.0,0.3,0.4,tpr,0.7143
libri3,libri3,white,5.0,0.3,0.45,tpr,0.5207
libri3,libri3,white,5.0,0.3,0.5,tpr,0.5207
libri3,libri3,white,5.0,0.3,0.55,tpr,0.3364
libri3,libri3,white,5.0,0.4,0.2,tpr,1.0
libri3,libri3,white,5.0,0.4,0.25,tpr,1.0
libri3,libri3,white,5.0,0.4,0.3,tpr,0.9954
libri3,libri3,white,5.0,0.4,0.35,tpr,0.7834
libri3,libri3,white,5.0,0.4,0.4,tpr,0.7143
libri3,libri3,white,5.0,0.4,0.45,tpr,0.5207
libri3,libri3,white,5.0,0.4,0.5,tpr,0.3364
libri3,libri3,white,5.0,0.4,0.55,tpr,0.2995
libri3,libri3,white,5.0,0.5,0.2,tpr,1.0
libri3,libri3,white,5.0,0.5,0.25,tpr,1.0
libri3,libri3,white,5.0,0.5,0.3,tpr,0.9954
libri3,libri3,white,5.0,0.5,0.35,tpr,0.7512
libri3,libri3,white,5.0,0.5,0.4,tpr,0.5207
libri3,libri3,white,5.0,0.5,0.45,tpr,0.3364
libri3,libri3,white,5.0,0.5,0.5,tpr,0.2995
libri3,libri3,white,5.0,0.5,0.55,tpr,0.1567
libri3,libri3,white,5.0,0.6,0.2,tpr,1.0
libri3,libri3,white,5.0,0.6,0.25,tpr,1.0
libri3,libri3,white,5.0,0.6,0.3,tpr,0.9954
libri3,libri3,white,5.0,0.6,0.35,tpr,0.788
libri3,libri3,white,5.0,0.6,0.4,tpr,0.3364
libri3,libri3,white,5.0,0.6,0.45,tpr,0.1567
libri3,libri3,white,5.0,0.6,0.5,tpr,0.1567
libri3,libri3,white,5.0,0.6,0.55,tpr,0.0783
libri3,libri3,white,5.0,0.7,0.2,tpr,1.0
libri3,libri3,white,5.0,0.7,0.25,tpr,1.0
libri3,libri3,white,5.0,0.7,0.3,tpr,0.9631
libri3,libri3,white,5.0,0.7,0.35,tpr,0.3825
libri3,libri3,white,5.0,0.7,0.4,tpr,0.1567
libri3,libri3,white,5.0,0.7,0.45,tpr,0.1567
libri3,libri3,white,5.0,0.7,0.5,tpr,0.0783
libri3,libri3,white,5.0,0.7,0.55,tpr,0.0
libri3,libri3,white,5.0,0.8,0.2,tpr,1.0
libri3,libri3,white,5.0,0.8,0.25,tpr,0.8571
libri3,libri3,white,5.0,0.8,0.3,tpr,0.6406
libri3,libri3,white,5.0,0.8,0.35,tpr,0.235
libri3,libri3,white,5.0,0.8,0.4,tpr,0.1567
libri3,libri3,white,5.0,0.8,0.45,tpr,0.0783
libri3,libri3,white,5.0,0.8,0.5,tpr,0.0
libri3,libri3,white,5.0,0.8,0.55,tpr,0.0
libri3,libri3,white,5.0,0.9,0.2,tpr,0.8571
libri3,libri3,white,5.0,0.9,0.25,tpr,0.7512
libri3,libri3,white,5.0,0.9,0.3,tpr,0.5346
libri3,libri3,white,5.0,0.9,0.35,tpr,0.235
libri3,libri3,white,5.0,0.9,0.4,tpr,0.0
libri3,libri3,white,5.0,0.9,0.45,tpr,0.0
libri3,libri3,white,5.0,0.9,0.5,tpr,0.0
libri3,libri3,white,5.0,0.9,0.55,tpr,0.0
libri3,libri3,white,5.0,1.0,0.2,tpr,0.7512
libri3,libri3,white,5.0,1.0,0.25,tpr,0.6406
libri3,libri3,white,5.0,1.0,0.3,tpr,0.4286
libri3,libri3,white,5.0,1.0,0.35,tpr,0.0783
libri3,libri3,white,5.0,1.0,0.4,tpr,0.0783
libri3,libri3,white,5.0,1.0,0.45,tpr,0.0
libri3,libri3,white,5.0,1.0,0.5,tpr,0.0
libri3,libri3,white,5.0,1.0,0.55,tpr,0.0
libri3,libri3,white,10.0,0.0,0.2,tpr,1.0
libri3,libri3,white,10.0,0.0,0.25,tpr,1.0
libri3,libri3,white,10.0,0.0,0.3,tpr,0.9217
libri3,libri3,white,10.0,0.0,0.35,tpr,0.7834
libri3,libri3,white,10.0,0.0,0.4,tpr,0.7834
libri3,libri3,white,10.0,0.0,0.45,tpr,0.7834
libri3,libri3,white,10.0,0.0,0.5,tpr,0.7465
libri3,libri3,white,10.0,0.0,0.55,tpr,0.6728
libri3,libri3,white,10.0,0.1,0.2,tpr,1.0
libri3,libri3,white,10.0,0.1,0.25,tpr,1.0
libri3,libri3,white,10.0,0.1,0.3,tpr,0.9217
libri3,libri3,white,10.0,0.1,0.35,tpr,0.7834
libri3,libri3,white,10.0,0.1,0.4,tpr,0.7834
libri3,libri3,white,10.0,0.1,0.45,tpr,0.7834
libri3,libri3,white,10.0,0.1,0.5,tpr,0.6728
libri3,libri3,white,10.0,0.1,0.55,tpr,0.6359
libri3,libri3,white,10.0,0.2,0.2,tpr,1.0
libri3,libri3,white,10.0,0.2,0.25,tpr,1.0
libri3,libri3,white,10.0,0.2,0.3,tpr,0.9217
libri3,libri3,white,10.0,0.2,0.35,tpr,0.8894
libri3,libri3,white,10.0,0.2,0.4,tpr,0.7834
libri3,libri3,white,10.0,0.2,0.45,tpr,0.7465
libri3,libri3,white,10.0,0.2,0.5,tpr,0.6728
libri3,libri3,white,10.0,0.2,0.55,tpr,0.6359
libri3,libri3,white,10.0,0.3,0.2,tpr,1.0
libri3,libri3,white,10.0,0.3,0.25,tpr,1.0
libri3,libri3,white,10.0,0.3,0.3,tpr,0.9217
libri3,libri3,white,10.0,0.3,0.35,tpr,0.8894
libri3,libri3,white,10.0,0.3,0.4,tpr,0.7834
libri3,libri3,white,10.0,0.3,0.45,tpr,0.7465
libri3,libri3,white,10.0,0.3,0.5,tpr,0.6359
libri3,libri3,white,10.0,0.3,0.55,tpr,0.5622
libri3,libri3,white,10.0,0.4,0.2,tpr,1.0
libri3,libri3,white,10.0,0.4,0.25,tpr,1.0
libri3,libri3,white,10.0,0.4,0.3,tpr,0.9217
libri3,libri3,white,10.0,0.4,0.35,tpr,0.8894
libri3,libri3,white,10.0,0.4,0.4,tpr,0.7834
libri3,libri3,white,10.0,0.4,0.45,tpr,0.6359
libri3,libri3,white,10.0,0.4,0.5,tpr,0.5991
libri3,libri3,white,10.0,0.4,0.55,tpr,0.5253
libri3,libri3,white,10.0,0.5,0.2,tpr,1.0
libri3,libri3,white,10.0,0.5,0.25,tpr,1.0
libri3,libri3,white,10.0,0.5,0.3,tpr,0.9677
libri3,libri3,white,10.0,0.5,0.35,tpr,0.8894
libri3,libri3,white,10.0,0.5,0.4,tpr,0.7465
libri3,libri3,white,10.0,0.5,0.45,tpr,0.6359
libri3,libri3,white,10.0,0.5,0.5,tpr,0.5622
libri3,libri3,white,10.0,0.5,0.55,tpr,0.235
libri3,libri3,white,10.0,0.6,0.2,tpr,1.0
libri3,libri3,white,10.0,0.6,0.25,tpr,1.0
libri3,libri3,white,10.0,0.6,0.3,tpr,0.9677
libri3,libri3,white,10.0,0.6,0.35,tpr,0.9217
libri3,libri3,white,10.0,0.6,0.4,tpr,0.6359
libri3,libri3,white,10.0,0.6,0.45,tpr,0.4194
libri3,libri3,white,10.0,0.6,0.5,tpr,0.235
libri3,libri3,white,10.0,0.6,0.55,tpr,0.235
libri3,libri3,white,10.0,0.7,0.2,tpr,1.0
libri3,libri3,white,10.0,0.7,0.25,tpr,1.0
libri3,libri3,white,10.0,0.7,0.3,tpr,0.9677
libri3,libri3,white,10.0,0.7,0.35,tpr,0.7788
libri3,libri3,white,10.0,0.7,0.4,tpr,0.5668
libri3,libri3,white,10.0,0.7,0.45,tpr,0.235
libri3,libri3,white,10.0,0.7,0.5,tpr,0.235
libri3,libri3,white,10.0,0.7,0.55,tpr,0.0783
libri3,libri3,white,10.0,0.8,0.2,tpr,1.0
libri3,libri3,white,10.0,0.8,0.25,tpr,0.8571
libri3,libri3,white,10.0,0.8,0.3,tpr,0.8249
libri3,libri3,white,10.0,0.8,0.35,tpr,0.7097
libri3,libri3,white,10.0,0.8,0.4,tpr,0.3088
libri3,libri3,white,10.0,0.8,0.45,tpr,0.1567
libri3,libri3,white,10.0,0.8,0.5,tpr,0.0
libri3,libri3,white,10.0,0.8,0.55,tpr,0.0
libri3,libri3,white,10.0,0.9,0.2,tpr,0.8571
libri3,libri3,white,10.0,0.9,0.25,tpr,0.8571
libri3,libri3,white,10.0,0.9,0.3,tpr,0.8249
libri3,libri3,white,10.0,0.9,0.35,tpr,0.5806
libri3,libri3,white,10.0,0.9,0.4,tpr,0.235
libri3,libri3,white,10.0,0.9,0.45,tpr,0.0
libri3,libri3,white,10.0,0.9,0.5,tpr,0.0
libri3,libri3,white,10.0,0.9,0.55,tpr,0.0
libri3,libri3,white,10.0,1.0,0.2,tpr,0.8571
libri3,libri3,white,10.0,1.0,0.25,tpr,0.8571
libri3,libri3,white,10.0,1.0,0.3,tpr,0.6866
libri3,libri3,white,10.0,1.0,0.35,tpr,0.4654
libri3,libri3,white,10.0,1.0,0.4,tpr,0.0783
libri3,libri3,white,10.0,1.0,0.45,tpr,0.0
libri3,libri3,white,10.0,1.0,0.5,tpr,0.0
libri3,libri3,white,10.0,1.0,0.55,tpr,0.0
libri3,libri3,white,15.0,0.0,0.2,tpr,1.0
libri3,libri3,white,15.0,0.0,0.25,tpr,1.0
libri3,libri3,white,15.0,0.0,0.3,tpr,0.9217
libri3,libri3,white,15.0,0.0,0.35,tpr,0.7834
libri3,libri3,white,15.0,0.0,0.4,tpr,0.7834
libri3,libri3,white,15.0,0.0,0.45,tpr,0.7512
libri3,libri3,white,15.0,0.0,0.5,tpr,0.7143
libri3,libri3,white,15.0,0.0,0.55,tpr,0.5991
libri3,libri3,white,15.0,0.1,0.2,tpr,1.0
libri3,libri3,white,15.0,0.1,0.25,tpr,1.0
libri3,libri3,white,15.0,0.1,0.3,tpr,0.9217
libri3,libri3,white,15.0,0.1,0.35,tpr,0.8894
libri3,libri3,white,15.0,0.1,0.4,tpr,0.7834
libri3,libri3,white,15.0,0.1,0.45,tpr,0.7512
libri3,libri3,white,15.0,0.1,0.5,tpr,0.6774
libri3,libri3,white,15.0,0.1,0.55,tpr,0.5991
libri3,libri3,white,15.0,0.2,0.2,tpr,1.0
libri3,libri3,white,15.0,0.2,0.25,tpr,1.0
libri3,libri3,white,15.0,0.2,0.3,tpr,0.9217
libri3,libri3,white,15.0,0.2,0.35,tpr,0.8894
libri3,libri3,white,15.0,0.2,0.4,tpr,0.7834
libri3,libri3,white,15.0,0.2,0.45,tpr,0.7512
libri3,libri3,white,15.0,0.2,0.5,tpr,0.6774
libri3,libri3,white,15.0,0.2,0.55,tpr,0.5991
libri3,libri3,white,15.0,0.3,0.2,tpr,1.0
libri3,libri3,white,15.0,0.3,0.25,tpr,1.0
libri3,libri3,white,15.0,0.3,0.3,tpr,0.9217
libri3,libri3,white,15.0,0.3,0.35,tpr,0.8894
libri3,libri3,white,15.0,0.3,0.4,tpr,0.7512
libri3,libri3,white,15.0,0.3,0.45,tpr,0.7512
libri3,libri3,white,15.0,0.3,0.5,tpr,0.5991
libri3,libri3,white,15.0,0.3,0.55,tpr,0.5991
libri3,libri3,white,15.0,0.4,0.2,tpr,1.0
libri3,libri3,white,15.0,0.4,0.25,tpr,1.0
libri3,libri3,white,15.0,0.4,0.3,tpr,0.9217
libri3,libri3,white,15.0,0.4,0.35,tpr,0.8894
libri3,libri3,white,15.0,0.4,0.4,tpr,0.7512
libri3,libri3,white,15.0,0.4,0.45,tpr,0.6774
libri3,libri3,white,15.0,0.4,0.5,tpr,0.5991
libri3,libri3,white,15.0,0.4,0.55,tpr,0.4516
libri3,libri3,white,15.0,0.5,0.2,tpr,1.0
libri3,libri3,white,15.0,0.5,0.25,tpr,1.0
libri3,libri3,white,15.0,0.5,0.3,tpr,0.9217
libri3,libri3,white,15.0,0.5,0.35,tpr,0.8894
libri3,libri3,white,15.0,0.5,0.4,tpr,0.7512
libri3,libri3,white,15.0,0.5,0.45,tpr,0.6774
libri3,libri3,white,15.0,0.5,0.5,tpr,0.5991
libri3,libri3,white,15.0,0.5,0.55,tpr,0.3088
libri3,libri3,white,15.0,0.6,0.2,tpr,1.0
libri3,libri3,white,15.0,0.6,0.25,tpr,1.0
libri3,libri3,white,15.0,0.6,0.3,tpr,0.9217
libri3,libri3,white,15.0,0.6,0.35,tpr,0.8571
libri3,libri3,white,15.0,0.6,0.4,tpr,0.8249
libri3,libri3,white,15.0,0.6,0.45,tpr,0.4562
libri3,libri3,white,15.0,0.6,0.5,tpr,0.3088
libri3,libri3,white,15.0,0.6,0.55,tpr,0.235
libri3,libri3,white,15.0,0.7,0.2,tpr,1.0
libri3,libri3,white,15.0,0.7,0.25,tpr,1.0
libri3,libri3,white,15.0,0.7,0.3,tpr,0.9217
libri3,libri3,white,15.0,0.7,0.35,tpr,0.7143
libri3,libri3,white,15.0,0.7,0.4,tpr,0.6452
libri3,libri3,white,15.0,0.7,0.45,tpr,0.3088
libri3,libri3,white,15.0,0.7,0.5,tpr,0.235
libri3,libri3,white,15.0,0.7,0.55,tpr,0.0783
libri3,libri3,white,15.0,0.8,0.2,tpr,1.0
libri3,libri3,white,15.0,0.8,0.25,tpr,0.8571
libri3,libri3,white,15.0,0.8,0.3,tpr,0.7788
libri3,libri3,white,15.0,0.8,0.35,tpr,0.7143
libri3,libri3,white,15.0,0.8,0.4,tpr,0.6406
libri3,libri3,white,15.0,0.8,0.45,tpr,0.1567
libri3,libri3,white,15.0,0.8,0.5,tpr,0.0783
libri3,libri3,white,15.0,0.8,0.55,tpr,0.0783
libri3,libri3,white,15.0,0.9,0.2,tpr,0.8571
libri3,libri3,white,15.0,0.9,0.25,tpr,0.8571
libri3,libri3,white,15.0,0.9,0.3,tpr,0.7788
libri3,libri3,white,15.0,0.9,0.35,tpr,0.7465
libri3,libri3,white,15.0,0.9,0.4,tpr,0.341
libri3,libri3,white,15.0,0.9,0.45,tpr,0.0783
libri3,libri3,white,15.0,0.9,0.5,tpr,0.0783
libri3,libri3,white,15.0,0.9,0.55,tpr,0.0
libri3,libri3,white,15.0,1.0,0.2,tpr,0.8571
libri3,libri3,white,15.0,1.0,0.25,tpr,0.8571
libri3,libri3,white,15.0,1.0,0.3,tpr,0.788
libri3,libri3,white,15.0,1.0,0.35,tpr,0.5253
libri3,libri3,white,15.0,1.0,0.4,tpr,0.1935
libri3,libri3,white,15.0,1.0,0.45,tpr,0.1567
libri3,libri3,white,15.0,1.0,0.5,tpr,0.0
libri3,libri3,white,15.0,1.0,0.55,tpr,0.0
libri3,libri3,white,20.0,0.0,0.2,tpr,1.0
libri3,libri3,white,20.0,0.0,0.25,tpr,1.0
libri3,libri3,white,20.0,0.0,0.3,tpr,0.9217
libri3,libri3,white,20.0,0.0,0.35,tpr,0.7834
libri3,libri3,white,20.0,0.0,0.4,tpr,0.7834
libri3,libri3,white,20.0,0.0,0.45,tpr,0.7512
libri3,libri3,white,20.0,0.0,0.5,tpr,0.7143
libri3,libri3,white,20.0,0.0,0.55,tpr,0.6774
libri3,libri3,white,20.0,0.1,0.2,tpr,1.0
libri3,libri3,white,20.0,0.1,0.25,tpr,1.0
libri3,libri3,white,20.0,0.1,0.3,tpr,0.9217
libri3,libri3,white,20.0,0.1,0.35,tpr,0.8894
libri3,libri3,white,20.0,0.1,0.4,tpr,0.7834
libri3,libri3,white,20.0,0.1,0.45,tpr,0.7512
libri3,libri3,white,20.0,0.1,0.5,tpr,0.6774
libri3,libri3,white,20.0,0.1,0.55,tpr,0.5991
libri3,libri3,white,20.0,0.2,0.2,tpr,1.0
libri3,libri3,white,20.0,0.2,0.25,tpr,1.0
libri3,libri3,white,20.0,0.2,0.3,tpr,0.9217
libri3,libri3,white,20.0,0.2,0.35,tpr,0.8894
libri3,libri3,white,20.0,0.2,0.4,tpr,0.7834
libri3,libri3,white,20.0,0.2,0.45,tpr,0.7512
libri3,libri3,white,20.0,0.2,0.5,tpr,0.6774
libri3,libri3,white,20.0,0.2,0.55,tpr,0.5991
libri3,libri3,white,20.0,0.3,0.2,tpr,1.0
libri3,libri3,white,20.0,0.3,0.25,tpr,1.0
libri3,libri3,white,20.0,0.3,0.3,tpr,0.9585
libri3,libri3,white,20.0,0.3,0.35,tpr,0.8894
libri3,libri3,white,20.0,0.3,0.4,tpr,0.7512
libri3,libri3,white,20.0,0.3,0.45,tpr,0.7512
libri3,libri3,white,20.0,0.3,0.5,tpr,0.5991
libri3,libri3,white,20.0,0.3,0.55,tpr,0.5991
libri3,libri3,white,20.0,0.4,0.2,tpr,1.0
libri3,libri3,white,20.0,0.4,0.25,tpr,1.0
libri3,libri3,white,20.0,0.4,0.3,tpr,0.9954
libri3,libri3,white,20.0,0.4,0.35,tpr,0.8894
libri3,libri3,white,20.0,0.4,0.4,tpr,0.8249
libri3,libri3,white,20.0,0.4,0.45,tpr,0.7143
libri3,libri3,white,20.0,0.4,0.5,tpr,0.5991
libri3,libri3,white,20.0,0.4,0.55,tpr,0.5622
libri3,libri3,white,20.0,0.5,0.2,tpr,1.0
libri3,libri3,white,20.0,0.5,0.25,tpr,1.0
libri3,libri3,white,20.0,0.5,0.3,tpr,0.9954
libri3,libri3,white,20.0,0.5,0.35,tpr,0.8894
libri3,libri3,white,20.0,0.5,0.4,tpr,0.8571
libri3,libri3,white,20.0,0.5,0.45,tpr,0.7143
libri3,libri3,white,20.0,0.5,0.5,tpr,0.5991
libri3,libri3,white,20.0,0.5,0.55,tpr,0.3825
libri3,libri3,white,20.0,0.6,0.2,tpr,1.0
libri3,libri3,white,20.0,0.6,0.25,tpr,1.0
libri3,libri3,white,20.0,0.6,0.3,tpr,0.9954
libri3,libri3,white,20.0,0.6,0.35,tpr,0.9263
libri3,libri3,white,20.0,0.6,0.4,tpr,0.8203
libri3,libri3,white,20.0,0.6,0.45,tpr,0.5668
libri3,libri3,white,20.0,0.6,0.5,tpr,0.4194
libri3,libri3,white,20.0,0.6,0.55,tpr,0.235
libri3,libri3,white,20.0,0.7,0.2,tpr,1.0
libri3,libri3,white,20.0,0.7,0.25,tpr,1.0
libri3,libri3,white,20.0,0.7,0.3,tpr,1.0
libri3,libri3,white,20.0,0.7,0.35,tpr,0.8203
libri3,libri3,white,20.0,0.7,0.4,tpr,0.6774
libri3,libri3,white,20.0,0.7,0.45,tpr,0.53
libri3,libri3,white,20.0,0.7,0.5,tpr,0.3825
libri3,libri3,white,20.0,0.7,0.55,tpr,0.235
libri3,libri3,white,20.0,0.8,0.2,tpr,1.0
libri3,libri3,white,20.0,0.8,0.25,tpr,0.8571
libri3,libri3,white,20.0,0.8,0.3,tpr,0.8571
libri3,libri3,white,20.0,0.8,0.35,tpr,0.8203
libri3,libri3,white,20.0,0.8,0.4,tpr,0.6774
libri3,libri3,white,20.0,0.8,0.45,tpr,0.5253
libri3,libri3,white,20.0,0.8,0.5,tpr,0.3825
libri3,libri3,white,20.0,0.8,0.55,tpr,0.0783
libri3,libri3,white,20.0,0.9,0.2,tpr,0.8571
libri3,libri3,white,20.0,0.9,0.25,tpr,0.8571
libri3,libri3,white,20.0,0.9,0.3,tpr,0.8571
libri3,libri3,white,20.0,0.9,0.35,tpr,0.7512
libri3,libri3,white,20.0,0.9,0.4,tpr,0.5622
libri3,libri3,white,20.0,0.9,0.45,tpr,0.5253
libri3,libri3,white,20.0,0.9,0.5,tpr,0.1567
libri3,libri3,white,20.0,0.9,0.55,tpr,0.0783
libri3,libri3,white,20.0,1.0,0.2,tpr,0.8571
libri3,libri3,white,20.0,1.0,0.25,tpr,0.8571
libri3,libri3,white,20.0,1.0,0.3,tpr,0.8571
libri3,libri3,white,20.0,1.0,0.35,tpr,0.7143
libri3,libri3,white,20.0,1.0,0.4,tpr,0.5991
libri3,libri3,white,20.0,1.0,0.45,tpr,0.4147
libri3,libri3,white,20.0,1.0,0.5,tpr,0.1935
libri3,libri3,white,20.0,1.0,0.55,tpr,0.0
libri3,libri3,pink,-5.0,0.0,0.2,tpr,1.0
libri3,libri3,pink,-5.0,0.0,0.25,tpr,0.9631
libri3,libri3,pink,-5.0,0.0,0.3,tpr,0.7419
libri3,libri3,pink,-5.0,0.0,0.35,tpr,0.7419
libri3,libri3,pink,-5.0,0.0,0.4,tpr,0.7419
libri3,libri3,pink,-5.0,0.0,0.45,tpr,0.7419
libri3,libri3,pink,-5.0,0.0,0.5,tpr,0.6682
libri3,libri3,pink,-5.0,0.0,0.55,tpr,0.6682
libri3,libri3,pink,-5.0,0.1,0.2,tpr,1.0
libri3,libri3,pink,-5.0,0.1,0.25,tpr,0.9631
libri3,libri3,pink,-5.0,0.1,0.3,tpr,0.7419
libri3,libri3,pink,-5.0,0.1,0.35,tpr,0.7419
libri3,libri3,pink,-5.0,0.1,0.4,tpr,0.7419
libri3,libri3,pink,-5.0,0.1,0.45,tpr,0.7419
libri3,libri3,pink,-5.0,0.1,0.5,tpr,0.6682
libri3,libri3,pink,-5.0,0.1,0.55,tpr,0.6313
libri3,libri3,pink,-5.0,0.2,0.2,tpr,1.0
libri3,libri3,pink,-5.0,0.2,0.25,tpr,0.9631
libri3,libri3,pink,-5.0,0.2,0.3,tpr,0.7419
libri3,libri3,pink,-5.0,0.2,0.35,tpr,0.7419
libri3,libri3,pink,-5.0,0.2,0.4,tpr,0.7419
libri3,libri3,pink,-5.0,0.2,0.45,tpr,0.7051
libri3,libri3,pink,-5.0,0.2,0.5,tpr,0.6682
libri3,libri3,pink,-5.0,0.2,0.55,tpr,0.6313
libri3,libri3,pink,-5.0,0.3,0.2,tpr,1.0
libri3,libri3,pink,-5.0,0.3,0.25,tpr,0.9631
libri3,libri3,pink,-5.0,0.3,0.3,tpr,0.7419
libri3,libri3,pink,-5.0,0.3,0.35,tpr,0.7419
libri3,libri3,pink,-5.0,0.3,0.4,tpr,0.7419
libri3,libri3,pink,-5.0,0.3,0.45,tpr,0.6682
libri3,libri3,pink,-5.0,0.3,0.5,tpr,0.6313
libri3,libri3,pink,-5.0,0.3,0.55,tpr,0.5945
libri3,libri3,pink,-5.0,0.4,0.2,tpr,1.0
libri3,libri3,pink,-5.0,0.4,0.25,tpr,0.9631
libri3,libri3,pink,-5.0,0.4,0.3,tpr,0.7419
libri3,libri3,pink,-5.0,0.4,0.35,tpr,0.7419
libri3,libri3,pink,-5.0,0.4,0.4,tpr,0.7419
libri3,libri3,pink,-5.0,0.4,0.45,tpr,0.6313
libri3,libri3,pink,-5.0,0.4,0.5,tpr,0.6313
libri3,libri3,pink,-5.0,0.4,0.55,tpr,0.5945
libri3,libri3,pink,-5.0,0.5,0.2,tpr,1.0
libri3,libri3,pink,-5.0,0.5,0.25,tpr,0.9631
libri3,libri3,pink,-5.0,0.5,0.3,tpr,0.7742
libri3,libri3,pink,-5.0,0.5,0.35,tpr,0.7419
libri3,libri3,pink,-5.0,0.5,0.4,tpr,0.7419
libri3,libri3,pink,-5.0,0.5,0.45,tpr,0.6313
libri3,libri3,pink,-5.0,0.5,0.5,tpr,0.5945
libri3,libri3,pink,-5.0,0.5,0.55,tpr,0.3779
libri3,libri3,pink,-5.0,0.6,0.2,tpr,1.0
libri3,libri3,pink,-5.0,0.6,0.25,tpr,0.9631
libri3,libri3,pink,-5.0,0.6,0.3,tpr,0.7742
libri3,libri3,pink,-5.0,0.6,0.35,tpr,0.7419
libri3,libri3,pink,-5.0,0.6,0.4,tpr,0.6682
libri3,libri3,pink,-5.0,0.6,0.45,tpr,0.4885
libri3,libri3,pink,-5.0,0.6,0.5,tpr,0.3779
libri3,libri3,pink,-5.0,0.6,0.55,tpr,0.235
libri3,libri3,pink,-5.0,0.7,0.2,tpr,1.0
libri3,libri3,pink,-5.0,0.7,0.25,tpr,0.8525
libri3,libri3,pink,-5.0,0.7,0.3,tpr,0.7742
libri3,libri3,pink,-5.0,0.7,0.35,tpr,0.5991
libri3,libri3,pink,-5.0,0.7,0.4,tpr,0.4885
libri3,libri3,pink,-5.0,0.7,0.45,tpr,0.2719
libri3,libri3,pink,-5.0,0.7,0.5,tpr,0.0783
libri3,libri3,pink,-5.0,0.7,0.55,tpr,0.0
libri3,libri3,pink,-5.0,0.8,0.2,tpr,1.0
libri3,libri3,pink,-5.0,0.8,0.25,tpr,0.7834
libri3,libri3,pink,-5.0,0.8,0.3,tpr,0.6313
libri3,libri3,pink,-5.0,0.8,0.35,tpr,0.5622
libri3,libri3,pink,-5.0,0.8,0.4,tpr,0.3088
libri3,libri3,pink,-5.0,0.8,0.45,tpr,0.0
libri3,libri3,pink,-5.0,0.8,0.5,tpr,0.0
libri3,libri3,pink,-5.0,0.8,0.55,tpr,0.0
libri3,libri3,pink,-5.0,0.9,0.2,tpr,0.8525
libri3,libri3,pink,-5.0,0.9,0.25,tpr,0.7834
libri3,libri3,pink,-5.0,0.9,0.3,tpr,0.4885
libri3,libri3,pink,-5.0,0.9,0.35,tpr,0.341
libri3,libri3,pink,-5.0,0.9,0.4,tpr,0.0
libri3,libri3,pink,-5.0,0.9,0.45,tpr,0.0
libri3,libri3,pink,-5.0,0.9,0.5,tpr,0.0
libri3,libri3,pink,-5.0,0.9,0.55,tpr,0.0
libri3,libri3,pink,-5.0,1.0,0.2,tpr,0.8525
libri3,libri3,pink,-5.0,1.0,0.25,tpr,0.6406
libri3,libri3,pink,-5.0,1.0,0.3,tpr,0.3733
libri3,libri3,pink,-5.0,1.0,0.35,tpr,0.0783
libri3,libri3,pink,-5.0,1.0,0.4,tpr,0.0
libri3,libri3,pink,-5.0,1.0,0.45,tpr,0.0
libri3,libri3,pink,-5.0,1.0,0.5,tpr,0.0
libri3,libri3,pink,-5.0,1.0,0.55,tpr,0.0
libri3,libri3,pink,0.0,0.0,0.2,tpr,1.0
libri3,libri3,pink,0.0,0.0,0.25,tpr,1.0
libri3,libri3,pink,0.0,0.0,0.3,tpr,0.9585
libri3,libri3,pink,0.0,0.0,0.35,tpr,0.8894
libri3,libri3,pink,0.0,0.0,0.4,tpr,0.8203
libri3,libri3,pink,0.0,0.0,0.45,tpr,0.8203
libri3,libri3,pink,0.0,0.0,0.5,tpr,0.7512
libri3,libri3,pink,0.0,0.0,0.55,tpr,0.6359
libri3,libri3,pink,0.0,0.1,0.2,tpr,1.0
libri3,libri3,pink,0.0,0.1,0.25,tpr,1.0
libri3,libri3,pink,0.0,0.1,0.3,tpr,0.9585
libri3,libri3,pink,0.0,0.1,0.35,tpr,0.8894
libri3,libri3,pink,0.0,0.1,0.4,tpr,0.8203
libri3,libri3,pink,0.0,0.1,0.45,tpr,0.8203
libri3,libri3,pink,0.0,0.1,0.5,tpr,0.7512
libri3,libri3,pink,0.0,0.1,0.55,tpr,0.6359
libri3,libri3,pink,0.0,0.2,0.2,tpr,1.0
libri3,libri3,pink,0.0,0.2,0.25,tpr,1.0
libri3,libri3,pink,0.0,0.2,0.3,tpr,0.9585
libri3,libri3,pink,0.0,0.2,0.35,tpr,0.8894
libri3,libri3,pink,0.0,0.2,0.4,tpr,0.8203
libri3,libri3,pink,0.0,0.2,0.45,tpr,0.7834
libri3,libri3,pink,0.0,0.2,0.5,tpr,0.6359
libri3,libri3,pink,0.0,0.2,0.55,tpr,0.5991
libri3,libri3,pink,0.0,0.3,0.2,tpr,1.0
libri3,libri3,pink,0.0,0.3,0.25,tpr,1.0
libri3,libri3,pink,0.0,0.3,0.3,tpr,0.9585
libri3,libri3,pink,0.0,0.3,0.35,tpr,0.8894
libri3,libri3,pink,0.0,0.3,0.4,tpr,0.8203
libri3,libri3,pink,0.0,0.3,0.45,tpr,0.7512
libri3,libri3,pink,0.0,0.3,0.5,tpr,0.6359
libri3,libri3,pink,0.0,0.3,0.55,tpr,0.3733
libri3,libri3,pink,0.0,0.4,0.2,tpr,1.0
libri3,libri3,pink,0.0,0.4,0.25,tpr,1.0
libri3,libri3,pink,0.0,0.4,0.3,tpr,0.9585
libri3,libri3,pink,0.0,0.4,0.35,tpr,0.8894
libri3,libri3,pink,0.0,0.4,0.4,tpr,0.8203
libri3,libri3,pink,0.0,0.4,0.45,tpr,0.7512
libri3,libri3,pink,0.0,0.4,0.5,tpr,0.3733
libri3,libri3,pink,0.0,0.4,0.55,tpr,0.3364
libri3,libri3,pink,0.0,0.5,0.2,tpr,1.0
libri3,libri3,pink,0.0,0.5,0.25,tpr,1.0
libri3,libri3,pink,0.0,0.5,0.3,tpr,0.9585
libri3,libri3,pink,0.0,0.5,0.35,tpr,0.8894
libri3,libri3,pink,0.0,0.5,0.4,tpr,0.7512
libri3,libri3,pink,0.0,0.5,0.45,tpr,0.5576
libri3,libri3,pink,0.0,0.5,0.5,tpr,0.3733
libri3,libri3,pink,0.0,0.5,0.55,tpr,0.1935
libri3,libri3,pink,0.0,0.6,0.2,tpr,1.0
libri3,libri3,pink,0.0,0.6,0.25,tpr,1.0
libri3,libri3,pink,0.0,0.6,0.3,tpr,0.9585
libri3,libri3,pink,0.0,0.6,0.35,tpr,0.9217
libri3,libri3,pink,0.0,0.6,0.4,tpr,0.7512
libri3,libri3,pink,0.0,0.6,0.45,tpr,0.2304
libri3,libri3,pink,0.0,0.6,0.5,tpr,0.1935
libri3,libri3,pink,0.0,0.6,0.55,tpr,0.1567
libri3,libri3,pink,0.0,0.7,0.2,tpr,1.0
libri3,libri3,pink,0.0,0.7,0.25,tpr,1.0
libri3,libri3,pink,0.0,0.7,0.3,tpr,0.9585
libri3,libri3,pink,0.0,0.7,0.35,tpr,0.7465
libri3,libri3,pink,0.0,0.7,0.4,tpr,0.2673
libri3,libri3,pink,0.0,0.7,0.45,tpr,0.1935
libri3,libri3,pink,0.0,0.7,0.5,tpr,0.1567
libri3,libri3,pink,0.0,0.7,0.55,tpr,0.0783
libri3,libri3,pink,0.0,0.8,0.2,tpr,1.0
libri3,libri3,pink,0.0,0.8,0.25,tpr,0.8571
libri3,libri3,pink,0.0,0.8,0.3,tpr,0.8157
libri3,libri3,pink,0.0,0.8,0.35,tpr,0.5668
libri3,libri3,pink,0.0,0.8,0.4,tpr,0.2304
libri3,libri3,pink,0.0,0.8,0.45,tpr,0.0783
libri3,libri3,pink,0.0,0.8,0.5,tpr,0.0
libri3,libri3,pink,0.0,0.8,0.55,tpr,0.0
libri3,libri3,pink,0.0,0.9,0.2,tpr,0.8571
libri3,libri3,pink,0.0,0.9,0.25,tpr,0.8571
libri3,libri3,pink,0.0,0.9,0.3,tpr,0.7097
libri3,libri3,pink,0.0,0.9,0.35,tpr,0.4194
libri3,libri3,pink,0.0,0.9,0.4,tpr,0.0783
libri3,libri3,pink,0.0,0.9,0.45,tpr,0.0
libri3,libri3,pink,0.0,0.9,0.5,tpr,0.0
libri3,libri3,pink,0.0,0.9,0.55,tpr,0.0
libri3,libri3,pink,0.0,1.0,0.2,tpr,0.8571
libri3,libri3,pink,0.0,1.0,0.25,tpr,0.8571
libri3,libri3,pink,0.0,1.0,0.3,tpr,0.7097
libri3,libri3,pink,0.0,1.0,0.35,tpr,0.3134
libri3,libri3,pink,0.0,1.0,0.4,tpr,0.0
libri3,libri3,pink,0.0,1.0,0.45,tpr,0.0
libri3,libri3,pink,0.0,1.0,0.5,tpr,0.0
libri3,libri3,pink,0.0,1.0,0.55,tpr,0.0
libri3,libri3,pink,5.0,0.0,0.2,tpr,1.0
libri3,libri3,pink,5.0,0.0,0.25,tpr,1.0
libri3,libri3,pink,5.0,0.0,0.3,tpr,0.9217
libri3,libri3,pink,5.0,0.0,0.35,tpr,0.8894
libri3,libri3,pink,5.0,0.0,0.4,tpr,0.8203
libri3,libri3,pink,5.0,0.0,0.45,tpr,0.8203
libri3,libri3,pink,5.0,0.0,0.5,tpr,0.7465
libri3,libri3,pink,5.0,0.0,0.55,tpr,0.6728
libri3,libri3,pink,5.0,0.1,0.2,tpr,1.0
libri3,libri3,pink,5.0,0.1,0.25,tpr,1.0
libri3,libri3,pink,5.0,0.1,0.3,tpr,0.9217
libri3,libri3,pink,5.0,0.1,0.35,tpr,0.8894
libri3,libri3,pink,5.0,0.1,0.4,tpr,0.8203
libri3,libri3,pink,5.0,0.1,0.45,tpr,0.7834
libri3,libri3,pink,5.0,0.1,0.5,tpr,0.6728
libri3,libri3,pink,5.0,0.1,0.55,tpr,0.6359
libri3,libri3,pink,5.0,0.2,0.2,tpr,1.0
libri3,libri3,pink,5.0,0.2,0.25,tpr,1.0
libri3,libri3,pink,5.0,0.2,0.3,tpr,0.9217
libri3,libri3,pink,5.0,0.2,0.35,tpr,0.8894
libri3,libri3,pink,5.0,0.2,0.4,tpr,0.8203
libri3,libri3,pink,5.0,0.2,0.45,tpr,0.7834
libri3,libri3,pink,5.0,0.2,0.5,tpr,0.6728
libri3,libri3,pink,5.0,0.2,0.55,tpr,0.5991
libri3,libri3,pink,5.0,0.3,0.2,tpr,1.0
libri3,libri3,pink,5.0,0.3,0.25,tpr,1.0
libri3,libri3,pink,5.0,0.3,0.3,tpr,0.8894
libri3,libri3,pink,5.0,0.3,0.35,tpr,0.8894
libri3,libri3,pink,5.0,0.3,0.4,tpr,0.7834
libri3,libri3,pink,5.0,0.3,0.45,tpr,0.7097
libri3,libri3,pink,5.0,0.3,0.5,tpr,0.6359
libri3,libri3,pink,5.0,0.3,0.55,tpr,0.5991
libri3,libri3,pink,5.0,0.4,0.2,tpr,1.0
libri3,libri3,pink,5.0,0.4,0.25,tpr,1.0
libri3,libri3,pink,5.0,0.4,0.3,tpr,0.8894
libri3,libri3,pink,5.0,0.4,0.35,tpr,0.8894
libri3,libri3,pink,5.0,0.4,0.4,tpr,0.8525
libri3,libri3,pink,5.0,0.4,0.45,tpr,0.7097
libri3,libri3,pink,5.0,0.4,0.5,tpr,0.5991
libri3,libri3,pink,5.0,0.4,0.55,tpr,0.5622
libri3,libri3,pink,5.0,0.5,0.2,tpr,1.0
libri3,libri3,pink,5.0,0.5,0.25,tpr,1.0
libri3,libri3,pink,5.0,0.5,0.3,tpr,0.9355
libri3,libri3,pink,5.0,0.5,0.35,tpr,0.8525
libri3,libri3,pink,5.0,0.5,0.4,tpr,0.8525
libri3,libri3,pink,5.0,0.5,0.45,tpr,0.6359
libri3,libri3,pink,5.0,0.5,0.5,tpr,0.5991
libri3,libri3,pink,5.0,0.5,0.55,tpr,0.3825
libri3,libri3,pink,5.0,0.6,0.2,tpr,1.0
libri3,libri3,pink,5.0,0.6,0.25,tpr,1.0
libri3,libri3,pink,5.0,0.6,0.3,tpr,0.9355
libri3,libri3,pink,5.0,0.6,0.35,tpr,0.8525
libri3,libri3,pink,5.0,0.6,0.4,tpr,0.7788
libri3,libri3,pink,5.0,0.6,0.45,tpr,0.4931
libri3,libri3,pink,5.0,0.6,0.5,tpr,0.4194
libri3,libri3,pink,5.0,0.6,0.55,tpr,0.3041
libri3,libri3,pink,5.0,0.7,0.2,tpr,1.0
libri3,libri3,pink,5.0,0.7,0.25,tpr,1.0
libri3,libri3,pink,5.0,0.7,0.3,tpr,0.9355
libri3,libri3,pink,5.0,0.7,0.35,tpr,0.7097
libri3,libri3,pink,5.0,0.7,0.4,tpr,0.5622
libri3,libri3,pink,5.0,0.7,0.45,tpr,0.3779
libri3,libri3,pink,5.0,0.7,0.5,tpr,0.3041
libri3,libri3,pink,5.0,0.7,0.55,tpr,0.1567
libri3,libri3,pink,5.0,0.8,0.2,tpr,1.0
libri3,libri3,pink,5.0,0.8,0.25,tpr,0.8571
libri3,libri3,pink,5.0,0.8,0.3,tpr,0.788
libri3,libri3,pink,5.0,0.8,0.35,tpr,0.5622
libri3,libri3,pink,5.0,0.8,0.4,tpr,0.4516
libri3,libri3,pink,5.0,0.8,0.45,tpr,0.4194
libri3,libri3,pink,5.0,0.8,0.5,tpr,0.1567
libri3,libri3,pink,5.0,0.8,0.55,tpr,0.0783
libri3,libri3,pink,5.0,0.9,0.2,tpr,0.8571
libri3,libri3,pink,5.0,0.9,0.25,tpr,0.8571
libri3,libri3,pink,5.0,0.9,0.3,tpr,0.788
libri3,libri3,pink,5.0,0.9,0.35,tpr,0.5346
libri3,libri3,pink,5.0,0.9,0.4,tpr,0.4516
libri3,libri3,pink,5.0,0.9,0.45,tpr,0.4194
libri3,libri3,pink,5.0,0.9,0.5,tpr,0.0783
libri3,libri3,pink,5.0,0.9,0.55,tpr,0.0
libri3,libri3,pink,5.0,1.0,0.2,tpr,0.8571
libri3,libri3,pink,5.0,1.0,0.25,tpr,0.8571
libri3,libri3,pink,5.0,1.0,0.3,tpr,0.6406
libri3,libri3,pink,5.0,1.0,0.35,tpr,0.4977
libri3,libri3,pink,5.0,1.0,0.4,tpr,0.4516
libri3,libri3,pink,5.0,1.0,0.45,tpr,0.1567
libri3,libri3,pink,5.0,1.0,0.5,tpr,0.0
libri3,libri3,pink,5.0,1.0,0.55,tpr,0.0
libri3,libri3,pink,10.0,0.0,0.2,tpr,1.0
libri3,libri3,pink,10.0,0.0,0.25,tpr,1.0
libri3,libri3,pink,10.0,0.0,0.3,tpr,0.8894
libri3,libri3,pink,10.0,0.0,0.35,tpr,0.7834
libri3,libri3,pink,10.0,0.0,0.4,tpr,0.7834
libri3,libri3,pink,10.0,0.0,0.45,tpr,0.7512
libri3,libri3,pink,10.0,0.0,0.5,tpr,0.5991
libri3,libri3,pink,10.0,0.0,0.55,tpr,0.5991
libri3,libri3,pink,10.0,0.1,0.2,tpr,1.0
libri3,libri3,pink,10.0,0.1,0.25,tpr,1.0
libri3,libri3,pink,10.0,0.1,0.3,tpr,0.8894
libri3,libri3,pink,10.0,0.1,0.35,tpr,0.8894
libri3,libri3,pink,10.0,0.1,0.4,tpr,0.7834
libri3,libri3,pink,10.0,0.1,0.45,tpr,0.7512
libri3,libri3,pink,10.0,0.1,0.5,tpr,0.5991
libri3,libri3,pink,10.0,0.1,0.55,tpr,0.5991
libri3,libri3,pink,10.0,0.2,0.2,tpr,1.0
libri3,libri3,pink,10.0,0.2,0.25,tpr,1.0
libri3,libri3,pink,10.0,0.2,0.3,tpr,0.8894
libri3,libri3,pink,10.0,0.2,0.35,tpr,0.8894
libri3,libri3,pink,10.0,0.2,0.4,tpr,0.7834
libri3,libri3,pink,10.0,0.2,0.45,tpr,0.7143
libri3,libri3,pink,10.0,0.2,0.5,tpr,0.5991
libri3,libri3,pink,10.0,0.2,0.55,tpr,0.5991
libri3,libri3,pink,10.0,0.3,0.2,tpr,1.0
libri3,libri3,pink,10.0,0.3,0.25,tpr,1.0
libri3,libri3,pink,10.0,0.3,0.3,tpr,0.8894
libri3,libri3,pink,10.0,0.3,0.35,tpr,0.8894
libri3,libri3,pink,10.0,0.3,0.4,tpr,0.7512
libri3,libri3,pink,10.0,0.3,0.45,tpr,0.7143
libri3,libri3,pink,10.0,0.3,0.5,tpr,0.5991
libri3,libri3,pink,10.0,0.3,0.55,tpr,0.5622
libri3,libri3,pink,10.0,0.4,0.2,tpr,1.0
libri3,libri3,pink,10.0,0.4,0.25,tpr,1.0
libri3,libri3,pink,10.0,0.4,0.3,tpr,0.8894
libri3,libri3,pink,10.0,0.4,0.35,tpr,0.8894
libri3,libri3,pink,10.0,0.4,0.4,tpr,0.7512
libri3,libri3,pink,10.0,0.4,0.45,tpr,0.6359
libri3,libri3,pink,10.0,0.4,0.5,tpr,0.5991
libri3,libri3,pink,10.0,0.4,0.55,tpr,0.5253
libri3,libri3,pink,10.0,0.5,0.2,tpr,1.0
libri3,libri3,pink,10.0,0.5,0.25,tpr,1.0
libri3,libri3,pink,10.0,0.5,0.3,tpr,1.0
libri3,libri3,pink,10.0,0.5,0.35,tpr,0.8894
libri3,libri3,pink,10.0,0.5,0.4,tpr,0.788
libri3,libri3,pink,10.0,0.5,0.45,tpr,0.6359
libri3,libri3,pink,10.0,0.5,0.5,tpr,0.5253
libri3,libri3,pink,10.0,0.5,0.55,tpr,0.3825
libri3,libri3,pink,10.0,0.6,0.2,tpr,1.0
libri3,libri3,pink,10.0,0.6,0.25,tpr,1.0
libri3,libri3,pink,10.0,0.6,0.3,tpr,1.0
libri3,libri3,pink,10.0,0.6,0.35,tpr,0.8571
libri3,libri3,pink,10.0,0.6,0.4,tpr,0.788
libri3,libri3,pink,10.0,0.6,0.45,tpr,0.4562
libri3,libri3,pink,10.0,0.6,0.5,tpr,0.3825
libri3,libri3,pink,10.0,0.6,0.55,tpr,0.235
libri3,libri3,pink,10.0,0.7,0.2,tpr,1.0
libri3,libri3,pink,10.0,0.7,0.25,tpr,1.0
libri3,libri3,pink,10.0,0.7,0.3,tpr,1.0
libri3,libri3,pink,10.0,0.7,0.35,tpr,0.7143
libri3,libri3,pink,10.0,0.7,0.4,tpr,0.6083
libri3,libri3,pink,10.0,0.7,0.45,tpr,0.3825
libri3,libri3,pink,10.0,0.7,0.5,tpr,0.3825
libri3,libri3,pink,10.0,0.7,0.55,tpr,0.0783
libri3,libri3,pink,10.0,0.8,0.2,tpr,1.0
libri3,libri3,pink,10.0,0.8,0.25,tpr,0.8571
libri3,libri3,pink,10.0,0.8,0.3,tpr,0.8571
libri3,libri3,pink,10.0,0.8,0.35,tpr,0.6774
libri3,libri3,pink,10.0,0.8,0.4,tpr,0.4931
libri3,libri3,pink,10.0,0.8,0.45,tpr,0.3041
libri3,libri3,pink,10.0,0.8,0.5,tpr,0.0783
libri3,libri3,pink,10.0,0.8,0.55,tpr,0.0783
libri3,libri3,pink,10.0,0.9,0.2,tpr,0.8571
libri3,libri3,pink,10.0,0.9,0.25,tpr,0.8571
libri3,libri3,pink,10.0,0.9,0.3,tpr,0.8571
libri3,libri3,pink,10.0,0.9,0.35,tpr,0.6359
libri3,libri3,pink,10.0,0.9,0.4,tpr,0.4562
libri3,libri3,pink,10.0,0.9,0.45,tpr,0.3041
libri3,libri3,pink,10.0,0.9,0.5,tpr,0.0783
libri3,libri3,pink,10.0,0.9,0.55,tpr,0.0
libri3,libri3,pink,10.0,1.0,0.2,tpr,0.8571
libri3,libri3,pink,10.0,1.0,0.25,tpr,0.8571
libri3,libri3,pink,10.0,1.0,0.3,tpr,0.8249
libri3,libri3,pink,10.0,1.0,0.35,tpr,0.682
libri3,libri3,pink,10.0,1.0,0.4,tpr,0.3779
libri3,libri3,pink,10.0,1.0,0.45,tpr,0.1935
libri3,libri3,pink,10.0,1.0,0.5,tpr,0.0
libri3,libri3,pink,10.0,1.0,0.55,tpr,0.0
libri3,libri3,pink,15.0,0.0,0.2,tpr,1.0
libri3,libri3,pink,15.0,0.0,0.25,tpr,0.9585
libri3,libri3,pink,15.0,0.0,0.3,tpr,0.9217
libri3,libri3,pink,15.0,0.0,0.35,tpr,0.7834
libri3,libri3,pink,15.0,0.0,0.4,tpr,0.7834
libri3,libri3,pink,15.0,0.0,0.45,tpr,0.7512
libri3,libri3,pink,15.0,0.0,0.5,tpr,0.6774
libri3,libri3,pink,15.0,0.0,0.55,tpr,0.6774
libri3,libri3,pink,15.0,0.1,0.2,tpr,1.0
libri3,libri3,pink,15.0,0.1,0.25,tpr,1.0
libri3,libri3,pink,15.0,0.1,0.3,tpr,0.9217
libri3,libri3,pink,15.0,0.1,0.35,tpr,0.8894
libri3,libri3,pink,15.0,0.1,0.4,tpr,0.7834
libri3,libri3,pink,15.0,0.1,0.45,tpr,0.7512
libri3,libri3,pink,15.0,0.1,0.5,tpr,0.6774
libri3,libri3,pink,15.0,0.1,0.55,tpr,0.5991
libri3,libri3,pink,15.0,0.2,0.2,tpr,1.0
libri3,libri3,pink,15.0,0.2,0.25,tpr,1.0
libri3,libri3,pink,15.0,0.2,0.3,tpr,0.9217
libri3,libri3,pink,15.0,0.2,0.35,tpr,0.8894
libri3,libri3,pink,15.0,0.2,0.4,tpr,0.7834
libri3,libri3,pink,15.0,0.2,0.45,tpr,0.7512
libri3,libri3,pink,15.0,0.2,0.5,tpr,0.6774
libri3,libri3,pink,15.0,0.2,0.55,tpr,0.5991
libri3,libri3,pink,15.0,0.3,0.2,tpr,1.0
libri3,libri3,pink,15.0,0.3,0.25,tpr,1.0
libri3,libri3,pink,15.0,0.3,0.3,tpr,1.0
libri3,libri3,pink,15.0,0.3,0.35,tpr,0.8894
libri3,libri3,pink,15.0,0.3,0.4,tpr,0.7512
libri3,libri3,pink,15.0,0.3,0.45,tpr,0.7143
libri3,libri3,pink,15.0,0.3,0.5,tpr,0.5991
libri3,libri3,pink,15.0,0.3,0.55,tpr,0.5991
libri3,libri3,pink,15.0,0.4,0.2,tpr,1.0
libri3,libri3,pink,15.0,0.4,0.25,tpr,1.0
libri3,libri3,pink,15.0,0.4,0.3,tpr,1.0
libri3,libri3,pink,15.0,0.4,0.35,tpr,0.8894
libri3,libri3,pink,15.0,0.4,0.4,tpr,0.8571
libri3,libri3,pink,15.0,0.4,0.45,tpr,0.7143
libri3,libri3,pink,15.0,0.4,0.5,tpr,0.5991
libri3,libri3,pink,15.0,0.4,0.55,tpr,0.5991
libri3,libri3,pink,15.0,0.5,0.2,tpr,1.0
libri3,libri3,pink,15.0,0.5,0.25,tpr,1.0
libri3,libri3,pink,15.0,0.5,0.3,tpr,1.0
libri3,libri3,pink,15.0,0.5,0.35,tpr,0.9631
libri3,libri3,pink,15.0,0.5,0.4,tpr,0.8571
libri3,libri3,pink,15.0,0.5,0.45,tpr,0.7143
libri3,libri3,pink,15.0,0.5,0.5,tpr,0.5991
libri3,libri3,pink,15.0,0.5,0.55,tpr,0.235
libri3,libri3,pink,15.0,0.6,0.2,tpr,1.0
libri3,libri3,pink,15.0,0.6,0.25,tpr,1.0
libri3,libri3,pink,15.0,0.6,0.3,tpr,1.0
libri3,libri3,pink,15.0,0.6,0.35,tpr,0.9677
libri3,libri3,pink,15.0,0.6,0.4,tpr,0.8571
libri3,libri3,pink,15.0,0.6,0.45,tpr,0.4931
libri3,libri3,pink,15.0,0.6,0.5,tpr,0.4562
libri3,libri3,pink,15.0,0.6,0.55,tpr,0.235
libri3,libri3,pink,15.0,0.7,0.2,tpr,1.0
libri3,libri3,pink,15.0,0.7,0.25,tpr,1.0
libri3,libri3,pink,15.0,0.7,0.3,tpr,1.0
libri3,libri3,pink,15.0,0.7,0.35,tpr,0.7926
libri3,libri3,pink,15.0,0.7,0.4,tpr,0.7512
libri3,libri3,pink,15.0,0.7,0.45,tpr,0.5668
libri3,libri3,pink,15.0,0.7,0.5,tpr,0.235
libri3,libri3,pink,15.0,0.7,0.55,tpr,0.235
libri3,libri3,pink,15.0,0.8,0.2,tpr,1.0
libri3,libri3,pink,15.0,0.8,0.25,tpr,0.8571
libri3,libri3,pink,15.0,0.8,0.3,tpr,0.8571
libri3,libri3,pink,15.0,0.8,0.35,tpr,0.7926
libri3,libri3,pink,15.0,0.8,0.4,tpr,0.7558
libri3,libri3,pink,15.0,0.8,0.45,tpr,0.5622
libri3,libri3,pink,15.0,0.8,0.5,tpr,0.235
libri3,libri3,pink,15.0,0.8,0.55,tpr,0.0783
libri3,libri3,pink,15.0,0.9,0.2,tpr,0.8571
libri3,libri3,pink,15.0,0.9,0.25,tpr,0.8571
libri3,libri3,pink,15.0,0.9,0.3,tpr,0.8571
libri3,libri3,pink,15.0,0.9,0.35,tpr,0.7926
libri3,libri3,pink,15.0,0.9,0.4,tpr,0.6774
libri3,libri3,pink,15.0,0.9,0.45,tpr,0.341
libri3,libri3,pink,15.0,0.9,0.5,tpr,0.0783
libri3,libri3,pink,15.0,0.9,0.55,tpr,0.0783
libri3,libri3,pink,15.0,1.0,0.2,tpr,0.8571
libri3,libri3,pink,15.0,1.0,0.25,tpr,0.8571
libri3,libri3,pink,15.0,1.0,0.3,tpr,0.8571
libri3,libri3,pink,15.0,1.0,0.35,tpr,0.7926
libri3,libri3,pink,15.0,1.0,0.4,tpr,0.6774
libri3,libri3,pink,15.0,1.0,0.45,tpr,0.3779
libri3,libri3,pink,15.0,1.0,0.5,tpr,0.1567
libri3,libri3,pink,15.0,1.0,0.55,tpr,0.0
libri3,libri3,pink,20.0,0.0,0.2,tpr,1.0
libri3,libri3,pink,20.0,0.0,0.25,tpr,1.0
libri3,libri3,pink,20.0,0.0,0.3,tpr,0.8894
libri3,libri3,pink,20.0,0.0,0.35,tpr,0.7512
libri3,libri3,pink,20.0,0.0,0.4,tpr,0.7143
libri3,libri3,pink,20.0,0.0,0.45,tpr,0.7143
libri3,libri3,pink,20.0,0.0,0.5,tpr,0.6359
libri3,libri3,pink,20.0,0.0,0.55,tpr,0.5991
libri3,libri3,pink,20.0,0.1,0.2,tpr,1.0
libri3,libri3,pink,20.0,0.1,0.25,tpr,1.0
libri3,libri3,pink,20.0,0.1,0.3,tpr,0.9217
libri3,libri3,pink,20.0,0.1,0.35,tpr,0.8571
libri3,libri3,pink,20.0,0.1,0.4,tpr,0.7512
libri3,libri3,pink,20.0,0.1,0.45,tpr,0.7143
libri3,libri3,pink,20.0,0.1,0.5,tpr,0.5991
libri3,libri3,pink,20.0,0.1,0.55,tpr,0.4885
libri3,libri3,pink,20.0,0.2,0.2,tpr,1.0
libri3,libri3,pink,20.0,0.2,0.25,tpr,1.0
libri3,libri3,pink,20.0,0.2,0.3,tpr,0.9217
libri3,libri3,pink,20.0,0.2,0.35,tpr,0.8571
libri3,libri3,pink,20.0,0.2,0.4,tpr,0.7512
libri3,libri3,pink,20.0,0.2,0.45,tpr,0.7143
libri3,libri3,pink,20.0,0.2,0.5,tpr,0.5991
libri3,libri3,pink,20.0,0.2,0.55,tpr,0.4885
libri3,libri3,pink,20.0,0.3,0.2,tpr,1.0
libri3,libri3,pink,20.0,0.3,0.25,tpr,1.0
libri3,libri3,pink,20.0,0.3,0.3,tpr,0.9954
libri3,libri3,pink,20.0,0.3,0.35,tpr,0.8571
libri3,libri3,pink,20.0,0.3,0.4,tpr,0.8249
libri3,libri3,pink,20.0,0.3,0.45,tpr,0.7143
libri3,libri3,pink,20.0,0.3,0.5,tpr,0.5991
libri3,libri3,pink,20.0,0.3,0.55,tpr,0.4516
libri3,libri3,pink,20.0,0.4,0.2,tpr,1.0
libri3,libri3,pink,20.0,0.4,0.25,tpr,1.0
libri3,libri3,pink,20.0,0.4,0.3,tpr,1.0
libri3,libri3,pink,20.0,0.4,0.35,tpr,0.8571
libri3,libri3,pink,20.0,0.4,0.4,tpr,0.8571
libri3,libri3,pink,20.0,0.4,0.45,tpr,0.7143
libri3,libri3,pink,20.0,0.4,0.5,tpr,0.5991
libri3,libri3,pink,20.0,0.4,0.55,tpr,0.4516
libri3,libri3,pink,20.0,0.5,0.2,tpr,1.0
libri3,libri3,pink,20.0,0.5,0.25,tpr,1.0
libri3,libri3,pink,20.0,0.5,0.3,tpr,1.0
libri3,libri3,pink,20.0,0.5,0.35,tpr,0.9631
libri3,libri3,pink,20.0,0.5,0.4,tpr,0.8571
libri3,libri3,pink,20.0,0.5,0.45,tpr,0.7143
libri3,libri3,pink,20.0,0.5,0.5,tpr,0.5991
libri3,libri3,pink,20.0,0.5,0.55,tpr,0.3088
libri3,libri3,pink,20.0,0.6,0.2,tpr,1.0
libri3,libri3,pink,20.0,0.6,0.25,tpr,1.0
libri3,libri3,pink,20.0,0.6,0.3,tpr,1.0
libri3,libri3,pink,20.0,0.6,0.35,tpr,0.9954
libri3,libri3,pink,20.0,0.6,0.4,tpr,0.8571
libri3,libri3,pink,20.0,0.6,0.45,tpr,0.5991
libri3,libri3,pink,20.0,0.6,0.5,tpr,0.3456
libri3,libri3,pink,20.0,0.6,0.55,tpr,0.3088
libri3,libri3,pink,20.0,0.7,0.2,tpr,1.0
libri3,libri3,pink,20.0,0.7,0.25,tpr,1.0
libri3,libri3,pink,20.0,0.7,0.3,tpr,1.0
libri3,libri3,pink,20.0,0.7,0.35,tpr,0.8525
libri3,libri3,pink,20.0,0.7,0.4,tpr,0.788
libri3,libri3,pink,20.0,0.7,0.45,tpr,0.5991
libri3,libri3,pink,20.0,0.7,0.5,tpr,0.3088
libri3,libri3,pink,20.0,0.7,0.55,tpr,0.235
libri3,libri3,pink,20.0,0.8,0.2,tpr,1.0
libri3,libri3,pink,20.0,0.8,0.25,tpr,0.8571
libri3,libri3,pink,20.0,0.8,0.3,tpr,0.8571
libri3,libri3,pink,20.0,0.8,0.35,tpr,0.8571
libri3,libri3,pink,20.0,0.8,0.4,tpr,0.8203
libri3,libri3,pink,20.0,0.8,0.45,tpr,0.5622
libri3,libri3,pink,20.0,0.8,0.5,tpr,0.3825
libri3,libri3,pink,20.0,0.8,0.55,tpr,0.1567
libri3,libri3,pink,20.0,0.9,0.2,tpr,0.8571
libri3,libri3,pink,20.0,0.9,0.25,tpr,0.8571
libri3,libri3,pink,20.0,0.9,0.3,tpr,0.8571
libri3,libri3,pink,20.0,0.9,0.35,tpr,0.8571
libri3,libri3,pink,20.0,0.9,0.4,tpr,0.8203
libri3,libri3,pink,20.0,0.9,0.45,tpr,0.6359
libri3,libri3,pink,20.0,0.9,0.5,tpr,0.341
libri3,libri3,pink,20.0,0.9,0.55,tpr,0.0783
libri3,libri3,pink,20.0,1.0,0.2,tpr,0.8571
libri3,libri3,pink,20.0,1.0,0.25,tpr,0.8571
libri3,libri3,pink,20.0,1.0,0.3,tpr,0.8571
libri3,libri3,pink,20.0,1.0,0.35,tpr,0.8571
libri3,libri3,pink,20.0,1.0,0.4,tpr,0.8203
libri3,libri3,pink,20.0,1.0,0.45,tpr,0.6728
libri3,libri3,pink,20.0,1.0,0.5,tpr,0.2673
libri3,libri3,pink,20.0,1.0,0.55,tpr,0.0783
